ID_Orden,Producto,Cantidad,Fecha_Compra,Direccion,Precio_Unitario,Mes,Venta_Total
1000,Monitor 4K,4,2025-10-21 13:27:00,Sevilla,399,10,1596
1001,Teclado Mecánico,2,2025-04-08 23:39:00,Madrid,120,4,240
1002,Cargador USB-C,3,2025-08-05 00:29:00,Valencia,25,8,75
1003,Cargador USB-C,2,2025-01-12 06:52:00,Sevilla,25,1,50
1004,Cargador USB-C,4,2025-11-04 18:52:00,Barcelona,25,11,100
1005,Cargador USB-C,3,2025-07-20 01:39:00,Sevilla,25,7,75
1006,MacBook Pro,4,2025-06-01 18:39:00,Valencia,1499,6,5996
1007,Cargador USB-C,2,2025-02-04 19:57:00,Barcelona,25,2,50
1008,Teclado Mecánico,2,2025-06-10 17:27:00,Sevilla,120,6,240
1009,Cargador USB-C,3,2025-10-12 23:34:00,Barcelona,25,10,75
1010,Monitor 4K,1,2025-07-30 14:41:00,Sevilla,399,7,399
1011,Google Pixel 8,2,2025-10-07 00:55:00,Bilbao,699,10,1398
1012,Monitor 4K,4,2025-07-04 18:02:00,Valencia,399,7,1596
1013,Cargador USB-C,2,2025-09-11 11:57:00,Bilbao,25,9,50
1014,Cargador USB-C,4,2025-04-08 04:49:00,Valencia,25,4,100
1015,MacBook Pro,2,2025-10-02 03:17:00,Madrid,1499,10,2998
1016,Google Pixel 8,3,2025-06-28 17:42:00,Valencia,699,6,2097
1018,Teclado Mecánico,4,2025-10-24 04:30:00,Barcelona,120,10,480
1020,Teclado Mecánico,2,2025-07-01 17:54:00,Sevilla,120,7,240
1021,Cargador USB-C,2,2025-02-14 15:23:00,Barcelona,25,2,50
1022,Cargador USB-C,3,2025-08-09 10:46:00,Barcelona,25,8,75
1023,Monitor 4K,4,2025-06-21 01:10:00,Valencia,399,6,1596
1024,Monitor 4K,1,2025-07-02 21:28:00,Barcelona,399,7,399
1025,iPhone 15,1,2025-01-31 14:03:00,Barcelona,999,1,999
1026,AirPods Pro,3,2025-01-26 22:39:00,Bilbao,249,1,747
1027,iPhone 15,3,2025-03-23 21:04:00,Barcelona,999,3,2997
1028,Cargador USB-C,4,2025-10-07 20:45:00,Barcelona,25,10,100
1029,Teclado Mecánico,4,2025-03-26 14:31:00,Madrid,120,3,480
1030,iPhone 15,1,2025-09-25 11:46:00,Valencia,999,9,999
1032,iPhone 15,3,2025-10-18 22:08:00,Madrid,999,10,2997
1033,Cargador USB-C,4,2025-07-25 22:11:00,Valencia,25,7,100
1034,Teclado Mecánico,4,2025-09-19 17:43:00,Madrid,120,9,480
1035,Google Pixel 8,1,2025-12-17 07:15:00,Barcelona,699,12,699
1036,iPhone 15,1,2025-05-14 06:25:00,Barcelona,999,5,999
1037,MacBook Pro,1,2025-10-30 19:20:00,Valencia,1499,10,1499
1038,MacBook Pro,3,2025-06-24 15:46:00,Sevilla,1499,6,4497
1039,Google Pixel 8,1,2025-08-15 08:51:00,Bilbao,699,8,699
1040,Teclado Mecánico,1,2025-11-29 01:04:00,Valencia,120,11,120
1041,MacBook Pro,2,2025-02-06 05:45:00,Barcelona,1499,2,2998
1043,iPhone 15,1,2025-10-28 04:21:00,Bilbao,999,10,999
1044,Cargador USB-C,2,2025-09-28 06:34:00,Barcelona,25,9,50
1045,Teclado Mecánico,3,2025-12-01 21:34:00,Valencia,120,12,360
1046,MacBook Pro,1,2025-11-22 20:11:00,Bilbao,1499,11,1499
1047,MacBook Pro,2,2025-11-27 06:29:00,Valencia,1499,11,2998
1048,Cargador USB-C,4,2025-11-04 16:56:00,Valencia,25,11,100
1049,Teclado Mecánico,2,2025-10-14 05:24:00,Valencia,120,10,240
1050,iPhone 15,2,2025-05-03 15:05:00,Valencia,999,5,1998
1051,MacBook Pro,2,2025-08-29 09:39:00,Bilbao,1499,8,2998
1052,AirPods Pro,3,2025-10-30 13:51:00,Valencia,249,10,747
1053,MacBook Pro,1,2025-08-05 09:33:00,Sevilla,1499,8,1499
1054,Cargador USB-C,1,2025-08-03 18:37:00,Valencia,25,8,25
1055,Teclado Mecánico,1,2025-08-26 22:21:00,Madrid,120,8,120
1056,Google Pixel 8,2,2025-01-09 18:16:00,Barcelona,699,1,1398
1057,Cargador USB-C,4,2025-09-17 11:47:00,Sevilla,25,9,100
1058,Google Pixel 8,3,2025-03-09 02:29:00,Barcelona,699,3,2097
1059,Monitor 4K,1,2025-10-19 17:16:00,Valencia,399,10,399
1060,Monitor 4K,1,2025-10-04 04:14:00,Madrid,399,10,399
1061,Monitor 4K,2,2025-05-12 01:52:00,Madrid,399,5,798
1062,Cargador USB-C,3,2025-10-24 13:59:00,Valencia,25,10,75
1063,iPhone 15,2,2025-01-24 17:55:00,Madrid,999,1,1998
1064,AirPods Pro,1,2025-08-14 16:18:00,Valencia,249,8,249
1066,Google Pixel 8,1,2025-05-11 09:14:00,Valencia,699,5,699
1067,Teclado Mecánico,3,2025-07-07 22:26:00,Bilbao,120,7,360
1068,AirPods Pro,4,2025-08-10 17:29:00,Valencia,249,8,996
1069,Google Pixel 8,3,2025-10-21 00:47:00,Barcelona,699,10,2097
1070,Cargador USB-C,2,2025-01-14 10:23:00,Barcelona,25,1,50
1071,Cargador USB-C,3,2025-02-03 23:27:00,Bilbao,25,2,75
1072,Monitor 4K,4,2025-11-23 00:44:00,Sevilla,399,11,1596
1073,AirPods Pro,3,2025-03-22 18:22:00,Madrid,249,3,747
1074,AirPods Pro,2,2025-05-17 03:46:00,Barcelona,249,5,498
1075,Teclado Mecánico,3,2025-10-06 00:48:00,Madrid,120,10,360
1076,Monitor 4K,2,2025-11-20 06:08:00,Valencia,399,11,798
1077,AirPods Pro,2,2025-08-11 08:32:00,Bilbao,249,8,498
1078,Cargador USB-C,3,2025-02-21 07:17:00,Bilbao,25,2,75
1079,Cargador USB-C,2,2025-08-07 09:48:00,Madrid,25,8,50
1080,MacBook Pro,4,2025-11-29 21:41:00,Barcelona,1499,11,5996
1081,Teclado Mecánico,3,2025-10-29 22:45:00,Sevilla,120,10,360
1082,Google Pixel 8,2,2025-10-26 02:50:00,Barcelona,699,10,1398
1083,Cargador USB-C,3,2025-08-20 01:28:00,Bilbao,25,8,75
1084,Teclado Mecánico,2,2025-02-28 02:21:00,Madrid,120,2,240
1085,Teclado Mecánico,3,2025-04-06 00:18:00,Valencia,120,4,360
1086,AirPods Pro,4,2025-11-19 00:41:00,Bilbao,249,11,996
1087,Cargador USB-C,3,2025-12-27 02:06:00,Sevilla,25,12,75
1088,iPhone 15,2,2025-01-26 05:03:00,Barcelona,999,1,1998
1089,MacBook Pro,2,2025-03-29 11:42:00,Bilbao,1499,3,2998
1090,Cargador USB-C,2,2025-06-20 19:45:00,Sevilla,25,6,50
1091,AirPods Pro,4,2025-05-14 12:50:00,Sevilla,249,5,996
1092,Teclado Mecánico,1,2025-02-24 20:44:00,Barcelona,120,2,120
1093,Monitor 4K,4,2025-07-23 10:13:00,Barcelona,399,7,1596
1094,iPhone 15,2,2025-10-28 07:48:00,Sevilla,999,10,1998
1095,MacBook Pro,1,2025-06-01 08:36:00,Madrid,1499,6,1499
1096,Google Pixel 8,1,2025-12-28 19:21:00,Valencia,699,12,699
1097,Cargador USB-C,3,2025-03-19 14:16:00,Barcelona,25,3,75
1098,AirPods Pro,2,2025-12-01 07:41:00,Madrid,249,12,498
1099,Cargador USB-C,1,2025-04-01 11:53:00,Valencia,25,4,25
1100,Teclado Mecánico,4,2025-03-29 04:53:00,Barcelona,120,3,480
1101,Monitor 4K,3,2025-04-30 09:45:00,Barcelona,399,4,1197
1103,MacBook Pro,1,2025-04-19 04:06:00,Madrid,1499,4,1499
1104,Teclado Mecánico,4,2025-05-18 02:25:00,Madrid,120,5,480
1105,Google Pixel 8,2,2025-06-19 14:29:00,Barcelona,699,6,1398
1106,MacBook Pro,3,2025-06-12 21:44:00,Valencia,1499,6,4497
1107,Cargador USB-C,1,2025-01-26 04:47:00,Barcelona,25,1,25
1108,Teclado Mecánico,4,2025-07-07 10:15:00,Valencia,120,7,480
1109,Monitor 4K,1,2025-03-25 08:48:00,Barcelona,399,3,399
1110,Monitor 4K,1,2025-10-30 00:36:00,Valencia,399,10,399
1111,Cargador USB-C,4,2025-10-16 00:52:00,Sevilla,25,10,100
1112,AirPods Pro,1,2025-06-26 11:01:00,Barcelona,249,6,249
1113,Google Pixel 8,3,2025-04-08 01:13:00,Sevilla,699,4,2097
1114,Teclado Mecánico,3,2025-09-14 17:17:00,Barcelona,120,9,360
1115,Cargador USB-C,3,2025-03-10 12:27:00,Valencia,25,3,75
1116,Cargador USB-C,1,2025-03-31 06:06:00,Barcelona,25,3,25
1117,AirPods Pro,1,2025-05-05 15:00:00,Valencia,249,5,249
1118,MacBook Pro,3,2025-12-28 00:18:00,Valencia,1499,12,4497
1119,Monitor 4K,3,2025-11-28 16:59:00,Sevilla,399,11,1197
1120,Google Pixel 8,3,2025-09-13 20:31:00,Bilbao,699,9,2097
1121,Cargador USB-C,4,2025-01-01 14:06:00,Madrid,25,1,100
1122,AirPods Pro,4,2025-04-04 16:14:00,Bilbao,249,4,996
1123,iPhone 15,3,2025-06-22 00:47:00,Barcelona,999,6,2997
1124,Monitor 4K,2,2025-03-12 17:59:00,Barcelona,399,3,798
1125,Teclado Mecánico,3,2025-05-17 21:17:00,Madrid,120,5,360
1126,AirPods Pro,4,2025-01-22 17:51:00,Valencia,249,1,996
1127,AirPods Pro,1,2025-04-02 22:18:00,Sevilla,249,4,249
1128,AirPods Pro,3,2025-05-11 04:06:00,Sevilla,249,5,747
1129,Teclado Mecánico,2,2025-04-10 23:48:00,Bilbao,120,4,240
1130,AirPods Pro,1,2025-06-10 04:02:00,Valencia,249,6,249
1131,Google Pixel 8,2,2025-11-05 18:13:00,Madrid,699,11,1398
1132,AirPods Pro,2,2025-11-08 23:59:00,Bilbao,249,11,498
1133,Teclado Mecánico,2,2025-07-03 15:55:00,Sevilla,120,7,240
1134,AirPods Pro,2,2025-12-26 02:07:00,Madrid,249,12,498
1135,iPhone 15,2,2025-06-23 04:26:00,Sevilla,999,6,1998
1136,MacBook Pro,4,2025-11-15 07:29:00,Valencia,1499,11,5996
1137,MacBook Pro,3,2025-09-16 08:06:00,Valencia,1499,9,4497
1138,Teclado Mecánico,3,2025-08-30 21:12:00,Sevilla,120,8,360
1139,MacBook Pro,1,2025-10-06 15:48:00,Bilbao,1499,10,1499
1140,MacBook Pro,4,2025-01-16 06:58:00,Valencia,1499,1,5996
1141,Google Pixel 8,4,2025-06-16 17:13:00,Valencia,699,6,2796
1142,Monitor 4K,3,2025-01-09 14:09:00,Sevilla,399,1,1197
1143,Google Pixel 8,3,2025-06-05 19:00:00,Madrid,699,6,2097
1144,AirPods Pro,1,2025-04-12 09:53:00,Madrid,249,4,249
1145,MacBook Pro,4,2025-07-01 20:13:00,Bilbao,1499,7,5996
1146,Monitor 4K,4,2025-08-02 09:18:00,Sevilla,399,8,1596
1147,Teclado Mecánico,3,2025-05-20 06:53:00,Barcelona,120,5,360
1150,MacBook Pro,1,2025-03-25 08:52:00,Sevilla,1499,3,1499
1151,AirPods Pro,2,2025-04-28 10:12:00,Sevilla,249,4,498
1152,AirPods Pro,1,2025-05-18 17:15:00,Barcelona,249,5,249
1153,Google Pixel 8,3,2025-07-06 19:36:00,Valencia,699,7,2097
1154,Monitor 4K,4,2025-01-08 15:30:00,Valencia,399,1,1596
1155,Teclado Mecánico,4,2025-11-21 04:42:00,Sevilla,120,11,480
1156,MacBook Pro,1,2025-04-19 08:50:00,Bilbao,1499,4,1499
1157,Cargador USB-C,4,2025-06-17 21:26:00,Sevilla,25,6,100
1158,Teclado Mecánico,3,2025-05-07 06:31:00,Bilbao,120,5,360
1159,Monitor 4K,3,2025-12-17 01:36:00,Barcelona,399,12,1197
1160,Teclado Mecánico,1,2025-02-12 03:36:00,Valencia,120,2,120
1161,MacBook Pro,3,2025-03-30 00:11:00,Valencia,1499,3,4497
1162,MacBook Pro,1,2025-01-10 01:15:00,Sevilla,1499,1,1499
1163,Monitor 4K,1,2025-12-02 11:08:00,Valencia,399,12,399
1164,Cargador USB-C,3,2025-03-28 19:18:00,Madrid,25,3,75
1165,Cargador USB-C,2,2025-01-08 14:24:00,Valencia,25,1,50
1166,MacBook Pro,2,2025-06-17 06:08:00,Valencia,1499,6,2998
1167,Teclado Mecánico,1,2025-02-16 13:18:00,Madrid,120,2,120
1168,AirPods Pro,2,2025-06-19 16:06:00,Valencia,249,6,498
1169,Monitor 4K,2,2025-02-07 18:03:00,Barcelona,399,2,798
1170,Teclado Mecánico,2,2025-03-16 12:23:00,Barcelona,120,3,240
1171,iPhone 15,4,2025-04-15 21:26:00,Madrid,999,4,3996
1172,Teclado Mecánico,1,2025-09-29 15:49:00,Barcelona,120,9,120
1173,AirPods Pro,1,2025-06-29 07:54:00,Barcelona,249,6,249
1174,AirPods Pro,2,2025-03-08 21:53:00,Valencia,249,3,498
1175,AirPods Pro,1,2025-11-06 10:30:00,Bilbao,249,11,249
1176,Teclado Mecánico,2,2025-12-08 19:34:00,Barcelona,120,12,240
1177,Monitor 4K,3,2025-03-31 11:15:00,Sevilla,399,3,1197
1178,Monitor 4K,3,2025-01-17 05:05:00,Bilbao,399,1,1197
1179,Google Pixel 8,2,2025-09-21 19:33:00,Barcelona,699,9,1398
1180,iPhone 15,2,2025-05-24 16:21:00,Barcelona,999,5,1998
1181,Cargador USB-C,1,2025-05-23 00:55:00,Bilbao,25,5,25
1182,Google Pixel 8,3,2025-08-24 03:06:00,Valencia,699,8,2097
1183,Cargador USB-C,3,2025-08-07 10:47:00,Sevilla,25,8,75
1184,Monitor 4K,3,2025-09-02 06:08:00,Madrid,399,9,1197
1185,Cargador USB-C,3,2025-04-24 11:05:00,Sevilla,25,4,75
1186,Teclado Mecánico,4,2025-11-18 07:03:00,Bilbao,120,11,480
1187,Teclado Mecánico,3,2025-09-27 17:21:00,Valencia,120,9,360
1188,Teclado Mecánico,4,2025-03-23 11:17:00,Barcelona,120,3,480
1189,Cargador USB-C,4,2025-01-21 15:41:00,Valencia,25,1,100
1190,MacBook Pro,4,2025-12-05 09:49:00,Valencia,1499,12,5996
1191,AirPods Pro,4,2025-08-11 21:34:00,Valencia,249,8,996
1192,Google Pixel 8,2,2025-03-05 02:18:00,Sevilla,699,3,1398
1193,Teclado Mecánico,2,2025-03-04 01:57:00,Bilbao,120,3,240
1194,AirPods Pro,2,2025-05-13 01:48:00,Sevilla,249,5,498
1195,Monitor 4K,4,2025-03-30 08:21:00,Madrid,399,3,1596
1196,AirPods Pro,2,2025-09-17 13:34:00,Madrid,249,9,498
1200,AirPods Pro,4,2025-09-12 05:02:00,Madrid,249,9,996
1201,Monitor 4K,3,2025-02-09 01:58:00,Barcelona,399,2,1197
1202,Cargador USB-C,2,2025-11-01 12:04:00,Madrid,25,11,50
1203,Google Pixel 8,2,2025-04-21 04:02:00,Madrid,699,4,1398
1204,Monitor 4K,3,2025-05-19 18:55:00,Barcelona,399,5,1197
1205,iPhone 15,4,2025-05-09 13:11:00,Barcelona,999,5,3996
1206,Teclado Mecánico,3,2025-08-02 11:43:00,Bilbao,120,8,360
1207,Monitor 4K,1,2025-07-25 15:30:00,Sevilla,399,7,399
1208,Monitor 4K,3,2025-11-22 16:11:00,Sevilla,399,11,1197
1209,Cargador USB-C,3,2025-09-27 22:30:00,Barcelona,25,9,75
1210,AirPods Pro,1,2025-09-28 20:43:00,Sevilla,249,9,249
1211,Monitor 4K,3,2025-09-12 09:40:00,Madrid,399,9,1197
1212,Google Pixel 8,1,2025-01-19 13:46:00,Madrid,699,1,699
1214,Teclado Mecánico,1,2025-08-01 20:11:00,Sevilla,120,8,120
1215,MacBook Pro,3,2025-10-22 09:16:00,Bilbao,1499,10,4497
1216,iPhone 15,4,2025-01-11 00:43:00,Bilbao,999,1,3996
1217,Google Pixel 8,4,2025-01-27 18:53:00,Valencia,699,1,2796
1218,Teclado Mecánico,3,2025-07-16 13:40:00,Barcelona,120,7,360
1219,Monitor 4K,1,2025-02-14 15:39:00,Valencia,399,2,399
1220,MacBook Pro,4,2025-01-05 19:55:00,Madrid,1499,1,5996
1221,Cargador USB-C,1,2025-05-11 15:34:00,Bilbao,25,5,25
1223,AirPods Pro,3,2025-06-23 11:09:00,Sevilla,249,6,747
1224,Teclado Mecánico,4,2025-04-25 23:09:00,Bilbao,120,4,480
1225,Monitor 4K,3,2025-11-03 09:29:00,Madrid,399,11,1197
1226,Monitor 4K,3,2025-03-10 00:29:00,Sevilla,399,3,1197
1227,MacBook Pro,2,2025-11-05 04:06:00,Barcelona,1499,11,2998
1228,iPhone 15,2,2025-07-16 00:16:00,Bilbao,999,7,1998
1229,Teclado Mecánico,2,2025-06-20 04:13:00,Valencia,120,6,240
1230,Google Pixel 8,1,2025-01-11 06:54:00,Barcelona,699,1,699
1231,iPhone 15,4,2025-01-05 05:31:00,Barcelona,999,1,3996
1232,Google Pixel 8,4,2025-07-20 14:58:00,Bilbao,699,7,2796
1233,Teclado Mecánico,3,2025-09-16 06:03:00,Madrid,120,9,360
1234,Teclado Mecánico,3,2025-10-04 04:24:00,Madrid,120,10,360
1235,AirPods Pro,3,2025-09-03 11:32:00,Sevilla,249,9,747
1236,MacBook Pro,3,2025-04-05 03:01:00,Bilbao,1499,4,4497
1237,Monitor 4K,2,2025-10-26 08:07:00,Bilbao,399,10,798
1238,AirPods Pro,2,2025-09-10 21:43:00,Sevilla,249,9,498
1239,AirPods Pro,4,2025-01-19 19:44:00,Valencia,249,1,996
1240,Monitor 4K,3,2025-09-28 12:05:00,Barcelona,399,9,1197
1241,MacBook Pro,3,2025-10-10 01:05:00,Barcelona,1499,10,4497
1242,MacBook Pro,4,2025-04-27 23:09:00,Madrid,1499,4,5996
1243,Cargador USB-C,1,2025-05-25 00:51:00,Barcelona,25,5,25
1244,AirPods Pro,2,2025-03-15 11:32:00,Valencia,249,3,498
1245,Teclado Mecánico,1,2025-11-08 16:07:00,Sevilla,120,11,120
1246,Teclado Mecánico,3,2025-09-30 14:52:00,Barcelona,120,9,360
1247,Google Pixel 8,2,2025-04-09 22:58:00,Sevilla,699,4,1398
1248,MacBook Pro,2,2025-10-27 16:46:00,Barcelona,1499,10,2998
1249,iPhone 15,3,2025-01-03 08:30:00,Barcelona,999,1,2997
1250,Teclado Mecánico,3,2025-04-11 20:43:00,Sevilla,120,4,360
1251,Google Pixel 8,3,2025-03-18 20:29:00,Sevilla,699,3,2097
1252,AirPods Pro,2,2025-06-13 01:26:00,Barcelona,249,6,498
1253,MacBook Pro,4,2025-04-04 19:33:00,Barcelona,1499,4,5996
1254,Teclado Mecánico,2,2025-03-09 16:23:00,Bilbao,120,3,240
1255,Monitor 4K,4,2025-05-03 18:53:00,Bilbao,399,5,1596
1256,Monitor 4K,1,2025-05-01 04:06:00,Sevilla,399,5,399
1257,MacBook Pro,3,2025-11-23 18:03:00,Valencia,1499,11,4497
1259,Teclado Mecánico,1,2025-11-20 17:32:00,Bilbao,120,11,120
1260,Teclado Mecánico,4,2025-03-30 13:08:00,Madrid,120,3,480
1261,Teclado Mecánico,3,2025-05-16 21:11:00,Barcelona,120,5,360
1262,Cargador USB-C,2,2025-07-10 02:37:00,Bilbao,25,7,50
1263,Cargador USB-C,3,2025-10-04 14:51:00,Bilbao,25,10,75
1264,Teclado Mecánico,2,2025-12-21 18:51:00,Sevilla,120,12,240
1265,Teclado Mecánico,2,2025-07-16 05:24:00,Bilbao,120,7,240
1266,Monitor 4K,4,2025-03-12 14:00:00,Barcelona,399,3,1596
1267,Monitor 4K,1,2025-05-12 01:41:00,Bilbao,399,5,399
1268,Cargador USB-C,1,2025-02-24 11:23:00,Bilbao,25,2,25
1269,Teclado Mecánico,3,2025-10-02 05:37:00,Madrid,120,10,360
1270,AirPods Pro,1,2025-06-11 14:41:00,Sevilla,249,6,249
1271,MacBook Pro,4,2025-04-15 08:37:00,Valencia,1499,4,5996
1272,Google Pixel 8,4,2025-06-30 15:48:00,Valencia,699,6,2796
1273,Cargador USB-C,4,2025-06-05 03:03:00,Madrid,25,6,100
1274,Teclado Mecánico,2,2025-09-06 03:29:00,Valencia,120,9,240
1275,Teclado Mecánico,1,2025-10-08 09:24:00,Sevilla,120,10,120
1276,iPhone 15,2,2025-08-02 04:53:00,Sevilla,999,8,1998
1277,Monitor 4K,2,2025-05-20 09:53:00,Valencia,399,5,798
1278,MacBook Pro,3,2025-05-02 01:10:00,Valencia,1499,5,4497
1279,Monitor 4K,1,2025-10-13 15:22:00,Valencia,399,10,399
1281,AirPods Pro,3,2025-09-17 09:29:00,Bilbao,249,9,747
1282,AirPods Pro,1,2025-05-26 00:29:00,Madrid,249,5,249
1283,Teclado Mecánico,2,2025-04-02 18:50:00,Sevilla,120,4,240
1284,Monitor 4K,4,2025-02-21 14:02:00,Valencia,399,2,1596
1285,Google Pixel 8,1,2025-08-10 13:34:00,Valencia,699,8,699
1286,Cargador USB-C,4,2025-04-01 18:18:00,Sevilla,25,4,100
1287,Google Pixel 8,1,2025-04-27 10:12:00,Barcelona,699,4,699
1288,Google Pixel 8,1,2025-12-24 05:33:00,Valencia,699,12,699
1290,MacBook Pro,4,2025-05-25 19:12:00,Madrid,1499,5,5996
1291,iPhone 15,2,2025-02-17 06:34:00,Sevilla,999,2,1998
1292,Monitor 4K,1,2025-03-27 02:56:00,Madrid,399,3,399
1293,Monitor 4K,1,2025-02-18 20:42:00,Valencia,399,2,399
1294,Cargador USB-C,1,2025-08-15 21:03:00,Barcelona,25,8,25
1295,Google Pixel 8,2,2025-09-20 05:25:00,Valencia,699,9,1398
1296,MacBook Pro,2,2025-06-26 03:33:00,Sevilla,1499,6,2998
1297,Teclado Mecánico,3,2025-03-06 18:52:00,Madrid,120,3,360
1298,Monitor 4K,2,2025-12-14 02:19:00,Bilbao,399,12,798
1299,Cargador USB-C,2,2025-10-20 20:49:00,Bilbao,25,10,50
1300,AirPods Pro,3,2025-10-27 14:17:00,Valencia,249,10,747
1301,AirPods Pro,1,2025-03-06 09:21:00,Barcelona,249,3,249
1302,iPhone 15,1,2025-04-04 08:12:00,Bilbao,999,4,999
1303,Teclado Mecánico,4,2025-07-12 07:49:00,Bilbao,120,7,480
1304,Google Pixel 8,3,2025-04-10 13:00:00,Barcelona,699,4,2097
1305,AirPods Pro,1,2025-09-09 21:57:00,Sevilla,249,9,249
1306,iPhone 15,3,2025-01-11 08:51:00,Sevilla,999,1,2997
1307,MacBook Pro,4,2025-01-02 17:32:00,Bilbao,1499,1,5996
1308,Google Pixel 8,1,2025-07-01 05:49:00,Bilbao,699,7,699
1309,Google Pixel 8,3,2025-05-01 01:40:00,Barcelona,699,5,2097
1310,Cargador USB-C,3,2025-03-27 12:18:00,Madrid,25,3,75
1311,AirPods Pro,2,2025-07-25 02:53:00,Barcelona,249,7,498
1312,AirPods Pro,2,2025-05-29 07:10:00,Madrid,249,5,498
1313,iPhone 15,1,2025-04-15 03:54:00,Sevilla,999,4,999
1314,iPhone 15,1,2025-01-03 01:26:00,Sevilla,999,1,999
1315,iPhone 15,3,2025-02-08 01:32:00,Madrid,999,2,2997
1316,Teclado Mecánico,1,2025-11-19 06:23:00,Barcelona,120,11,120
1317,AirPods Pro,4,2025-02-02 07:28:00,Bilbao,249,2,996
1318,Google Pixel 8,4,2025-12-16 23:16:00,Bilbao,699,12,2796
1319,iPhone 15,1,2025-11-18 07:42:00,Sevilla,999,11,999
1320,MacBook Pro,2,2025-08-23 08:34:00,Bilbao,1499,8,2998
1321,Teclado Mecánico,2,2025-12-17 01:29:00,Madrid,120,12,240
1322,MacBook Pro,1,2025-01-06 22:21:00,Valencia,1499,1,1499
1323,Cargador USB-C,4,2025-08-02 08:56:00,Bilbao,25,8,100
1324,MacBook Pro,1,2025-05-27 03:30:00,Barcelona,1499,5,1499
1325,Teclado Mecánico,4,2025-08-29 01:33:00,Sevilla,120,8,480
1326,Monitor 4K,3,2025-06-02 17:57:00,Valencia,399,6,1197
1328,Google Pixel 8,1,2025-05-21 02:18:00,Sevilla,699,5,699
1329,AirPods Pro,2,2025-03-19 03:39:00,Bilbao,249,3,498
1330,AirPods Pro,4,2025-07-13 00:04:00,Barcelona,249,7,996
1331,Cargador USB-C,2,2025-10-04 13:49:00,Bilbao,25,10,50
1332,Google Pixel 8,4,2025-06-28 11:14:00,Barcelona,699,6,2796
1333,Monitor 4K,2,2025-01-20 11:20:00,Barcelona,399,1,798
1336,Cargador USB-C,2,2025-08-27 16:41:00,Barcelona,25,8,50
1338,Monitor 4K,2,2025-11-23 06:39:00,Sevilla,399,11,798
1339,Monitor 4K,4,2025-04-15 03:10:00,Bilbao,399,4,1596
1340,Cargador USB-C,1,2025-01-12 11:29:00,Barcelona,25,1,25
1341,Teclado Mecánico,1,2025-02-13 23:27:00,Barcelona,120,2,120
1343,iPhone 15,2,2025-05-04 18:32:00,Bilbao,999,5,1998
1344,Monitor 4K,2,2025-01-06 20:23:00,Bilbao,399,1,798
1345,Monitor 4K,3,2025-03-02 15:25:00,Barcelona,399,3,1197
1346,MacBook Pro,1,2025-08-16 19:52:00,Sevilla,1499,8,1499
1348,Google Pixel 8,1,2025-02-18 00:24:00,Barcelona,699,2,699
1349,Monitor 4K,2,2025-04-15 07:30:00,Bilbao,399,4,798
1350,iPhone 15,2,2025-11-23 21:44:00,Sevilla,999,11,1998
1351,AirPods Pro,1,2025-09-16 07:24:00,Sevilla,249,9,249
1352,AirPods Pro,2,2025-11-10 07:17:00,Valencia,249,11,498
1353,AirPods Pro,4,2025-10-13 20:46:00,Valencia,249,10,996
1355,Cargador USB-C,1,2025-01-04 07:49:00,Sevilla,25,1,25
1357,AirPods Pro,4,2025-11-26 01:46:00,Barcelona,249,11,996
1358,AirPods Pro,2,2025-08-03 21:09:00,Valencia,249,8,498
1359,Monitor 4K,2,2025-01-21 04:58:00,Barcelona,399,1,798
1360,MacBook Pro,2,2025-12-28 18:02:00,Valencia,1499,12,2998
1361,Cargador USB-C,2,2025-07-09 07:39:00,Madrid,25,7,50
1362,AirPods Pro,1,2025-02-15 06:21:00,Valencia,249,2,249
1363,MacBook Pro,1,2025-03-05 12:19:00,Bilbao,1499,3,1499
1365,MacBook Pro,2,2025-07-17 10:45:00,Barcelona,1499,7,2998
1366,AirPods Pro,3,2025-06-30 09:46:00,Bilbao,249,6,747
1367,Cargador USB-C,2,2025-08-22 12:56:00,Valencia,25,8,50
1369,iPhone 15,4,2025-07-09 07:35:00,Barcelona,999,7,3996
1370,MacBook Pro,3,2025-02-14 13:39:00,Sevilla,1499,2,4497
1372,iPhone 15,1,2025-02-19 13:39:00,Madrid,999,2,999
1373,Google Pixel 8,4,2025-11-10 16:14:00,Barcelona,699,11,2796
1374,iPhone 15,4,2025-01-30 05:03:00,Sevilla,999,1,3996
1375,Google Pixel 8,3,2025-11-04 10:40:00,Bilbao,699,11,2097
1376,Teclado Mecánico,2,2025-12-01 10:08:00,Bilbao,120,12,240
1377,Teclado Mecánico,2,2025-04-24 15:13:00,Sevilla,120,4,240
1378,Google Pixel 8,4,2025-06-12 17:33:00,Bilbao,699,6,2796
1379,Google Pixel 8,4,2025-03-31 02:15:00,Sevilla,699,3,2796
1380,Monitor 4K,4,2025-03-17 09:35:00,Barcelona,399,3,1596
1381,AirPods Pro,4,2025-09-05 03:21:00,Barcelona,249,9,996
1383,Teclado Mecánico,3,2025-11-16 02:52:00,Madrid,120,11,360
1384,iPhone 15,4,2025-06-14 19:14:00,Barcelona,999,6,3996
1385,Cargador USB-C,2,2025-10-18 14:01:00,Barcelona,25,10,50
1387,iPhone 15,1,2025-01-06 04:55:00,Valencia,999,1,999
1388,Cargador USB-C,1,2025-10-28 07:15:00,Barcelona,25,10,25
1389,iPhone 15,4,2025-04-11 23:46:00,Bilbao,999,4,3996
1390,Cargador USB-C,1,2025-10-15 07:54:00,Valencia,25,10,25
1391,Monitor 4K,2,2025-02-27 12:22:00,Valencia,399,2,798
1392,Teclado Mecánico,2,2025-02-19 14:54:00,Valencia,120,2,240
1393,iPhone 15,2,2025-05-30 12:01:00,Bilbao,999,5,1998
1394,iPhone 15,3,2025-05-11 07:43:00,Barcelona,999,5,2997
1395,iPhone 15,2,2025-04-08 13:01:00,Madrid,999,4,1998
1396,Teclado Mecánico,4,2025-10-30 21:50:00,Bilbao,120,10,480
1397,AirPods Pro,2,2025-05-23 13:44:00,Madrid,249,5,498
1398,Google Pixel 8,4,2025-08-08 03:19:00,Barcelona,699,8,2796
1399,iPhone 15,4,2025-09-21 05:09:00,Valencia,999,9,3996
1400,Google Pixel 8,4,2025-04-23 12:58:00,Barcelona,699,4,2796
1401,Monitor 4K,3,2025-01-13 08:51:00,Madrid,399,1,1197
1402,Cargador USB-C,1,2025-04-27 18:08:00,Barcelona,25,4,25
1403,AirPods Pro,4,2025-12-10 18:32:00,Barcelona,249,12,996
1404,AirPods Pro,1,2025-10-31 21:27:00,Valencia,249,10,249
1405,Google Pixel 8,2,2025-06-13 22:41:00,Bilbao,699,6,1398
1406,Google Pixel 8,3,2025-04-23 01:10:00,Barcelona,699,4,2097
1407,AirPods Pro,2,2025-11-16 09:44:00,Madrid,249,11,498
1408,iPhone 15,4,2025-07-12 18:44:00,Madrid,999,7,3996
1409,AirPods Pro,3,2025-09-17 01:15:00,Sevilla,249,9,747
1411,Google Pixel 8,3,2025-11-08 14:02:00,Madrid,699,11,2097
1412,iPhone 15,2,2025-05-01 23:38:00,Valencia,999,5,1998
1413,Cargador USB-C,3,2025-08-31 00:30:00,Barcelona,25,8,75
1414,AirPods Pro,2,2025-01-16 22:53:00,Madrid,249,1,498
1415,Cargador USB-C,3,2025-11-27 13:18:00,Barcelona,25,11,75
1416,iPhone 15,2,2025-01-08 19:59:00,Valencia,999,1,1998
1417,Teclado Mecánico,2,2025-10-18 19:08:00,Barcelona,120,10,240
1418,Teclado Mecánico,2,2025-05-05 06:46:00,Valencia,120,5,240
1419,iPhone 15,2,2025-10-04 05:12:00,Bilbao,999,10,1998
1421,iPhone 15,3,2025-12-21 01:25:00,Sevilla,999,12,2997
1422,Teclado Mecánico,4,2025-12-04 09:16:00,Valencia,120,12,480
1423,Cargador USB-C,3,2025-07-13 15:20:00,Barcelona,25,7,75
1424,Monitor 4K,3,2025-09-15 00:50:00,Valencia,399,9,1197
1425,Cargador USB-C,4,2025-09-10 04:10:00,Barcelona,25,9,100
1426,Google Pixel 8,1,2025-02-08 09:00:00,Madrid,699,2,699
1427,Google Pixel 8,2,2025-07-13 12:08:00,Bilbao,699,7,1398
1428,MacBook Pro,3,2025-11-01 19:59:00,Bilbao,1499,11,4497
1429,iPhone 15,4,2025-11-18 13:16:00,Valencia,999,11,3996
1430,Google Pixel 8,3,2025-10-10 18:14:00,Madrid,699,10,2097
1431,AirPods Pro,2,2025-02-14 19:17:00,Barcelona,249,2,498
1432,Google Pixel 8,1,2025-03-28 02:09:00,Valencia,699,3,699
1433,iPhone 15,4,2025-11-19 02:29:00,Madrid,999,11,3996
1434,Teclado Mecánico,1,2025-01-19 11:21:00,Sevilla,120,1,120
1435,Monitor 4K,2,2025-02-28 04:35:00,Valencia,399,2,798
1436,Teclado Mecánico,2,2025-07-30 13:22:00,Sevilla,120,7,240
1437,iPhone 15,4,2025-08-02 20:24:00,Sevilla,999,8,3996
1438,iPhone 15,2,2025-12-15 13:32:00,Madrid,999,12,1998
1439,Cargador USB-C,1,2025-04-05 03:29:00,Valencia,25,4,25
1440,Google Pixel 8,3,2025-12-06 06:15:00,Barcelona,699,12,2097
1441,Cargador USB-C,3,2025-05-10 10:12:00,Madrid,25,5,75
1442,Google Pixel 8,3,2025-06-10 13:10:00,Valencia,699,6,2097
1443,Google Pixel 8,1,2025-01-24 01:09:00,Sevilla,699,1,699
1444,Cargador USB-C,2,2025-12-12 10:58:00,Barcelona,25,12,50
1445,Monitor 4K,4,2025-07-10 06:17:00,Sevilla,399,7,1596
1446,MacBook Pro,3,2025-03-28 20:07:00,Sevilla,1499,3,4497
1447,AirPods Pro,1,2025-01-28 10:42:00,Madrid,249,1,249
1448,Teclado Mecánico,3,2025-09-28 11:33:00,Bilbao,120,9,360
1449,MacBook Pro,4,2025-01-30 15:00:00,Valencia,1499,1,5996
1450,Monitor 4K,2,2025-06-01 19:30:00,Valencia,399,6,798
1452,Monitor 4K,3,2025-05-18 04:59:00,Bilbao,399,5,1197
1453,Monitor 4K,2,2025-06-06 06:32:00,Madrid,399,6,798
1454,Cargador USB-C,4,2025-06-20 16:32:00,Valencia,25,6,100
1455,AirPods Pro,3,2025-11-06 01:21:00,Barcelona,249,11,747
1456,iPhone 15,1,2025-08-05 19:43:00,Barcelona,999,8,999
1457,Monitor 4K,1,2025-01-26 13:31:00,Valencia,399,1,399
1458,Google Pixel 8,2,2025-08-11 07:20:00,Bilbao,699,8,1398
1459,AirPods Pro,4,2025-04-01 00:07:00,Madrid,249,4,996
1460,AirPods Pro,4,2025-10-16 14:12:00,Bilbao,249,10,996
1461,Cargador USB-C,3,2025-09-20 01:05:00,Sevilla,25,9,75
1462,AirPods Pro,2,2025-02-11 07:00:00,Bilbao,249,2,498
1463,Google Pixel 8,1,2025-03-06 02:15:00,Madrid,699,3,699
1464,Teclado Mecánico,2,2025-12-23 12:27:00,Barcelona,120,12,240
1465,Cargador USB-C,2,2025-09-22 22:27:00,Madrid,25,9,50
1466,iPhone 15,2,2025-11-01 01:47:00,Valencia,999,11,1998
1467,iPhone 15,2,2025-01-12 15:09:00,Valencia,999,1,1998
1468,Monitor 4K,2,2025-12-22 13:27:00,Bilbao,399,12,798
1469,iPhone 15,3,2025-09-19 21:42:00,Sevilla,999,9,2997
1470,Teclado Mecánico,4,2025-10-05 22:55:00,Barcelona,120,10,480
1471,AirPods Pro,3,2025-06-17 07:28:00,Barcelona,249,6,747
1472,Monitor 4K,3,2025-04-14 00:28:00,Sevilla,399,4,1197
1473,Google Pixel 8,2,2025-01-01 13:25:00,Sevilla,699,1,1398
1474,Google Pixel 8,3,2025-01-30 08:12:00,Madrid,699,1,2097
1475,AirPods Pro,2,2025-07-20 16:39:00,Madrid,249,7,498
1476,iPhone 15,1,2025-12-29 17:35:00,Barcelona,999,12,999
1477,Cargador USB-C,4,2025-09-20 03:12:00,Valencia,25,9,100
1478,Cargador USB-C,4,2025-05-30 04:10:00,Madrid,25,5,100
1479,MacBook Pro,3,2025-08-31 01:42:00,Bilbao,1499,8,4497
1480,iPhone 15,4,2025-05-22 22:03:00,Bilbao,999,5,3996
1482,Cargador USB-C,2,2025-06-24 21:13:00,Bilbao,25,6,50
1483,MacBook Pro,1,2025-01-13 18:25:00,Barcelona,1499,1,1499
1484,MacBook Pro,2,2025-04-25 05:54:00,Madrid,1499,4,2998
1485,Google Pixel 8,4,2025-05-17 18:15:00,Valencia,699,5,2796
1487,Google Pixel 8,1,2025-11-21 04:23:00,Sevilla,699,11,699
1488,Cargador USB-C,3,2025-07-05 12:59:00,Sevilla,25,7,75
1489,Cargador USB-C,4,2025-10-09 06:41:00,Bilbao,25,10,100
1490,Monitor 4K,3,2025-05-26 23:01:00,Bilbao,399,5,1197
1491,Teclado Mecánico,1,2025-09-01 21:00:00,Sevilla,120,9,120
1492,MacBook Pro,1,2025-12-28 23:47:00,Valencia,1499,12,1499
1493,iPhone 15,1,2025-10-29 05:36:00,Sevilla,999,10,999
1494,AirPods Pro,1,2025-06-24 07:46:00,Barcelona,249,6,249
1495,AirPods Pro,1,2025-06-03 04:42:00,Barcelona,249,6,249
1497,Monitor 4K,3,2025-10-21 12:35:00,Valencia,399,10,1197
1498,Teclado Mecánico,3,2025-10-21 07:16:00,Madrid,120,10,360
1499,iPhone 15,3,2025-02-01 15:08:00,Sevilla,999,2,2997
1500,MacBook Pro,1,2025-07-05 07:02:00,Bilbao,1499,7,1499
1501,Google Pixel 8,3,2025-10-25 08:30:00,Barcelona,699,10,2097
1502,Cargador USB-C,1,2025-08-03 07:03:00,Barcelona,25,8,25
1504,Monitor 4K,1,2025-04-23 22:42:00,Madrid,399,4,399
1505,Teclado Mecánico,1,2025-07-27 16:45:00,Sevilla,120,7,120
1506,MacBook Pro,1,2025-06-07 03:54:00,Bilbao,1499,6,1499
1507,Teclado Mecánico,4,2025-12-31 05:21:00,Madrid,120,12,480
1508,Google Pixel 8,4,2025-06-12 21:58:00,Valencia,699,6,2796
1509,Teclado Mecánico,2,2025-07-17 01:19:00,Bilbao,120,7,240
1510,Google Pixel 8,4,2025-07-23 06:24:00,Barcelona,699,7,2796
1512,Teclado Mecánico,4,2025-11-16 07:15:00,Madrid,120,11,480
1513,Cargador USB-C,4,2025-05-23 10:33:00,Bilbao,25,5,100
1514,Cargador USB-C,3,2025-06-19 07:33:00,Barcelona,25,6,75
1515,Cargador USB-C,3,2025-01-14 05:05:00,Bilbao,25,1,75
1516,Google Pixel 8,3,2025-02-07 02:41:00,Valencia,699,2,2097
1517,Cargador USB-C,1,2025-12-23 06:20:00,Madrid,25,12,25
1518,Monitor 4K,1,2025-08-28 18:51:00,Valencia,399,8,399
1519,MacBook Pro,3,2025-11-09 15:02:00,Madrid,1499,11,4497
1520,AirPods Pro,4,2025-02-17 10:09:00,Valencia,249,2,996
1521,Cargador USB-C,1,2025-04-24 14:04:00,Barcelona,25,4,25
1522,MacBook Pro,2,2025-03-07 19:18:00,Bilbao,1499,3,2998
1523,MacBook Pro,4,2025-01-25 05:57:00,Madrid,1499,1,5996
1524,Teclado Mecánico,3,2025-07-01 01:12:00,Madrid,120,7,360
1525,iPhone 15,2,2025-12-30 09:47:00,Valencia,999,12,1998
1526,MacBook Pro,3,2025-06-12 02:42:00,Valencia,1499,6,4497
1527,iPhone 15,1,2025-11-07 23:20:00,Valencia,999,11,999
1528,Google Pixel 8,1,2025-11-11 05:42:00,Madrid,699,11,699
1529,MacBook Pro,4,2025-12-16 00:02:00,Madrid,1499,12,5996
1530,Cargador USB-C,3,2025-05-13 03:39:00,Bilbao,25,5,75
1531,Teclado Mecánico,4,2025-09-24 16:02:00,Valencia,120,9,480
1532,MacBook Pro,1,2025-06-05 19:33:00,Sevilla,1499,6,1499
1533,AirPods Pro,1,2025-12-20 22:52:00,Barcelona,249,12,249
1534,Cargador USB-C,3,2025-02-18 16:41:00,Barcelona,25,2,75
1535,AirPods Pro,2,2025-03-31 00:03:00,Madrid,249,3,498
1536,AirPods Pro,3,2025-07-25 02:49:00,Bilbao,249,7,747
1537,Cargador USB-C,1,2025-02-17 00:24:00,Barcelona,25,2,25
1539,AirPods Pro,2,2025-09-28 06:02:00,Valencia,249,9,498
1540,Google Pixel 8,3,2025-04-09 04:01:00,Sevilla,699,4,2097
1541,Google Pixel 8,4,2025-05-30 10:28:00,Madrid,699,5,2796
1542,Monitor 4K,1,2025-01-01 12:21:00,Bilbao,399,1,399
1543,Teclado Mecánico,2,2025-01-17 22:49:00,Valencia,120,1,240
1544,iPhone 15,3,2025-05-24 02:41:00,Sevilla,999,5,2997
1545,Teclado Mecánico,2,2025-07-12 02:58:00,Bilbao,120,7,240
1546,Cargador USB-C,1,2025-10-02 04:59:00,Barcelona,25,10,25
1547,Teclado Mecánico,2,2025-02-21 09:53:00,Sevilla,120,2,240
1548,Teclado Mecánico,4,2025-04-02 02:15:00,Bilbao,120,4,480
1549,Teclado Mecánico,1,2025-07-07 13:00:00,Madrid,120,7,120
1550,iPhone 15,2,2025-02-09 11:39:00,Barcelona,999,2,1998
1551,iPhone 15,2,2025-02-12 04:24:00,Madrid,999,2,1998
1552,AirPods Pro,4,2025-01-04 03:15:00,Madrid,249,1,996
1553,Teclado Mecánico,2,2025-01-27 03:46:00,Bilbao,120,1,240
1554,AirPods Pro,1,2025-07-09 15:45:00,Barcelona,249,7,249
1555,Google Pixel 8,4,2025-11-28 07:18:00,Barcelona,699,11,2796
1556,Cargador USB-C,4,2025-10-06 22:24:00,Barcelona,25,10,100
1557,AirPods Pro,1,2025-06-30 06:36:00,Valencia,249,6,249
1558,Monitor 4K,4,2025-08-21 21:57:00,Barcelona,399,8,1596
1559,MacBook Pro,2,2025-04-22 00:58:00,Valencia,1499,4,2998
1560,Cargador USB-C,3,2025-03-18 16:27:00,Sevilla,25,3,75
1561,AirPods Pro,3,2025-01-03 03:24:00,Sevilla,249,1,747
1562,AirPods Pro,3,2025-12-19 17:49:00,Bilbao,249,12,747
1563,Google Pixel 8,3,2025-07-25 15:04:00,Bilbao,699,7,2097
1564,Cargador USB-C,4,2025-03-26 02:24:00,Valencia,25,3,100
1565,MacBook Pro,4,2025-08-07 19:57:00,Valencia,1499,8,5996
1566,AirPods Pro,2,2025-12-04 22:13:00,Sevilla,249,12,498
1567,Google Pixel 8,4,2025-12-13 16:42:00,Barcelona,699,12,2796
1568,iPhone 15,3,2025-07-02 07:29:00,Sevilla,999,7,2997
1569,Cargador USB-C,2,2025-08-14 11:46:00,Valencia,25,8,50
1570,Google Pixel 8,1,2025-06-12 20:52:00,Madrid,699,6,699
1571,Teclado Mecánico,2,2025-03-19 02:03:00,Valencia,120,3,240
1572,iPhone 15,3,2025-03-15 19:13:00,Sevilla,999,3,2997
1573,MacBook Pro,1,2025-06-13 16:15:00,Bilbao,1499,6,1499
1574,Teclado Mecánico,2,2025-08-21 16:06:00,Sevilla,120,8,240
1575,Monitor 4K,2,2025-03-17 05:49:00,Sevilla,399,3,798
1576,Monitor 4K,4,2025-12-09 15:56:00,Bilbao,399,12,1596
1577,MacBook Pro,2,2025-02-25 15:20:00,Barcelona,1499,2,2998
1578,Teclado Mecánico,3,2025-01-11 04:02:00,Sevilla,120,1,360
1579,Monitor 4K,4,2025-05-15 01:10:00,Sevilla,399,5,1596
1580,Teclado Mecánico,4,2025-11-02 09:35:00,Barcelona,120,11,480
1581,MacBook Pro,3,2025-03-25 10:25:00,Bilbao,1499,3,4497
1582,Monitor 4K,1,2025-02-07 20:18:00,Valencia,399,2,399
1583,Google Pixel 8,1,2025-04-19 05:59:00,Barcelona,699,4,699
1584,Cargador USB-C,4,2025-09-15 19:58:00,Sevilla,25,9,100
1585,Google Pixel 8,3,2025-07-22 20:56:00,Barcelona,699,7,2097
1586,AirPods Pro,1,2025-12-18 09:57:00,Madrid,249,12,249
1587,Monitor 4K,1,2025-07-24 08:40:00,Barcelona,399,7,399
1588,Google Pixel 8,4,2025-07-28 04:37:00,Bilbao,699,7,2796
1589,iPhone 15,3,2025-10-26 13:54:00,Barcelona,999,10,2997
1590,Teclado Mecánico,4,2025-09-25 05:31:00,Barcelona,120,9,480
1591,Cargador USB-C,1,2025-01-02 07:40:00,Barcelona,25,1,25
1592,Monitor 4K,2,2025-10-27 15:27:00,Bilbao,399,10,798
1593,AirPods Pro,2,2025-04-15 12:01:00,Bilbao,249,4,498
1594,Teclado Mecánico,2,2025-10-25 17:26:00,Barcelona,120,10,240
1595,MacBook Pro,3,2025-08-28 02:10:00,Sevilla,1499,8,4497
1596,Google Pixel 8,3,2025-11-29 15:42:00,Barcelona,699,11,2097
1597,Teclado Mecánico,3,2025-04-24 19:51:00,Sevilla,120,4,360
1598,Teclado Mecánico,4,2025-07-27 06:35:00,Barcelona,120,7,480
1599,Google Pixel 8,3,2025-06-01 23:41:00,Sevilla,699,6,2097
1600,AirPods Pro,1,2025-03-04 09:13:00,Sevilla,249,3,249
1601,Google Pixel 8,1,2025-10-14 08:50:00,Sevilla,699,10,699
1603,Monitor 4K,1,2025-02-15 20:16:00,Valencia,399,2,399
1604,Cargador USB-C,4,2025-01-23 23:09:00,Sevilla,25,1,100
1605,Teclado Mecánico,3,2025-03-16 19:39:00,Valencia,120,3,360
1606,Monitor 4K,4,2025-12-30 02:00:00,Sevilla,399,12,1596
1607,Google Pixel 8,4,2025-01-22 10:29:00,Sevilla,699,1,2796
1608,iPhone 15,4,2025-10-25 10:20:00,Bilbao,999,10,3996
1609,Monitor 4K,1,2025-12-22 04:02:00,Bilbao,399,12,399
1610,Google Pixel 8,3,2025-03-16 19:12:00,Barcelona,699,3,2097
1611,MacBook Pro,1,2025-02-04 16:23:00,Sevilla,1499,2,1499
1612,Teclado Mecánico,4,2025-01-31 07:53:00,Madrid,120,1,480
1613,Cargador USB-C,3,2025-09-13 22:48:00,Valencia,25,9,75
1614,AirPods Pro,2,2025-12-17 09:35:00,Madrid,249,12,498
1615,MacBook Pro,2,2025-10-19 05:18:00,Sevilla,1499,10,2998
1616,iPhone 15,3,2025-09-27 01:43:00,Sevilla,999,9,2997
1617,iPhone 15,2,2025-02-21 07:36:00,Barcelona,999,2,1998
1618,MacBook Pro,1,2025-04-21 04:39:00,Valencia,1499,4,1499
1619,AirPods Pro,3,2025-09-16 11:10:00,Madrid,249,9,747
1620,iPhone 15,2,2025-08-05 05:43:00,Bilbao,999,8,1998
1621,iPhone 15,4,2025-12-11 13:57:00,Bilbao,999,12,3996
1622,iPhone 15,3,2025-08-14 09:33:00,Bilbao,999,8,2997
1623,Monitor 4K,2,2025-07-14 19:45:00,Valencia,399,7,798
1624,iPhone 15,3,2025-04-15 06:22:00,Valencia,999,4,2997
1625,Teclado Mecánico,3,2025-07-07 01:19:00,Bilbao,120,7,360
1626,iPhone 15,4,2025-03-16 19:27:00,Barcelona,999,3,3996
1627,Teclado Mecánico,3,2025-09-01 02:36:00,Bilbao,120,9,360
1628,Cargador USB-C,1,2025-11-23 23:13:00,Madrid,25,11,25
1629,MacBook Pro,1,2025-07-26 21:57:00,Bilbao,1499,7,1499
1630,AirPods Pro,1,2025-08-06 11:13:00,Sevilla,249,8,249
1631,AirPods Pro,4,2025-04-23 08:43:00,Valencia,249,4,996
1632,Teclado Mecánico,1,2025-10-14 21:35:00,Valencia,120,10,120
1633,Cargador USB-C,2,2025-01-15 19:22:00,Valencia,25,1,50
1634,AirPods Pro,4,2025-06-29 23:47:00,Valencia,249,6,996
1635,AirPods Pro,1,2025-07-18 18:33:00,Madrid,249,7,249
1636,AirPods Pro,3,2025-04-30 10:30:00,Sevilla,249,4,747
1637,MacBook Pro,2,2025-04-02 07:28:00,Madrid,1499,4,2998
1638,Teclado Mecánico,1,2025-12-28 15:35:00,Bilbao,120,12,120
1639,iPhone 15,3,2025-01-13 07:31:00,Barcelona,999,1,2997
1640,iPhone 15,3,2025-11-22 07:57:00,Madrid,999,11,2997
1641,Cargador USB-C,2,2025-05-01 06:55:00,Bilbao,25,5,50
1642,Teclado Mecánico,3,2025-04-24 19:46:00,Barcelona,120,4,360
1643,MacBook Pro,3,2025-04-06 01:45:00,Barcelona,1499,4,4497
1644,Teclado Mecánico,2,2025-05-29 19:57:00,Sevilla,120,5,240
1645,Monitor 4K,3,2025-08-30 01:36:00,Sevilla,399,8,1197
1646,Google Pixel 8,2,2025-02-26 23:09:00,Sevilla,699,2,1398
1647,Google Pixel 8,3,2025-07-23 19:20:00,Sevilla,699,7,2097
1648,iPhone 15,2,2025-03-09 07:43:00,Valencia,999,3,1998
1649,Teclado Mecánico,3,2025-02-06 20:50:00,Sevilla,120,2,360
1650,AirPods Pro,1,2025-05-11 15:51:00,Valencia,249,5,249
1651,iPhone 15,2,2025-11-07 20:35:00,Bilbao,999,11,1998
1652,Teclado Mecánico,3,2025-10-06 22:44:00,Valencia,120,10,360
1653,AirPods Pro,1,2025-09-04 23:27:00,Valencia,249,9,249
1654,iPhone 15,2,2025-11-14 15:49:00,Valencia,999,11,1998
1655,Google Pixel 8,3,2025-07-29 01:59:00,Barcelona,699,7,2097
1656,AirPods Pro,3,2025-05-07 00:14:00,Madrid,249,5,747
1657,Cargador USB-C,4,2025-05-04 19:25:00,Barcelona,25,5,100
1658,Teclado Mecánico,4,2025-02-18 04:28:00,Sevilla,120,2,480
1659,Google Pixel 8,1,2025-02-23 17:04:00,Barcelona,699,2,699
1660,Monitor 4K,1,2025-02-28 11:31:00,Barcelona,399,2,399
1661,Google Pixel 8,3,2025-09-07 05:05:00,Barcelona,699,9,2097
1662,Cargador USB-C,1,2025-09-12 02:36:00,Barcelona,25,9,25
1663,MacBook Pro,2,2025-07-18 21:43:00,Barcelona,1499,7,2998
1664,AirPods Pro,2,2025-09-22 05:55:00,Madrid,249,9,498
1665,MacBook Pro,1,2025-08-11 04:02:00,Bilbao,1499,8,1499
1666,MacBook Pro,2,2025-09-26 13:10:00,Bilbao,1499,9,2998
1667,MacBook Pro,2,2025-02-03 16:37:00,Valencia,1499,2,2998
1668,AirPods Pro,3,2025-02-13 13:33:00,Sevilla,249,2,747
1669,Monitor 4K,3,2025-05-03 03:14:00,Madrid,399,5,1197
1670,Cargador USB-C,3,2025-02-13 21:13:00,Sevilla,25,2,75
1671,iPhone 15,3,2025-05-15 09:50:00,Barcelona,999,5,2997
1672,Cargador USB-C,1,2025-01-28 23:16:00,Barcelona,25,1,25
1673,AirPods Pro,4,2025-06-23 19:19:00,Madrid,249,6,996
1674,Monitor 4K,4,2025-02-15 15:55:00,Barcelona,399,2,1596
1675,Google Pixel 8,1,2025-10-28 14:06:00,Sevilla,699,10,699
1676,Cargador USB-C,3,2025-02-16 13:34:00,Sevilla,25,2,75
1677,iPhone 15,3,2025-10-10 10:39:00,Bilbao,999,10,2997
1678,iPhone 15,4,2025-07-29 13:27:00,Bilbao,999,7,3996
1679,Teclado Mecánico,1,2025-09-29 09:18:00,Madrid,120,9,120
1680,Teclado Mecánico,3,2025-05-31 17:54:00,Barcelona,120,5,360
1681,Teclado Mecánico,4,2025-01-29 06:18:00,Sevilla,120,1,480
1682,Teclado Mecánico,3,2025-04-29 01:59:00,Bilbao,120,4,360
1684,MacBook Pro,1,2025-12-20 05:04:00,Sevilla,1499,12,1499
1686,AirPods Pro,4,2025-07-13 01:44:00,Valencia,249,7,996
1687,Monitor 4K,4,2025-05-23 07:55:00,Valencia,399,5,1596
1688,Google Pixel 8,1,2025-01-10 18:05:00,Barcelona,699,1,699
1689,Google Pixel 8,3,2025-06-10 06:20:00,Bilbao,699,6,2097
1690,MacBook Pro,4,2025-09-09 11:44:00,Madrid,1499,9,5996
1691,MacBook Pro,2,2025-04-05 13:08:00,Sevilla,1499,4,2998
1692,AirPods Pro,3,2025-05-12 09:35:00,Sevilla,249,5,747
1693,Cargador USB-C,4,2025-10-05 12:01:00,Sevilla,25,10,100
1695,AirPods Pro,4,2025-06-04 06:54:00,Bilbao,249,6,996
1697,Teclado Mecánico,4,2025-01-26 20:12:00,Madrid,120,1,480
1698,iPhone 15,2,2025-02-10 08:15:00,Sevilla,999,2,1998
1699,Monitor 4K,2,2025-08-07 19:41:00,Madrid,399,8,798
1700,iPhone 15,2,2025-07-28 05:44:00,Valencia,999,7,1998
1701,Google Pixel 8,2,2025-05-15 15:52:00,Barcelona,699,5,1398
1702,Monitor 4K,3,2025-08-07 10:23:00,Barcelona,399,8,1197
1703,Monitor 4K,1,2025-02-02 05:05:00,Valencia,399,2,399
1704,Monitor 4K,2,2025-05-10 09:43:00,Valencia,399,5,798
1705,Monitor 4K,4,2025-01-29 04:57:00,Valencia,399,1,1596
1706,Teclado Mecánico,4,2025-07-30 20:51:00,Madrid,120,7,480
1707,Google Pixel 8,4,2025-04-14 19:01:00,Sevilla,699,4,2796
1708,Teclado Mecánico,4,2025-03-19 11:12:00,Sevilla,120,3,480
1709,Teclado Mecánico,3,2025-07-08 03:18:00,Bilbao,120,7,360
1710,AirPods Pro,2,2025-11-30 14:18:00,Valencia,249,11,498
1711,MacBook Pro,4,2025-04-11 15:23:00,Sevilla,1499,4,5996
1712,Google Pixel 8,1,2025-03-14 10:35:00,Bilbao,699,3,699
1713,Google Pixel 8,3,2025-02-09 12:44:00,Madrid,699,2,2097
1714,Cargador USB-C,3,2025-02-01 17:59:00,Barcelona,25,2,75
1715,MacBook Pro,3,2025-08-24 03:54:00,Barcelona,1499,8,4497
1716,Google Pixel 8,2,2025-12-19 10:46:00,Barcelona,699,12,1398
1717,Cargador USB-C,4,2025-10-16 10:16:00,Valencia,25,10,100
1718,Monitor 4K,1,2025-10-15 09:40:00,Madrid,399,10,399
1719,iPhone 15,2,2025-12-05 15:09:00,Bilbao,999,12,1998
1720,AirPods Pro,3,2025-04-11 03:01:00,Madrid,249,4,747
1721,MacBook Pro,4,2025-02-12 21:31:00,Sevilla,1499,2,5996
1722,Google Pixel 8,4,2025-03-04 02:33:00,Bilbao,699,3,2796
1723,MacBook Pro,4,2025-06-09 07:24:00,Barcelona,1499,6,5996
1724,Teclado Mecánico,1,2025-11-22 23:31:00,Sevilla,120,11,120
1725,AirPods Pro,4,2025-05-24 11:00:00,Madrid,249,5,996
1726,Teclado Mecánico,3,2025-02-20 05:35:00,Barcelona,120,2,360
1727,Monitor 4K,1,2025-11-01 11:35:00,Madrid,399,11,399
1728,iPhone 15,1,2025-06-07 11:39:00,Bilbao,999,6,999
1729,Cargador USB-C,4,2025-10-20 07:41:00,Bilbao,25,10,100
1730,AirPods Pro,4,2025-06-05 04:49:00,Bilbao,249,6,996
1731,Cargador USB-C,1,2025-02-27 02:13:00,Madrid,25,2,25
1732,MacBook Pro,4,2025-11-11 03:03:00,Barcelona,1499,11,5996
1733,Monitor 4K,1,2025-03-04 10:31:00,Valencia,399,3,399
1734,Monitor 4K,4,2025-06-06 08:46:00,Madrid,399,6,1596
1735,iPhone 15,4,2025-09-04 15:38:00,Bilbao,999,9,3996
1736,MacBook Pro,2,2025-11-24 00:04:00,Bilbao,1499,11,2998
1737,MacBook Pro,4,2025-02-02 10:37:00,Barcelona,1499,2,5996
1738,Monitor 4K,2,2025-07-01 02:07:00,Valencia,399,7,798
1739,MacBook Pro,3,2025-05-30 10:43:00,Barcelona,1499,5,4497
1740,Google Pixel 8,2,2025-10-25 07:37:00,Bilbao,699,10,1398
1741,MacBook Pro,1,2025-01-05 02:00:00,Sevilla,1499,1,1499
1742,Google Pixel 8,4,2025-10-24 07:32:00,Valencia,699,10,2796
1743,AirPods Pro,4,2025-06-17 19:37:00,Bilbao,249,6,996
1744,AirPods Pro,1,2025-07-28 18:31:00,Barcelona,249,7,249
1745,MacBook Pro,2,2025-08-18 13:59:00,Madrid,1499,8,2998
1746,Google Pixel 8,3,2025-11-04 17:20:00,Madrid,699,11,2097
1747,Teclado Mecánico,1,2025-03-09 11:17:00,Barcelona,120,3,120
1749,Google Pixel 8,2,2025-11-14 02:01:00,Valencia,699,11,1398
1750,Google Pixel 8,4,2025-04-22 00:40:00,Barcelona,699,4,2796
1751,AirPods Pro,3,2025-02-21 23:02:00,Bilbao,249,2,747
1752,AirPods Pro,3,2025-06-08 22:59:00,Sevilla,249,6,747
1753,iPhone 15,3,2025-02-27 17:48:00,Barcelona,999,2,2997
1754,AirPods Pro,1,2025-04-11 04:48:00,Barcelona,249,4,249
1755,Teclado Mecánico,3,2025-06-06 22:02:00,Valencia,120,6,360
1756,Monitor 4K,3,2025-05-23 04:47:00,Madrid,399,5,1197
1757,AirPods Pro,3,2025-11-06 18:14:00,Sevilla,249,11,747
1758,Monitor 4K,3,2025-05-23 08:54:00,Sevilla,399,5,1197
1759,Teclado Mecánico,2,2025-05-26 11:33:00,Valencia,120,5,240
1760,MacBook Pro,2,2025-08-29 10:18:00,Valencia,1499,8,2998
1761,Teclado Mecánico,4,2025-11-27 12:55:00,Barcelona,120,11,480
1762,Google Pixel 8,3,2025-11-26 22:30:00,Madrid,699,11,2097
1763,iPhone 15,2,2025-08-16 22:07:00,Sevilla,999,8,1998
1764,Cargador USB-C,4,2025-05-29 07:39:00,Madrid,25,5,100
1765,Google Pixel 8,1,2025-11-10 17:58:00,Bilbao,699,11,699
1766,Google Pixel 8,3,2025-06-04 12:01:00,Barcelona,699,6,2097
1767,MacBook Pro,3,2025-10-26 19:50:00,Bilbao,1499,10,4497
1768,Google Pixel 8,4,2025-02-03 19:27:00,Valencia,699,2,2796
1769,Teclado Mecánico,3,2025-12-22 08:45:00,Barcelona,120,12,360
1770,Google Pixel 8,1,2025-02-26 19:40:00,Valencia,699,2,699
1771,MacBook Pro,4,2025-11-23 22:47:00,Bilbao,1499,11,5996
1772,Monitor 4K,4,2025-10-14 02:43:00,Sevilla,399,10,1596
1773,Monitor 4K,3,2025-09-22 00:32:00,Bilbao,399,9,1197
1774,iPhone 15,2,2025-12-23 09:15:00,Valencia,999,12,1998
1775,AirPods Pro,2,2025-09-18 05:57:00,Bilbao,249,9,498
1776,Cargador USB-C,3,2025-03-05 10:54:00,Barcelona,25,3,75
1777,AirPods Pro,3,2025-04-05 22:08:00,Sevilla,249,4,747
1778,iPhone 15,2,2025-02-22 04:53:00,Sevilla,999,2,1998
1779,Cargador USB-C,3,2025-07-26 07:32:00,Valencia,25,7,75
1780,iPhone 15,4,2025-10-19 11:28:00,Bilbao,999,10,3996
1781,iPhone 15,2,2025-03-16 18:31:00,Bilbao,999,3,1998
1782,Monitor 4K,2,2025-02-22 19:17:00,Sevilla,399,2,798
1783,AirPods Pro,3,2025-01-16 09:35:00,Sevilla,249,1,747
1784,iPhone 15,2,2025-03-16 05:16:00,Madrid,999,3,1998
1786,Monitor 4K,2,2025-01-27 16:57:00,Sevilla,399,1,798
1787,Monitor 4K,2,2025-11-30 13:19:00,Sevilla,399,11,798
1788,Google Pixel 8,4,2025-03-31 13:13:00,Madrid,699,3,2796
1789,MacBook Pro,1,2025-01-26 09:26:00,Valencia,1499,1,1499
1790,MacBook Pro,2,2025-04-20 09:28:00,Barcelona,1499,4,2998
1791,MacBook Pro,1,2025-09-24 02:38:00,Madrid,1499,9,1499
1792,Cargador USB-C,1,2025-10-26 08:09:00,Sevilla,25,10,25
1793,AirPods Pro,2,2025-05-10 23:02:00,Bilbao,249,5,498
1794,Teclado Mecánico,3,2025-01-06 14:34:00,Bilbao,120,1,360
1795,Monitor 4K,4,2025-10-08 20:00:00,Valencia,399,10,1596
1796,iPhone 15,4,2025-12-04 04:22:00,Barcelona,999,12,3996
1798,iPhone 15,2,2025-12-07 16:34:00,Sevilla,999,12,1998
1799,Teclado Mecánico,3,2025-11-19 09:55:00,Barcelona,120,11,360
1800,AirPods Pro,4,2025-02-12 12:42:00,Valencia,249,2,996
1801,MacBook Pro,1,2025-12-29 18:41:00,Sevilla,1499,12,1499
1802,Teclado Mecánico,1,2025-06-12 16:06:00,Valencia,120,6,120
1804,MacBook Pro,1,2025-02-13 17:57:00,Barcelona,1499,2,1499
1805,iPhone 15,2,2025-01-10 05:53:00,Bilbao,999,1,1998
1807,Cargador USB-C,4,2025-05-03 03:46:00,Sevilla,25,5,100
1808,MacBook Pro,3,2025-11-10 10:55:00,Barcelona,1499,11,4497
1809,Cargador USB-C,3,2025-06-27 19:51:00,Madrid,25,6,75
1810,Google Pixel 8,2,2025-03-18 14:42:00,Barcelona,699,3,1398
1811,Teclado Mecánico,1,2025-08-15 05:05:00,Barcelona,120,8,120
1812,AirPods Pro,1,2025-10-19 08:04:00,Sevilla,249,10,249
1813,iPhone 15,3,2025-06-06 01:32:00,Valencia,999,6,2997
1814,AirPods Pro,3,2025-05-02 06:03:00,Bilbao,249,5,747
1815,Cargador USB-C,1,2025-08-12 18:31:00,Bilbao,25,8,25
1816,AirPods Pro,2,2025-11-21 10:27:00,Sevilla,249,11,498
1817,Teclado Mecánico,2,2025-04-21 19:36:00,Sevilla,120,4,240
1818,Cargador USB-C,1,2025-10-25 08:02:00,Barcelona,25,10,25
1819,Monitor 4K,1,2025-08-28 04:00:00,Barcelona,399,8,399
1820,Monitor 4K,2,2025-01-09 19:30:00,Sevilla,399,1,798
1821,Google Pixel 8,3,2025-07-08 18:56:00,Sevilla,699,7,2097
1822,Google Pixel 8,4,2025-11-19 00:08:00,Barcelona,699,11,2796
1823,Google Pixel 8,1,2025-03-28 20:15:00,Bilbao,699,3,699
1824,iPhone 15,1,2025-08-12 05:19:00,Barcelona,999,8,999
1825,Teclado Mecánico,4,2025-04-20 18:18:00,Barcelona,120,4,480
1826,Teclado Mecánico,1,2025-05-15 14:27:00,Barcelona,120,5,120
1827,MacBook Pro,3,2025-02-27 05:03:00,Valencia,1499,2,4497
1828,iPhone 15,4,2025-06-11 14:09:00,Bilbao,999,6,3996
1829,AirPods Pro,2,2025-01-25 11:03:00,Sevilla,249,1,498
1830,Monitor 4K,2,2025-07-03 03:05:00,Madrid,399,7,798
1831,iPhone 15,4,2025-10-15 22:23:00,Barcelona,999,10,3996
1832,iPhone 15,1,2025-07-26 22:39:00,Valencia,999,7,999
1834,Cargador USB-C,2,2025-08-09 00:27:00,Bilbao,25,8,50
1835,Google Pixel 8,3,2025-01-10 20:15:00,Madrid,699,1,2097
1836,iPhone 15,1,2025-04-13 19:02:00,Barcelona,999,4,999
1837,iPhone 15,1,2025-02-17 12:10:00,Valencia,999,2,999
1838,Teclado Mecánico,3,2025-06-01 10:48:00,Madrid,120,6,360
1839,Google Pixel 8,1,2025-02-22 06:31:00,Madrid,699,2,699
1841,Monitor 4K,2,2025-03-13 04:32:00,Valencia,399,3,798
1842,iPhone 15,3,2025-06-24 16:02:00,Madrid,999,6,2997
1843,Google Pixel 8,1,2025-06-28 02:17:00,Valencia,699,6,699
1844,MacBook Pro,1,2025-02-03 01:58:00,Valencia,1499,2,1499
1845,Monitor 4K,2,2025-02-28 11:57:00,Bilbao,399,2,798
1846,MacBook Pro,2,2025-11-23 00:23:00,Valencia,1499,11,2998
1847,MacBook Pro,2,2025-09-21 15:04:00,Madrid,1499,9,2998
1848,MacBook Pro,2,2025-11-26 16:56:00,Bilbao,1499,11,2998
1849,iPhone 15,1,2025-09-03 08:15:00,Valencia,999,9,999
1850,iPhone 15,4,2025-08-04 02:15:00,Madrid,999,8,3996
1851,iPhone 15,3,2025-10-10 11:16:00,Valencia,999,10,2997
1852,Cargador USB-C,4,2025-01-08 12:08:00,Barcelona,25,1,100
1853,AirPods Pro,1,2025-06-22 06:21:00,Madrid,249,6,249
1854,Google Pixel 8,3,2025-06-18 09:59:00,Valencia,699,6,2097
1855,Google Pixel 8,3,2025-04-30 23:44:00,Sevilla,699,4,2097
1856,Cargador USB-C,3,2025-10-16 17:41:00,Valencia,25,10,75
1857,Monitor 4K,4,2025-08-03 23:25:00,Madrid,399,8,1596
1858,Teclado Mecánico,4,2025-03-09 05:05:00,Barcelona,120,3,480
1859,Cargador USB-C,2,2025-02-19 18:36:00,Sevilla,25,2,50
1860,AirPods Pro,4,2025-05-07 14:50:00,Madrid,249,5,996
1861,iPhone 15,3,2025-12-28 19:20:00,Valencia,999,12,2997
1862,Google Pixel 8,2,2025-03-31 02:42:00,Madrid,699,3,1398
1863,Monitor 4K,2,2025-10-01 07:41:00,Madrid,399,10,798
1865,Cargador USB-C,1,2025-03-16 23:04:00,Valencia,25,3,25
1866,MacBook Pro,4,2025-08-28 13:20:00,Barcelona,1499,8,5996
1867,iPhone 15,2,2025-12-16 02:04:00,Madrid,999,12,1998
1868,Cargador USB-C,3,2025-10-07 02:16:00,Sevilla,25,10,75
1869,Monitor 4K,1,2025-09-17 13:51:00,Bilbao,399,9,399
1870,Monitor 4K,1,2025-07-12 12:21:00,Barcelona,399,7,399
1871,iPhone 15,4,2025-01-05 07:43:00,Bilbao,999,1,3996
1872,iPhone 15,4,2025-01-31 10:11:00,Sevilla,999,1,3996
1873,Google Pixel 8,4,2025-04-13 22:22:00,Barcelona,699,4,2796
1874,Teclado Mecánico,3,2025-07-08 12:51:00,Madrid,120,7,360
1875,AirPods Pro,2,2025-02-14 23:52:00,Sevilla,249,2,498
1876,iPhone 15,1,2025-09-04 06:08:00,Bilbao,999,9,999
1877,Teclado Mecánico,4,2025-11-15 15:27:00,Sevilla,120,11,480
1878,Cargador USB-C,1,2025-05-09 20:55:00,Valencia,25,5,25
1879,AirPods Pro,2,2025-04-15 07:43:00,Madrid,249,4,498
1880,Cargador USB-C,2,2025-09-01 17:02:00,Sevilla,25,9,50
1881,Monitor 4K,3,2025-04-17 17:30:00,Bilbao,399,4,1197
1882,AirPods Pro,2,2025-09-03 09:18:00,Barcelona,249,9,498
1883,Google Pixel 8,1,2025-07-28 12:32:00,Madrid,699,7,699
1884,MacBook Pro,3,2025-05-14 00:10:00,Valencia,1499,5,4497
1885,Google Pixel 8,4,2025-01-30 03:24:00,Bilbao,699,1,2796
1886,AirPods Pro,2,2025-06-24 16:52:00,Bilbao,249,6,498
1887,MacBook Pro,2,2025-09-30 20:42:00,Valencia,1499,9,2998
1888,Cargador USB-C,4,2025-09-02 08:34:00,Bilbao,25,9,100
1889,Google Pixel 8,3,2025-06-01 22:42:00,Madrid,699,6,2097
1890,Teclado Mecánico,4,2025-12-28 21:59:00,Valencia,120,12,480
1891,MacBook Pro,4,2025-04-22 17:40:00,Barcelona,1499,4,5996
1892,Teclado Mecánico,3,2025-09-17 20:16:00,Barcelona,120,9,360
1893,AirPods Pro,1,2025-03-01 16:21:00,Valencia,249,3,249
1894,AirPods Pro,4,2025-09-19 23:47:00,Madrid,249,9,996
1895,Cargador USB-C,1,2025-10-07 22:49:00,Sevilla,25,10,25
1896,Cargador USB-C,2,2025-08-13 10:48:00,Sevilla,25,8,50
1897,MacBook Pro,3,2025-11-22 02:24:00,Barcelona,1499,11,4497
1898,AirPods Pro,2,2025-07-26 06:30:00,Valencia,249,7,498
1899,iPhone 15,1,2025-05-03 02:46:00,Bilbao,999,5,999
1900,Google Pixel 8,1,2025-01-28 12:24:00,Valencia,699,1,699
1902,Monitor 4K,4,2025-02-17 18:20:00,Sevilla,399,2,1596
1903,MacBook Pro,4,2025-06-05 00:48:00,Barcelona,1499,6,5996
1904,Monitor 4K,1,2025-03-24 08:07:00,Bilbao,399,3,399
1905,Google Pixel 8,2,2025-10-13 01:38:00,Madrid,699,10,1398
1906,Google Pixel 8,1,2025-01-07 08:01:00,Bilbao,699,1,699
1907,Google Pixel 8,1,2025-03-19 03:51:00,Barcelona,699,3,699
1908,MacBook Pro,4,2025-11-29 10:30:00,Valencia,1499,11,5996
1909,iPhone 15,3,2025-08-31 09:20:00,Bilbao,999,8,2997
1910,Teclado Mecánico,4,2025-10-19 21:42:00,Madrid,120,10,480
1911,iPhone 15,2,2025-07-21 09:25:00,Sevilla,999,7,1998
1912,Cargador USB-C,3,2025-10-31 13:33:00,Bilbao,25,10,75
1913,iPhone 15,4,2025-04-19 18:53:00,Valencia,999,4,3996
1914,iPhone 15,1,2025-10-13 04:26:00,Bilbao,999,10,999
1915,iPhone 15,4,2025-06-05 14:16:00,Barcelona,999,6,3996
1916,MacBook Pro,1,2025-05-12 07:29:00,Valencia,1499,5,1499
1917,iPhone 15,1,2025-10-02 03:12:00,Bilbao,999,10,999
1918,AirPods Pro,3,2025-01-26 00:28:00,Valencia,249,1,747
1919,Google Pixel 8,3,2025-01-11 00:56:00,Bilbao,699,1,2097
1920,Monitor 4K,4,2025-10-07 16:32:00,Bilbao,399,10,1596
1921,Teclado Mecánico,1,2025-05-13 15:40:00,Valencia,120,5,120
1922,AirPods Pro,1,2025-12-05 23:10:00,Sevilla,249,12,249
1923,iPhone 15,3,2025-12-01 11:59:00,Bilbao,999,12,2997
1924,Monitor 4K,1,2025-08-26 19:18:00,Bilbao,399,8,399
1925,iPhone 15,3,2025-12-26 18:02:00,Bilbao,999,12,2997
1926,Teclado Mecánico,4,2025-10-10 15:44:00,Valencia,120,10,480
1927,AirPods Pro,4,2025-08-20 17:42:00,Sevilla,249,8,996
1928,iPhone 15,4,2025-01-16 02:08:00,Valencia,999,1,3996
1929,Monitor 4K,2,2025-05-18 15:55:00,Bilbao,399,5,798
1930,AirPods Pro,4,2025-12-07 08:41:00,Madrid,249,12,996
1931,Cargador USB-C,4,2025-11-22 01:14:00,Madrid,25,11,100
1932,Teclado Mecánico,1,2025-07-09 10:21:00,Madrid,120,7,120
1933,Cargador USB-C,4,2025-02-01 12:39:00,Valencia,25,2,100
1934,MacBook Pro,2,2025-06-02 05:22:00,Sevilla,1499,6,2998
1935,MacBook Pro,2,2025-02-16 10:33:00,Madrid,1499,2,2998
1936,AirPods Pro,3,2025-06-18 19:36:00,Bilbao,249,6,747
1937,Cargador USB-C,3,2025-05-14 22:33:00,Barcelona,25,5,75
1938,Cargador USB-C,4,2025-12-07 19:11:00,Valencia,25,12,100
1939,iPhone 15,3,2025-10-03 23:14:00,Bilbao,999,10,2997
1940,Monitor 4K,3,2025-11-20 14:15:00,Barcelona,399,11,1197
1941,AirPods Pro,1,2025-03-18 20:00:00,Madrid,249,3,249
1942,Cargador USB-C,1,2025-01-09 23:02:00,Sevilla,25,1,25
1943,Google Pixel 8,3,2025-07-04 04:05:00,Barcelona,699,7,2097
1944,Monitor 4K,3,2025-12-04 10:43:00,Madrid,399,12,1197
1945,MacBook Pro,1,2025-02-25 08:02:00,Barcelona,1499,2,1499
1946,Teclado Mecánico,1,2025-10-26 22:27:00,Valencia,120,10,120
1947,iPhone 15,4,2025-04-22 10:43:00,Bilbao,999,4,3996
1948,AirPods Pro,3,2025-10-22 07:45:00,Madrid,249,10,747
1949,Monitor 4K,2,2025-04-02 13:20:00,Bilbao,399,4,798
1950,Monitor 4K,4,2025-08-15 11:20:00,Madrid,399,8,1596
1951,Monitor 4K,1,2025-06-06 05:52:00,Bilbao,399,6,399
1952,Google Pixel 8,4,2025-03-23 09:15:00,Valencia,699,3,2796
1953,Monitor 4K,4,2025-11-07 10:44:00,Sevilla,399,11,1596
1954,AirPods Pro,3,2025-08-16 11:44:00,Bilbao,249,8,747
1955,iPhone 15,2,2025-05-05 00:56:00,Sevilla,999,5,1998
1956,Teclado Mecánico,1,2025-02-17 11:36:00,Bilbao,120,2,120
1957,Teclado Mecánico,4,2025-06-15 21:23:00,Madrid,120,6,480
1958,Google Pixel 8,2,2025-03-19 19:15:00,Sevilla,699,3,1398
1959,iPhone 15,3,2025-07-17 23:54:00,Barcelona,999,7,2997
1961,Teclado Mecánico,4,2025-01-26 04:47:00,Madrid,120,1,480
1962,Google Pixel 8,4,2025-01-23 07:59:00,Bilbao,699,1,2796
1963,Monitor 4K,2,2025-08-08 00:20:00,Sevilla,399,8,798
1964,Cargador USB-C,3,2025-09-12 20:57:00,Barcelona,25,9,75
1965,iPhone 15,3,2025-09-23 21:13:00,Valencia,999,9,2997
1966,Monitor 4K,2,2025-12-05 21:01:00,Sevilla,399,12,798
1967,iPhone 15,1,2025-09-21 21:00:00,Sevilla,999,9,999
1968,Monitor 4K,1,2025-07-08 15:11:00,Madrid,399,7,399
1969,Cargador USB-C,2,2025-05-03 01:08:00,Barcelona,25,5,50
1970,AirPods Pro,1,2025-10-09 12:01:00,Sevilla,249,10,249
1971,MacBook Pro,1,2025-02-02 14:30:00,Sevilla,1499,2,1499
1972,Google Pixel 8,4,2025-01-16 09:45:00,Barcelona,699,1,2796
1973,iPhone 15,2,2025-08-31 12:10:00,Sevilla,999,8,1998
1974,Google Pixel 8,1,2025-07-18 12:56:00,Bilbao,699,7,699
1975,AirPods Pro,4,2025-04-06 08:04:00,Madrid,249,4,996
1976,Monitor 4K,2,2025-10-13 15:32:00,Madrid,399,10,798
1977,iPhone 15,3,2025-08-20 13:59:00,Barcelona,999,8,2997
1978,AirPods Pro,2,2025-12-19 07:20:00,Sevilla,249,12,498
1979,AirPods Pro,3,2025-08-20 02:40:00,Bilbao,249,8,747
1980,Google Pixel 8,2,2025-03-27 10:19:00,Bilbao,699,3,1398
1981,AirPods Pro,1,2025-06-12 02:25:00,Valencia,249,6,249
1982,Google Pixel 8,3,2025-11-24 02:35:00,Valencia,699,11,2097
1983,Google Pixel 8,3,2025-08-21 03:49:00,Valencia,699,8,2097
1984,Cargador USB-C,1,2025-12-11 00:06:00,Valencia,25,12,25
1985,Monitor 4K,4,2025-07-19 02:34:00,Barcelona,399,7,1596
1986,MacBook Pro,4,2025-01-13 01:36:00,Madrid,1499,1,5996
1987,Monitor 4K,3,2025-08-28 02:24:00,Bilbao,399,8,1197
1988,iPhone 15,1,2025-11-11 12:49:00,Bilbao,999,11,999
1989,iPhone 15,4,2025-11-10 15:39:00,Sevilla,999,11,3996
1990,MacBook Pro,1,2025-11-10 04:16:00,Barcelona,1499,11,1499
1991,Monitor 4K,2,2025-12-14 14:30:00,Madrid,399,12,798
1992,Cargador USB-C,2,2025-01-11 08:27:00,Sevilla,25,1,50
1993,Google Pixel 8,3,2025-12-24 05:57:00,Bilbao,699,12,2097
1994,Cargador USB-C,4,2025-03-16 22:38:00,Sevilla,25,3,100
1995,Monitor 4K,1,2025-05-28 06:58:00,Bilbao,399,5,399
1996,Google Pixel 8,4,2025-05-20 06:29:00,Sevilla,699,5,2796
1997,AirPods Pro,1,2025-09-27 03:12:00,Barcelona,249,9,249
1998,MacBook Pro,4,2025-10-19 06:12:00,Sevilla,1499,10,5996
1999,Teclado Mecánico,1,2025-06-13 16:13:00,Barcelona,120,6,120
2000,Teclado Mecánico,2,2025-09-20 20:23:00,Bilbao,120,9,240
2001,AirPods Pro,4,2025-07-21 07:20:00,Barcelona,249,7,996
2002,Google Pixel 8,4,2025-08-04 00:37:00,Madrid,699,8,2796
2003,AirPods Pro,3,2025-12-27 09:24:00,Barcelona,249,12,747
2004,Monitor 4K,2,2025-05-30 03:53:00,Bilbao,399,5,798
2005,MacBook Pro,2,2025-01-05 21:53:00,Sevilla,1499,1,2998
2006,iPhone 15,4,2025-05-23 10:53:00,Valencia,999,5,3996
2007,Teclado Mecánico,3,2025-02-08 17:31:00,Madrid,120,2,360
2008,AirPods Pro,1,2025-02-28 07:52:00,Madrid,249,2,249
2009,Cargador USB-C,3,2025-09-10 03:21:00,Madrid,25,9,75
2010,AirPods Pro,1,2025-10-27 09:52:00,Sevilla,249,10,249
2011,Cargador USB-C,4,2025-01-06 01:19:00,Madrid,25,1,100
2012,iPhone 15,2,2025-10-10 05:04:00,Sevilla,999,10,1998
2013,Google Pixel 8,2,2025-07-30 02:59:00,Madrid,699,7,1398
2014,Google Pixel 8,2,2025-12-22 05:14:00,Barcelona,699,12,1398
2015,Google Pixel 8,2,2025-05-25 18:35:00,Barcelona,699,5,1398
2016,iPhone 15,2,2025-06-26 03:39:00,Madrid,999,6,1998
2017,MacBook Pro,1,2025-10-26 18:31:00,Valencia,1499,10,1499
2018,MacBook Pro,4,2025-01-24 11:05:00,Madrid,1499,1,5996
2019,Google Pixel 8,4,2025-02-22 00:23:00,Bilbao,699,2,2796
2020,AirPods Pro,1,2025-06-12 08:27:00,Sevilla,249,6,249
2021,iPhone 15,2,2025-12-06 19:44:00,Barcelona,999,12,1998
2022,iPhone 15,1,2025-06-04 11:33:00,Valencia,999,6,999
2023,MacBook Pro,4,2025-12-27 23:53:00,Valencia,1499,12,5996
2024,MacBook Pro,1,2025-06-27 17:03:00,Sevilla,1499,6,1499
2025,AirPods Pro,3,2025-04-04 09:42:00,Madrid,249,4,747
2026,AirPods Pro,3,2025-01-24 07:36:00,Barcelona,249,1,747
2027,Monitor 4K,2,2025-10-28 19:58:00,Bilbao,399,10,798
2028,iPhone 15,2,2025-04-16 12:22:00,Barcelona,999,4,1998
2029,Monitor 4K,3,2025-03-13 00:25:00,Bilbao,399,3,1197
2030,MacBook Pro,4,2025-06-29 02:11:00,Bilbao,1499,6,5996
2031,Cargador USB-C,1,2025-03-08 21:44:00,Barcelona,25,3,25
2032,MacBook Pro,2,2025-10-11 04:47:00,Barcelona,1499,10,2998
2033,Monitor 4K,2,2025-02-12 04:04:00,Madrid,399,2,798
2034,AirPods Pro,4,2025-08-07 08:35:00,Sevilla,249,8,996
2035,iPhone 15,2,2025-12-30 14:26:00,Sevilla,999,12,1998
2036,iPhone 15,1,2025-01-19 04:41:00,Bilbao,999,1,999
2037,Teclado Mecánico,2,2025-05-10 22:16:00,Sevilla,120,5,240
2038,Google Pixel 8,3,2025-01-09 21:54:00,Valencia,699,1,2097
2039,Teclado Mecánico,1,2025-04-11 23:02:00,Sevilla,120,4,120
2040,iPhone 15,4,2025-11-06 07:35:00,Barcelona,999,11,3996
2041,Cargador USB-C,1,2025-09-04 03:39:00,Valencia,25,9,25
2042,iPhone 15,3,2025-11-27 05:07:00,Valencia,999,11,2997
2043,Monitor 4K,4,2025-08-30 06:45:00,Valencia,399,8,1596
2044,Google Pixel 8,4,2025-11-21 06:26:00,Valencia,699,11,2796
2045,MacBook Pro,3,2025-11-03 04:31:00,Sevilla,1499,11,4497
2046,Monitor 4K,3,2025-09-16 12:39:00,Valencia,399,9,1197
2047,AirPods Pro,4,2025-03-08 19:09:00,Sevilla,249,3,996
2048,Cargador USB-C,1,2025-12-14 22:20:00,Madrid,25,12,25
2049,iPhone 15,2,2025-02-04 22:32:00,Barcelona,999,2,1998
2051,Cargador USB-C,3,2025-10-03 21:27:00,Sevilla,25,10,75
2052,Monitor 4K,1,2025-05-01 18:55:00,Sevilla,399,5,399
2053,Cargador USB-C,3,2025-02-07 13:42:00,Bilbao,25,2,75
2054,Monitor 4K,4,2025-09-10 09:12:00,Sevilla,399,9,1596
2055,Cargador USB-C,2,2025-05-29 10:28:00,Valencia,25,5,50
2056,MacBook Pro,2,2025-11-25 09:41:00,Sevilla,1499,11,2998
2057,Monitor 4K,2,2025-12-11 13:57:00,Sevilla,399,12,798
2058,Teclado Mecánico,4,2025-12-13 04:35:00,Valencia,120,12,480
2059,Teclado Mecánico,1,2025-08-31 03:23:00,Barcelona,120,8,120
2062,Google Pixel 8,3,2025-08-03 15:23:00,Sevilla,699,8,2097
2063,MacBook Pro,2,2025-01-30 23:27:00,Barcelona,1499,1,2998
2064,Monitor 4K,4,2025-02-11 10:44:00,Bilbao,399,2,1596
2065,Teclado Mecánico,2,2025-12-27 01:38:00,Madrid,120,12,240
2066,Teclado Mecánico,3,2025-03-10 21:21:00,Madrid,120,3,360
2067,MacBook Pro,1,2025-07-07 21:39:00,Valencia,1499,7,1499
2068,Teclado Mecánico,4,2025-07-24 20:08:00,Valencia,120,7,480
2069,iPhone 15,2,2025-11-14 06:40:00,Madrid,999,11,1998
2070,Google Pixel 8,4,2025-05-02 18:58:00,Sevilla,699,5,2796
2071,AirPods Pro,1,2025-12-17 19:43:00,Bilbao,249,12,249
2072,AirPods Pro,4,2025-05-13 18:28:00,Bilbao,249,5,996
2073,Monitor 4K,3,2025-08-11 13:36:00,Valencia,399,8,1197
2074,Monitor 4K,3,2025-08-09 21:39:00,Sevilla,399,8,1197
2075,AirPods Pro,1,2025-12-19 17:38:00,Bilbao,249,12,249
2076,MacBook Pro,2,2025-08-22 12:47:00,Sevilla,1499,8,2998
2077,MacBook Pro,4,2025-07-15 09:33:00,Barcelona,1499,7,5996
2078,Google Pixel 8,3,2025-11-22 05:51:00,Bilbao,699,11,2097
2080,Teclado Mecánico,2,2025-09-24 08:46:00,Barcelona,120,9,240
2081,Monitor 4K,1,2025-04-27 04:26:00,Barcelona,399,4,399
2082,iPhone 15,4,2025-06-15 08:23:00,Valencia,999,6,3996
2083,Google Pixel 8,2,2025-03-01 23:40:00,Bilbao,699,3,1398
2084,Teclado Mecánico,2,2025-03-17 15:33:00,Madrid,120,3,240
2085,Google Pixel 8,3,2025-11-28 11:18:00,Bilbao,699,11,2097
2086,AirPods Pro,3,2025-03-27 08:07:00,Bilbao,249,3,747
2087,Google Pixel 8,1,2025-07-23 07:12:00,Madrid,699,7,699
2088,Cargador USB-C,2,2025-04-05 00:43:00,Bilbao,25,4,50
2089,MacBook Pro,4,2025-11-16 00:17:00,Bilbao,1499,11,5996
2090,iPhone 15,4,2025-05-07 17:18:00,Madrid,999,5,3996
2091,Cargador USB-C,4,2025-01-05 05:30:00,Madrid,25,1,100
2092,Monitor 4K,3,2025-10-01 17:34:00,Bilbao,399,10,1197
2093,AirPods Pro,1,2025-01-04 05:25:00,Barcelona,249,1,249
2094,Monitor 4K,1,2025-01-23 10:26:00,Valencia,399,1,399
2095,MacBook Pro,4,2025-01-02 15:56:00,Valencia,1499,1,5996
2096,Google Pixel 8,4,2025-08-12 23:19:00,Barcelona,699,8,2796
2097,Google Pixel 8,1,2025-08-29 20:48:00,Barcelona,699,8,699
2098,Google Pixel 8,1,2025-08-06 22:51:00,Madrid,699,8,699
2099,Teclado Mecánico,2,2025-11-23 03:11:00,Barcelona,120,11,240
2100,MacBook Pro,2,2025-09-06 03:30:00,Madrid,1499,9,2998
2101,iPhone 15,3,2025-02-03 23:31:00,Madrid,999,2,2997
2102,AirPods Pro,3,2025-07-04 17:48:00,Bilbao,249,7,747
2103,AirPods Pro,1,2025-06-18 07:01:00,Bilbao,249,6,249
2104,Teclado Mecánico,1,2025-07-10 14:53:00,Valencia,120,7,120
2105,iPhone 15,3,2025-01-24 21:15:00,Valencia,999,1,2997
2106,Cargador USB-C,1,2025-02-20 05:54:00,Valencia,25,2,25
2107,MacBook Pro,4,2025-02-02 19:18:00,Barcelona,1499,2,5996
2108,Cargador USB-C,1,2025-12-31 13:17:00,Valencia,25,12,25
2109,Teclado Mecánico,3,2025-12-14 15:20:00,Barcelona,120,12,360
2110,Monitor 4K,1,2025-01-17 20:40:00,Sevilla,399,1,399
2111,Monitor 4K,3,2025-08-13 06:27:00,Madrid,399,8,1197
2112,Cargador USB-C,4,2025-11-11 01:38:00,Sevilla,25,11,100
2113,AirPods Pro,1,2025-01-18 09:44:00,Barcelona,249,1,249
2114,Cargador USB-C,1,2025-02-12 13:36:00,Valencia,25,2,25
2115,Teclado Mecánico,2,2025-06-16 04:05:00,Valencia,120,6,240
2116,Google Pixel 8,4,2025-12-29 23:06:00,Sevilla,699,12,2796
2117,iPhone 15,3,2025-09-12 02:56:00,Sevilla,999,9,2997
2118,Monitor 4K,1,2025-08-25 13:56:00,Valencia,399,8,399
2119,AirPods Pro,2,2025-03-03 22:13:00,Barcelona,249,3,498
2120,MacBook Pro,1,2025-04-13 07:51:00,Barcelona,1499,4,1499
2122,Teclado Mecánico,4,2025-07-09 14:49:00,Valencia,120,7,480
2123,Cargador USB-C,2,2025-02-14 06:30:00,Sevilla,25,2,50
2124,Monitor 4K,3,2025-08-10 01:23:00,Valencia,399,8,1197
2125,MacBook Pro,4,2025-03-17 18:46:00,Bilbao,1499,3,5996
2126,iPhone 15,4,2025-11-02 01:19:00,Barcelona,999,11,3996
2127,MacBook Pro,1,2025-09-10 11:00:00,Bilbao,1499,9,1499
2128,MacBook Pro,1,2025-04-20 08:00:00,Valencia,1499,4,1499
2129,Cargador USB-C,4,2025-03-29 05:49:00,Bilbao,25,3,100
2130,iPhone 15,1,2025-01-22 20:43:00,Sevilla,999,1,999
2131,Teclado Mecánico,2,2025-12-14 00:21:00,Sevilla,120,12,240
2132,Teclado Mecánico,1,2025-07-31 21:31:00,Barcelona,120,7,120
2133,Teclado Mecánico,1,2025-10-11 19:52:00,Madrid,120,10,120
2134,MacBook Pro,1,2025-01-06 11:37:00,Valencia,1499,1,1499
2135,AirPods Pro,2,2025-09-19 17:19:00,Valencia,249,9,498
2136,Teclado Mecánico,2,2025-08-16 15:59:00,Sevilla,120,8,240
2138,Cargador USB-C,3,2025-01-10 02:22:00,Madrid,25,1,75
2139,Cargador USB-C,3,2025-11-12 15:58:00,Bilbao,25,11,75
2140,AirPods Pro,3,2025-01-20 04:21:00,Valencia,249,1,747
2141,MacBook Pro,3,2025-09-29 05:31:00,Valencia,1499,9,4497
2142,iPhone 15,3,2025-09-24 10:47:00,Sevilla,999,9,2997
2143,Monitor 4K,1,2025-03-20 00:03:00,Valencia,399,3,399
2144,Google Pixel 8,3,2025-11-15 20:27:00,Madrid,699,11,2097
2145,Google Pixel 8,3,2025-05-27 06:53:00,Sevilla,699,5,2097
2146,Cargador USB-C,1,2025-01-16 14:28:00,Valencia,25,1,25
2147,iPhone 15,1,2025-07-03 00:11:00,Sevilla,999,7,999
2148,AirPods Pro,1,2025-10-04 21:41:00,Madrid,249,10,249
2149,AirPods Pro,4,2025-09-15 13:33:00,Barcelona,249,9,996
2150,Google Pixel 8,3,2025-01-03 03:27:00,Valencia,699,1,2097
2151,Cargador USB-C,4,2025-03-24 03:56:00,Sevilla,25,3,100
2152,Teclado Mecánico,2,2025-08-18 21:24:00,Valencia,120,8,240
2153,MacBook Pro,2,2025-11-15 16:30:00,Valencia,1499,11,2998
2154,AirPods Pro,1,2025-08-20 22:59:00,Barcelona,249,8,249
2155,MacBook Pro,2,2025-03-24 10:21:00,Valencia,1499,3,2998
2156,Monitor 4K,1,2025-04-06 04:04:00,Valencia,399,4,399
2157,MacBook Pro,2,2025-08-15 00:56:00,Madrid,1499,8,2998
2158,Google Pixel 8,3,2025-02-21 01:00:00,Barcelona,699,2,2097
2159,Cargador USB-C,2,2025-07-13 09:16:00,Madrid,25,7,50
2160,iPhone 15,4,2025-11-12 11:21:00,Valencia,999,11,3996
2161,Monitor 4K,3,2025-07-10 07:05:00,Madrid,399,7,1197
2162,Teclado Mecánico,3,2025-08-04 13:14:00,Barcelona,120,8,360
2163,AirPods Pro,3,2025-05-04 07:58:00,Barcelona,249,5,747
2164,Cargador USB-C,3,2025-04-04 22:44:00,Madrid,25,4,75
2165,MacBook Pro,2,2025-09-03 23:05:00,Sevilla,1499,9,2998
2166,iPhone 15,1,2025-03-23 00:30:00,Madrid,999,3,999
2167,iPhone 15,1,2025-06-10 07:56:00,Barcelona,999,6,999
2168,Teclado Mecánico,3,2025-03-07 12:07:00,Sevilla,120,3,360
2169,iPhone 15,4,2025-12-02 02:36:00,Sevilla,999,12,3996
2170,Monitor 4K,2,2025-04-28 15:12:00,Valencia,399,4,798
2171,Cargador USB-C,4,2025-08-25 00:06:00,Barcelona,25,8,100
2172,AirPods Pro,3,2025-12-11 22:21:00,Barcelona,249,12,747
2173,Teclado Mecánico,1,2025-10-09 22:26:00,Valencia,120,10,120
2174,Cargador USB-C,4,2025-07-30 03:50:00,Sevilla,25,7,100
2175,Google Pixel 8,1,2025-08-09 16:31:00,Barcelona,699,8,699
2176,Teclado Mecánico,2,2025-09-26 06:12:00,Valencia,120,9,240
2177,Teclado Mecánico,2,2025-02-07 07:00:00,Bilbao,120,2,240
2178,Teclado Mecánico,2,2025-04-06 23:21:00,Bilbao,120,4,240
2179,Monitor 4K,2,2025-07-31 15:12:00,Madrid,399,7,798
2180,Cargador USB-C,1,2025-06-16 12:19:00,Barcelona,25,6,25
2181,Monitor 4K,3,2025-05-18 08:45:00,Barcelona,399,5,1197
2182,Cargador USB-C,1,2025-04-02 21:54:00,Bilbao,25,4,25
2183,iPhone 15,1,2025-04-26 02:29:00,Barcelona,999,4,999
2184,Cargador USB-C,3,2025-04-23 17:20:00,Valencia,25,4,75
2185,AirPods Pro,2,2025-07-26 21:38:00,Madrid,249,7,498
2186,Cargador USB-C,3,2025-03-05 04:28:00,Sevilla,25,3,75
2187,Cargador USB-C,4,2025-12-17 05:00:00,Sevilla,25,12,100
2188,Monitor 4K,2,2025-01-22 13:07:00,Madrid,399,1,798
2189,iPhone 15,2,2025-03-26 08:58:00,Barcelona,999,3,1998
2190,Google Pixel 8,2,2025-08-19 02:59:00,Barcelona,699,8,1398
2191,MacBook Pro,3,2025-02-18 00:54:00,Sevilla,1499,2,4497
2192,MacBook Pro,4,2025-10-27 17:22:00,Madrid,1499,10,5996
2193,AirPods Pro,3,2025-12-19 08:43:00,Valencia,249,12,747
2194,Cargador USB-C,2,2025-01-25 02:37:00,Sevilla,25,1,50
2195,Monitor 4K,3,2025-10-21 00:55:00,Valencia,399,10,1197
2196,Monitor 4K,1,2025-09-07 13:22:00,Barcelona,399,9,399
2197,Cargador USB-C,2,2025-08-19 13:30:00,Sevilla,25,8,50
2198,iPhone 15,2,2025-02-10 01:28:00,Valencia,999,2,1998
2199,Teclado Mecánico,1,2025-03-23 18:38:00,Valencia,120,3,120
2200,AirPods Pro,3,2025-12-03 21:59:00,Bilbao,249,12,747
2201,Teclado Mecánico,3,2025-04-08 17:20:00,Bilbao,120,4,360
2202,Monitor 4K,1,2025-07-08 21:15:00,Bilbao,399,7,399
2203,Google Pixel 8,1,2025-12-07 23:13:00,Madrid,699,12,699
2204,iPhone 15,2,2025-07-24 06:36:00,Valencia,999,7,1998
2205,iPhone 15,2,2025-02-21 20:34:00,Bilbao,999,2,1998
2206,Monitor 4K,2,2025-11-21 05:10:00,Bilbao,399,11,798
2207,Monitor 4K,1,2025-07-18 06:38:00,Madrid,399,7,399
2208,Cargador USB-C,4,2025-02-15 20:21:00,Barcelona,25,2,100
2209,Teclado Mecánico,1,2025-01-23 21:45:00,Sevilla,120,1,120
2210,Cargador USB-C,4,2025-06-14 21:10:00,Valencia,25,6,100
2211,Cargador USB-C,2,2025-10-09 21:02:00,Madrid,25,10,50
2212,AirPods Pro,2,2025-02-26 23:07:00,Sevilla,249,2,498
2213,Google Pixel 8,1,2025-12-25 23:17:00,Bilbao,699,12,699
2214,AirPods Pro,2,2025-08-18 06:11:00,Bilbao,249,8,498
2215,Google Pixel 8,1,2025-11-07 13:12:00,Valencia,699,11,699
2216,MacBook Pro,2,2025-11-24 07:01:00,Barcelona,1499,11,2998
2217,Google Pixel 8,1,2025-12-22 04:07:00,Sevilla,699,12,699
2218,Teclado Mecánico,3,2025-01-03 10:35:00,Valencia,120,1,360
2219,iPhone 15,3,2025-07-12 11:51:00,Valencia,999,7,2997
2220,Google Pixel 8,3,2025-12-09 08:02:00,Barcelona,699,12,2097
2221,Cargador USB-C,2,2025-09-10 07:06:00,Madrid,25,9,50
2222,AirPods Pro,1,2025-10-21 17:32:00,Bilbao,249,10,249
2223,MacBook Pro,4,2025-04-28 12:38:00,Barcelona,1499,4,5996
2224,Google Pixel 8,4,2025-08-10 21:26:00,Barcelona,699,8,2796
2225,Teclado Mecánico,2,2025-04-16 14:07:00,Barcelona,120,4,240
2226,iPhone 15,4,2025-03-25 21:52:00,Valencia,999,3,3996
2227,Teclado Mecánico,3,2025-01-08 02:13:00,Sevilla,120,1,360
2229,MacBook Pro,4,2025-10-28 11:28:00,Valencia,1499,10,5996
2230,MacBook Pro,1,2025-10-27 02:12:00,Valencia,1499,10,1499
2232,Teclado Mecánico,1,2025-03-20 07:33:00,Madrid,120,3,120
2233,AirPods Pro,3,2025-05-12 23:02:00,Madrid,249,5,747
2234,Teclado Mecánico,2,2025-11-23 03:20:00,Bilbao,120,11,240
2235,Teclado Mecánico,2,2025-02-23 22:04:00,Madrid,120,2,240
2236,Cargador USB-C,1,2025-11-06 21:51:00,Bilbao,25,11,25
2237,Cargador USB-C,1,2025-08-02 16:51:00,Bilbao,25,8,25
2238,iPhone 15,2,2025-10-28 06:29:00,Bilbao,999,10,1998
2239,Google Pixel 8,1,2025-04-14 12:52:00,Bilbao,699,4,699
2240,Cargador USB-C,2,2025-06-27 09:09:00,Madrid,25,6,50
2241,Teclado Mecánico,2,2025-06-01 05:02:00,Madrid,120,6,240
2242,Teclado Mecánico,3,2025-01-03 03:45:00,Sevilla,120,1,360
2243,AirPods Pro,1,2025-08-10 21:42:00,Valencia,249,8,249
2244,iPhone 15,4,2025-06-08 14:53:00,Madrid,999,6,3996
2245,MacBook Pro,4,2025-02-26 23:01:00,Valencia,1499,2,5996
2246,Monitor 4K,2,2025-10-10 22:59:00,Madrid,399,10,798
2247,MacBook Pro,3,2025-11-15 06:56:00,Bilbao,1499,11,4497
2248,Monitor 4K,3,2025-07-29 03:40:00,Bilbao,399,7,1197
2249,Monitor 4K,3,2025-12-24 19:03:00,Sevilla,399,12,1197
2251,AirPods Pro,3,2025-10-03 10:09:00,Barcelona,249,10,747
2253,AirPods Pro,3,2025-06-26 02:41:00,Valencia,249,6,747
2254,Monitor 4K,1,2025-03-25 13:03:00,Valencia,399,3,399
2255,Google Pixel 8,4,2025-01-22 00:05:00,Barcelona,699,1,2796
2256,iPhone 15,3,2025-03-01 01:55:00,Valencia,999,3,2997
2257,iPhone 15,3,2025-06-13 23:05:00,Valencia,999,6,2997
2258,iPhone 15,2,2025-05-22 01:07:00,Valencia,999,5,1998
2259,Monitor 4K,4,2025-11-23 06:42:00,Sevilla,399,11,1596
2260,iPhone 15,1,2025-01-28 18:08:00,Sevilla,999,1,999
2261,Monitor 4K,3,2025-08-31 17:36:00,Barcelona,399,8,1197
2262,MacBook Pro,4,2025-07-02 02:30:00,Barcelona,1499,7,5996
2263,Teclado Mecánico,2,2025-08-30 15:06:00,Madrid,120,8,240
2264,MacBook Pro,2,2025-06-13 12:40:00,Madrid,1499,6,2998
2265,Teclado Mecánico,2,2025-01-30 21:26:00,Madrid,120,1,240
2266,MacBook Pro,4,2025-12-25 15:25:00,Sevilla,1499,12,5996
2268,Teclado Mecánico,2,2025-11-22 06:21:00,Valencia,120,11,240
2269,Teclado Mecánico,4,2025-02-06 17:54:00,Madrid,120,2,480
2270,MacBook Pro,1,2025-09-10 08:30:00,Madrid,1499,9,1499
2271,Monitor 4K,2,2025-10-31 17:47:00,Barcelona,399,10,798
2272,Cargador USB-C,3,2025-05-17 14:33:00,Madrid,25,5,75
2273,AirPods Pro,4,2025-07-18 17:15:00,Bilbao,249,7,996
2274,MacBook Pro,3,2025-07-24 23:03:00,Sevilla,1499,7,4497
2275,iPhone 15,4,2025-08-13 04:18:00,Barcelona,999,8,3996
2276,Monitor 4K,2,2025-01-14 18:17:00,Madrid,399,1,798
2277,Google Pixel 8,1,2025-11-20 17:09:00,Valencia,699,11,699
2278,Teclado Mecánico,2,2025-12-06 18:34:00,Barcelona,120,12,240
2279,AirPods Pro,3,2025-04-10 11:00:00,Barcelona,249,4,747
2280,Google Pixel 8,3,2025-10-28 16:07:00,Sevilla,699,10,2097
2281,Google Pixel 8,4,2025-03-09 07:32:00,Sevilla,699,3,2796
2282,MacBook Pro,1,2025-10-21 19:14:00,Sevilla,1499,10,1499
2283,Monitor 4K,1,2025-04-08 16:15:00,Bilbao,399,4,399
2284,Cargador USB-C,4,2025-06-09 00:15:00,Valencia,25,6,100
2285,Teclado Mecánico,2,2025-07-29 23:26:00,Sevilla,120,7,240
2286,Monitor 4K,1,2025-04-28 13:02:00,Bilbao,399,4,399
2288,Cargador USB-C,4,2025-03-23 10:14:00,Barcelona,25,3,100
2289,Cargador USB-C,4,2025-06-01 07:26:00,Sevilla,25,6,100
2290,Monitor 4K,2,2025-10-18 09:07:00,Bilbao,399,10,798
2292,Google Pixel 8,4,2025-04-30 09:21:00,Madrid,699,4,2796
2293,Teclado Mecánico,4,2025-12-09 13:35:00,Madrid,120,12,480
2294,Monitor 4K,4,2025-12-27 15:42:00,Madrid,399,12,1596
2295,iPhone 15,4,2025-10-11 14:34:00,Madrid,999,10,3996
2296,Google Pixel 8,3,2025-07-28 18:26:00,Barcelona,699,7,2097
2297,Google Pixel 8,3,2025-07-17 12:02:00,Madrid,699,7,2097
2298,MacBook Pro,1,2025-06-22 04:20:00,Sevilla,1499,6,1499
2299,MacBook Pro,3,2025-11-20 05:09:00,Madrid,1499,11,4497
2300,Cargador USB-C,1,2025-09-27 11:32:00,Bilbao,25,9,25
2301,Monitor 4K,2,2025-04-14 07:35:00,Madrid,399,4,798
2302,AirPods Pro,4,2025-07-15 19:00:00,Sevilla,249,7,996
2303,iPhone 15,4,2025-08-12 11:18:00,Valencia,999,8,3996
2304,Teclado Mecánico,2,2025-12-03 05:26:00,Bilbao,120,12,240
2305,iPhone 15,1,2025-07-17 01:57:00,Sevilla,999,7,999
2306,Google Pixel 8,2,2025-09-05 08:56:00,Madrid,699,9,1398
2307,MacBook Pro,2,2025-08-23 22:31:00,Sevilla,1499,8,2998
2308,iPhone 15,1,2025-12-24 14:57:00,Madrid,999,12,999
2309,Cargador USB-C,4,2025-03-29 10:21:00,Valencia,25,3,100
2310,Monitor 4K,2,2025-06-27 21:27:00,Sevilla,399,6,798
2311,AirPods Pro,1,2025-01-30 16:30:00,Barcelona,249,1,249
2312,AirPods Pro,2,2025-02-16 03:30:00,Sevilla,249,2,498
2313,MacBook Pro,3,2025-05-16 10:24:00,Sevilla,1499,5,4497
2314,MacBook Pro,3,2025-05-20 09:56:00,Madrid,1499,5,4497
2315,Cargador USB-C,1,2025-05-10 15:22:00,Barcelona,25,5,25
2316,Cargador USB-C,3,2025-09-18 01:42:00,Madrid,25,9,75
2317,Google Pixel 8,3,2025-07-22 20:00:00,Barcelona,699,7,2097
2318,Teclado Mecánico,3,2025-03-08 08:17:00,Valencia,120,3,360
2319,Cargador USB-C,1,2025-08-28 14:08:00,Barcelona,25,8,25
2320,Google Pixel 8,1,2025-05-15 22:18:00,Bilbao,699,5,699
2321,AirPods Pro,1,2025-04-20 21:39:00,Bilbao,249,4,249
2322,MacBook Pro,1,2025-06-01 00:41:00,Sevilla,1499,6,1499
2323,AirPods Pro,1,2025-08-04 15:08:00,Barcelona,249,8,249
2324,MacBook Pro,2,2025-07-29 13:18:00,Sevilla,1499,7,2998
2325,AirPods Pro,1,2025-02-19 03:46:00,Bilbao,249,2,249
2326,Teclado Mecánico,2,2025-02-02 01:09:00,Bilbao,120,2,240
2327,Google Pixel 8,3,2025-05-08 15:15:00,Madrid,699,5,2097
2328,Monitor 4K,3,2025-07-24 22:06:00,Madrid,399,7,1197
2329,iPhone 15,3,2025-12-16 19:19:00,Valencia,999,12,2997
2331,Teclado Mecánico,3,2025-11-21 07:39:00,Sevilla,120,11,360
2332,AirPods Pro,2,2025-06-29 17:35:00,Bilbao,249,6,498
2334,MacBook Pro,4,2025-05-02 21:23:00,Valencia,1499,5,5996
2335,AirPods Pro,2,2025-07-22 13:11:00,Bilbao,249,7,498
2336,Monitor 4K,3,2025-03-14 04:21:00,Bilbao,399,3,1197
2337,MacBook Pro,3,2025-11-15 15:59:00,Madrid,1499,11,4497
2338,iPhone 15,1,2025-12-23 12:01:00,Sevilla,999,12,999
2339,MacBook Pro,2,2025-05-13 14:15:00,Madrid,1499,5,2998
2340,iPhone 15,1,2025-05-11 07:15:00,Sevilla,999,5,999
2341,Cargador USB-C,2,2025-10-01 05:08:00,Bilbao,25,10,50
2342,iPhone 15,4,2025-02-16 09:04:00,Madrid,999,2,3996
2343,AirPods Pro,2,2025-02-16 10:26:00,Barcelona,249,2,498
2344,Google Pixel 8,2,2025-03-31 19:07:00,Bilbao,699,3,1398
2345,AirPods Pro,1,2025-08-21 18:04:00,Madrid,249,8,249
2346,Monitor 4K,1,2025-10-17 02:13:00,Bilbao,399,10,399
2347,Google Pixel 8,2,2025-08-11 05:09:00,Bilbao,699,8,1398
2348,MacBook Pro,4,2025-11-12 12:47:00,Valencia,1499,11,5996
2349,Teclado Mecánico,3,2025-07-11 10:42:00,Sevilla,120,7,360
2350,Teclado Mecánico,2,2025-09-19 12:03:00,Sevilla,120,9,240
2351,MacBook Pro,4,2025-01-11 16:59:00,Sevilla,1499,1,5996
2352,iPhone 15,4,2025-09-08 01:49:00,Sevilla,999,9,3996
2354,Google Pixel 8,3,2025-11-24 06:46:00,Valencia,699,11,2097
2355,MacBook Pro,2,2025-12-31 07:28:00,Valencia,1499,12,2998
2356,Monitor 4K,3,2025-10-05 17:52:00,Barcelona,399,10,1197
2357,Google Pixel 8,4,2025-07-25 21:06:00,Valencia,699,7,2796
2359,MacBook Pro,1,2025-04-13 23:21:00,Bilbao,1499,4,1499
2360,Teclado Mecánico,2,2025-02-22 23:49:00,Bilbao,120,2,240
2361,Cargador USB-C,2,2025-09-01 10:59:00,Barcelona,25,9,50
2363,Monitor 4K,2,2025-04-05 19:40:00,Bilbao,399,4,798
2364,AirPods Pro,1,2025-11-01 13:08:00,Bilbao,249,11,249
2365,iPhone 15,2,2025-06-30 20:46:00,Sevilla,999,6,1998
2366,Cargador USB-C,3,2025-09-09 01:45:00,Madrid,25,9,75
2367,Google Pixel 8,4,2025-04-22 00:25:00,Bilbao,699,4,2796
2368,Teclado Mecánico,1,2025-10-13 20:42:00,Bilbao,120,10,120
2369,AirPods Pro,1,2025-06-22 02:19:00,Barcelona,249,6,249
2370,Cargador USB-C,4,2025-01-12 06:46:00,Madrid,25,1,100
2371,AirPods Pro,1,2025-09-08 00:00:00,Bilbao,249,9,249
2372,Teclado Mecánico,1,2025-07-09 12:16:00,Valencia,120,7,120
2373,Teclado Mecánico,1,2025-09-01 18:59:00,Bilbao,120,9,120
2374,MacBook Pro,1,2025-05-15 16:44:00,Valencia,1499,5,1499
2375,AirPods Pro,2,2025-01-24 13:11:00,Madrid,249,1,498
2376,iPhone 15,4,2025-12-05 10:59:00,Sevilla,999,12,3996
2377,MacBook Pro,2,2025-05-22 07:48:00,Sevilla,1499,5,2998
2378,Google Pixel 8,2,2025-09-28 23:08:00,Madrid,699,9,1398
2379,MacBook Pro,4,2025-10-24 22:44:00,Madrid,1499,10,5996
2380,Google Pixel 8,3,2025-10-13 07:33:00,Madrid,699,10,2097
2381,iPhone 15,4,2025-11-24 05:15:00,Madrid,999,11,3996
2382,AirPods Pro,3,2025-09-28 22:43:00,Barcelona,249,9,747
2383,MacBook Pro,2,2025-08-17 13:24:00,Barcelona,1499,8,2998
2384,Google Pixel 8,4,2025-11-12 08:55:00,Madrid,699,11,2796
2385,MacBook Pro,3,2025-05-19 11:05:00,Madrid,1499,5,4497
2387,iPhone 15,4,2025-07-10 12:36:00,Bilbao,999,7,3996
2389,iPhone 15,1,2025-05-13 11:20:00,Bilbao,999,5,999
2390,Monitor 4K,2,2025-08-24 11:18:00,Valencia,399,8,798
2391,MacBook Pro,2,2025-02-05 23:33:00,Valencia,1499,2,2998
2392,Teclado Mecánico,1,2025-08-25 19:00:00,Sevilla,120,8,120
2393,Monitor 4K,1,2025-10-18 17:08:00,Sevilla,399,10,399
2394,Teclado Mecánico,3,2025-07-14 12:26:00,Bilbao,120,7,360
2395,Google Pixel 8,2,2025-04-26 08:59:00,Madrid,699,4,1398
2396,Monitor 4K,2,2025-12-24 06:24:00,Madrid,399,12,798
2397,Google Pixel 8,4,2025-01-28 04:28:00,Madrid,699,1,2796
2398,iPhone 15,3,2025-02-28 23:00:00,Valencia,999,2,2997
2399,Google Pixel 8,1,2025-12-18 06:29:00,Valencia,699,12,699
2400,Cargador USB-C,4,2025-05-01 04:41:00,Madrid,25,5,100
2401,Google Pixel 8,3,2025-10-25 04:12:00,Valencia,699,10,2097
2402,Monitor 4K,1,2025-03-31 05:18:00,Madrid,399,3,399
2403,MacBook Pro,1,2025-09-22 14:59:00,Sevilla,1499,9,1499
2404,Teclado Mecánico,4,2025-09-15 04:07:00,Valencia,120,9,480
2405,Google Pixel 8,1,2025-01-19 15:04:00,Barcelona,699,1,699
2406,iPhone 15,1,2025-04-18 14:32:00,Bilbao,999,4,999
2407,iPhone 15,2,2025-02-03 08:51:00,Bilbao,999,2,1998
2408,Cargador USB-C,4,2025-11-10 05:46:00,Sevilla,25,11,100
2409,MacBook Pro,2,2025-04-01 12:36:00,Madrid,1499,4,2998
2410,MacBook Pro,1,2025-05-03 22:50:00,Sevilla,1499,5,1499
2411,Monitor 4K,4,2025-08-09 08:18:00,Bilbao,399,8,1596
2413,Monitor 4K,4,2025-12-07 10:42:00,Barcelona,399,12,1596
2414,Google Pixel 8,1,2025-09-27 07:51:00,Barcelona,699,9,699
2415,Monitor 4K,2,2025-03-06 03:11:00,Valencia,399,3,798
2416,Monitor 4K,1,2025-09-26 15:49:00,Sevilla,399,9,399
2417,Monitor 4K,3,2025-12-27 05:12:00,Valencia,399,12,1197
2418,Google Pixel 8,4,2025-02-03 04:01:00,Madrid,699,2,2796
2419,AirPods Pro,4,2025-12-01 02:32:00,Barcelona,249,12,996
2420,iPhone 15,4,2025-03-23 09:32:00,Valencia,999,3,3996
2421,AirPods Pro,4,2025-07-12 05:42:00,Bilbao,249,7,996
2422,MacBook Pro,1,2025-07-26 22:46:00,Bilbao,1499,7,1499
2423,Google Pixel 8,1,2025-04-06 05:04:00,Bilbao,699,4,699
2424,iPhone 15,3,2025-04-20 03:53:00,Valencia,999,4,2997
2425,iPhone 15,2,2025-03-19 17:47:00,Madrid,999,3,1998
2426,Teclado Mecánico,4,2025-04-13 17:09:00,Barcelona,120,4,480
2427,iPhone 15,2,2025-12-21 01:31:00,Sevilla,999,12,1998
2429,Monitor 4K,3,2025-01-14 20:01:00,Sevilla,399,1,1197
2430,Teclado Mecánico,2,2025-08-29 09:06:00,Madrid,120,8,240
2431,Monitor 4K,4,2025-02-28 23:29:00,Bilbao,399,2,1596
2432,Google Pixel 8,4,2025-07-08 09:52:00,Madrid,699,7,2796
2433,Google Pixel 8,3,2025-05-14 23:53:00,Sevilla,699,5,2097
2434,Cargador USB-C,3,2025-12-11 12:52:00,Madrid,25,12,75
2435,Google Pixel 8,3,2025-05-26 19:24:00,Madrid,699,5,2097
2436,Cargador USB-C,2,2025-11-30 19:02:00,Barcelona,25,11,50
2437,AirPods Pro,3,2025-04-25 22:10:00,Barcelona,249,4,747
2438,Cargador USB-C,2,2025-05-17 13:04:00,Sevilla,25,5,50
2439,iPhone 15,4,2025-08-21 21:12:00,Sevilla,999,8,3996
2440,MacBook Pro,3,2025-08-03 07:12:00,Sevilla,1499,8,4497
2441,Cargador USB-C,2,2025-09-28 23:32:00,Barcelona,25,9,50
2442,Monitor 4K,3,2025-01-07 17:06:00,Barcelona,399,1,1197
2443,AirPods Pro,4,2025-04-13 09:51:00,Valencia,249,4,996
2444,iPhone 15,2,2025-01-15 07:36:00,Bilbao,999,1,1998
2445,Teclado Mecánico,3,2025-04-16 00:57:00,Valencia,120,4,360
2446,Monitor 4K,4,2025-09-10 19:02:00,Bilbao,399,9,1596
2447,Cargador USB-C,2,2025-10-07 15:47:00,Bilbao,25,10,50
2448,AirPods Pro,1,2025-05-23 16:17:00,Sevilla,249,5,249
2449,Cargador USB-C,3,2025-10-06 23:00:00,Madrid,25,10,75
2450,Cargador USB-C,4,2025-06-18 13:37:00,Madrid,25,6,100
2451,MacBook Pro,1,2025-12-01 11:55:00,Sevilla,1499,12,1499
2452,Teclado Mecánico,3,2025-03-31 14:10:00,Barcelona,120,3,360
2453,Monitor 4K,1,2025-09-18 08:57:00,Bilbao,399,9,399
2454,Teclado Mecánico,4,2025-05-25 22:14:00,Sevilla,120,5,480
2455,Cargador USB-C,4,2025-01-09 00:13:00,Sevilla,25,1,100
2456,AirPods Pro,1,2025-09-08 23:10:00,Sevilla,249,9,249
2457,AirPods Pro,3,2025-07-11 22:16:00,Sevilla,249,7,747
2458,MacBook Pro,4,2025-03-16 03:58:00,Madrid,1499,3,5996
2459,Cargador USB-C,3,2025-06-22 02:18:00,Valencia,25,6,75
2460,MacBook Pro,4,2025-07-16 06:26:00,Sevilla,1499,7,5996
2461,Google Pixel 8,4,2025-03-01 06:50:00,Sevilla,699,3,2796
2462,Cargador USB-C,3,2025-11-30 22:40:00,Valencia,25,11,75
2463,iPhone 15,4,2025-10-05 10:56:00,Bilbao,999,10,3996
2464,Google Pixel 8,3,2025-04-15 04:13:00,Madrid,699,4,2097
2465,Cargador USB-C,3,2025-03-09 19:19:00,Madrid,25,3,75
2466,iPhone 15,3,2025-02-26 00:53:00,Sevilla,999,2,2997
2467,MacBook Pro,2,2025-06-03 10:18:00,Barcelona,1499,6,2998
2468,AirPods Pro,4,2025-04-27 12:06:00,Bilbao,249,4,996
2469,MacBook Pro,3,2025-06-12 10:33:00,Madrid,1499,6,4497
2470,Teclado Mecánico,2,2025-03-05 23:26:00,Bilbao,120,3,240
2471,Monitor 4K,4,2025-06-12 02:07:00,Bilbao,399,6,1596
2472,AirPods Pro,2,2025-10-28 07:00:00,Sevilla,249,10,498
2473,Monitor 4K,3,2025-07-08 16:33:00,Valencia,399,7,1197
2474,iPhone 15,4,2025-10-27 06:51:00,Bilbao,999,10,3996
2475,Teclado Mecánico,2,2025-06-10 03:18:00,Barcelona,120,6,240
2476,MacBook Pro,1,2025-09-01 11:04:00,Valencia,1499,9,1499
2477,AirPods Pro,3,2025-05-02 14:59:00,Madrid,249,5,747
2478,iPhone 15,3,2025-03-23 23:21:00,Bilbao,999,3,2997
2479,Cargador USB-C,1,2025-07-26 15:32:00,Valencia,25,7,25
2480,Google Pixel 8,4,2025-04-09 02:15:00,Valencia,699,4,2796
2481,Teclado Mecánico,1,2025-09-27 08:24:00,Valencia,120,9,120
2482,Monitor 4K,1,2025-11-15 00:20:00,Sevilla,399,11,399
2483,Monitor 4K,2,2025-12-26 11:02:00,Sevilla,399,12,798
2484,iPhone 15,4,2025-10-21 04:19:00,Bilbao,999,10,3996
2485,AirPods Pro,1,2025-01-23 15:27:00,Sevilla,249,1,249
2486,MacBook Pro,3,2025-01-25 13:32:00,Barcelona,1499,1,4497
2487,Monitor 4K,4,2025-07-28 04:46:00,Sevilla,399,7,1596
2488,Google Pixel 8,1,2025-05-12 19:15:00,Madrid,699,5,699
2489,MacBook Pro,4,2025-12-17 13:32:00,Bilbao,1499,12,5996
2490,Cargador USB-C,4,2025-10-30 10:58:00,Barcelona,25,10,100
2491,Teclado Mecánico,1,2025-03-09 23:29:00,Valencia,120,3,120
2492,Monitor 4K,3,2025-01-19 08:36:00,Bilbao,399,1,1197
2493,Monitor 4K,3,2025-01-15 08:24:00,Madrid,399,1,1197
2494,Monitor 4K,2,2025-07-31 02:40:00,Sevilla,399,7,798
2495,iPhone 15,1,2025-11-26 00:16:00,Valencia,999,11,999
2496,Google Pixel 8,2,2025-05-25 23:49:00,Barcelona,699,5,1398
2497,Google Pixel 8,3,2025-06-24 19:08:00,Madrid,699,6,2097
2498,Monitor 4K,3,2025-07-15 22:07:00,Sevilla,399,7,1197
2499,AirPods Pro,1,2025-02-24 09:29:00,Sevilla,249,2,249
2500,Teclado Mecánico,3,2025-09-26 03:47:00,Madrid,120,9,360
2501,Monitor 4K,1,2025-04-02 01:29:00,Bilbao,399,4,399
2502,iPhone 15,2,2025-07-26 05:09:00,Madrid,999,7,1998
2503,iPhone 15,4,2025-02-22 02:29:00,Sevilla,999,2,3996
2504,AirPods Pro,3,2025-10-01 11:18:00,Bilbao,249,10,747
2505,Teclado Mecánico,4,2025-04-25 21:20:00,Valencia,120,4,480
2506,MacBook Pro,1,2025-02-25 03:43:00,Sevilla,1499,2,1499
2507,Monitor 4K,1,2025-09-07 02:57:00,Barcelona,399,9,399
2509,Google Pixel 8,1,2025-04-27 18:27:00,Bilbao,699,4,699
2511,AirPods Pro,1,2025-06-01 10:51:00,Barcelona,249,6,249
2512,Monitor 4K,4,2025-11-23 02:03:00,Sevilla,399,11,1596
2513,Teclado Mecánico,2,2025-08-24 01:09:00,Valencia,120,8,240
2514,Monitor 4K,4,2025-02-01 19:09:00,Valencia,399,2,1596
2515,MacBook Pro,4,2025-12-27 03:00:00,Barcelona,1499,12,5996
2516,Monitor 4K,1,2025-03-02 14:20:00,Barcelona,399,3,399
2517,MacBook Pro,2,2025-03-06 23:50:00,Valencia,1499,3,2998
2518,Cargador USB-C,4,2025-01-12 02:46:00,Sevilla,25,1,100
2519,MacBook Pro,3,2025-02-25 16:10:00,Sevilla,1499,2,4497
2521,Monitor 4K,1,2025-09-14 21:02:00,Sevilla,399,9,399
2522,AirPods Pro,2,2025-06-20 07:20:00,Barcelona,249,6,498
2523,MacBook Pro,2,2025-05-10 00:27:00,Barcelona,1499,5,2998
2524,Teclado Mecánico,2,2025-07-15 03:05:00,Sevilla,120,7,240
2525,Teclado Mecánico,3,2025-12-28 14:12:00,Sevilla,120,12,360
2526,Google Pixel 8,2,2025-07-08 18:59:00,Barcelona,699,7,1398
2527,AirPods Pro,2,2025-12-21 02:59:00,Valencia,249,12,498
2528,Monitor 4K,3,2025-01-03 23:24:00,Barcelona,399,1,1197
2529,MacBook Pro,2,2025-03-17 19:09:00,Sevilla,1499,3,2998
2530,Teclado Mecánico,2,2025-04-23 23:06:00,Madrid,120,4,240
2531,Google Pixel 8,4,2025-06-09 04:02:00,Sevilla,699,6,2796
2532,iPhone 15,3,2025-04-14 23:14:00,Bilbao,999,4,2997
2533,MacBook Pro,1,2025-06-29 20:18:00,Sevilla,1499,6,1499
2534,Google Pixel 8,2,2025-02-15 20:03:00,Valencia,699,2,1398
2535,iPhone 15,1,2025-06-17 08:37:00,Madrid,999,6,999
2536,AirPods Pro,2,2025-05-06 13:53:00,Sevilla,249,5,498
2537,Teclado Mecánico,3,2025-10-04 14:26:00,Barcelona,120,10,360
2538,Cargador USB-C,2,2025-08-27 16:26:00,Madrid,25,8,50
2539,iPhone 15,1,2025-05-08 12:12:00,Bilbao,999,5,999
2540,Monitor 4K,4,2025-12-07 05:56:00,Sevilla,399,12,1596
2541,Google Pixel 8,2,2025-03-30 08:24:00,Sevilla,699,3,1398
2542,MacBook Pro,4,2025-07-16 22:15:00,Madrid,1499,7,5996
2544,Monitor 4K,2,2025-12-30 16:10:00,Madrid,399,12,798
2545,AirPods Pro,4,2025-04-24 19:54:00,Barcelona,249,4,996
2546,Teclado Mecánico,4,2025-07-26 20:27:00,Bilbao,120,7,480
2547,MacBook Pro,1,2025-12-29 04:14:00,Bilbao,1499,12,1499
2548,iPhone 15,3,2025-11-28 21:47:00,Valencia,999,11,2997
2549,AirPods Pro,1,2025-06-02 21:01:00,Madrid,249,6,249
2550,AirPods Pro,1,2025-02-23 07:27:00,Madrid,249,2,249
2551,AirPods Pro,3,2025-05-05 18:40:00,Valencia,249,5,747
2552,Google Pixel 8,1,2025-04-12 18:08:00,Barcelona,699,4,699
2553,MacBook Pro,3,2025-09-20 17:03:00,Sevilla,1499,9,4497
2554,Google Pixel 8,3,2025-02-06 22:38:00,Sevilla,699,2,2097
2555,AirPods Pro,3,2025-03-17 20:49:00,Valencia,249,3,747
2556,Teclado Mecánico,4,2025-03-18 03:40:00,Bilbao,120,3,480
2557,AirPods Pro,3,2025-12-03 13:04:00,Bilbao,249,12,747
2558,Cargador USB-C,2,2025-09-21 07:21:00,Sevilla,25,9,50
2559,MacBook Pro,2,2025-11-25 18:21:00,Barcelona,1499,11,2998
2560,Teclado Mecánico,3,2025-02-10 15:31:00,Valencia,120,2,360
2561,Cargador USB-C,3,2025-08-19 11:19:00,Bilbao,25,8,75
2562,iPhone 15,1,2025-06-05 03:26:00,Bilbao,999,6,999
2563,Google Pixel 8,3,2025-08-20 16:52:00,Barcelona,699,8,2097
2564,iPhone 15,1,2025-04-28 07:11:00,Bilbao,999,4,999
2565,Cargador USB-C,1,2025-01-25 17:48:00,Barcelona,25,1,25
2566,MacBook Pro,4,2025-06-15 10:55:00,Barcelona,1499,6,5996
2567,Teclado Mecánico,1,2025-12-27 06:38:00,Barcelona,120,12,120
2568,AirPods Pro,3,2025-09-04 14:24:00,Madrid,249,9,747
2569,Cargador USB-C,3,2025-10-25 15:47:00,Sevilla,25,10,75
2570,Monitor 4K,2,2025-02-14 10:35:00,Barcelona,399,2,798
2571,AirPods Pro,1,2025-04-15 14:50:00,Madrid,249,4,249
2572,AirPods Pro,2,2025-09-03 10:33:00,Madrid,249,9,498
2573,MacBook Pro,1,2025-06-18 21:17:00,Barcelona,1499,6,1499
2574,Teclado Mecánico,1,2025-09-02 16:11:00,Valencia,120,9,120
2575,MacBook Pro,2,2025-12-01 06:10:00,Barcelona,1499,12,2998
2576,iPhone 15,2,2025-09-22 01:49:00,Sevilla,999,9,1998
2577,AirPods Pro,4,2025-11-30 13:10:00,Bilbao,249,11,996
2578,MacBook Pro,2,2025-09-14 06:46:00,Sevilla,1499,9,2998
2579,AirPods Pro,1,2025-12-09 03:47:00,Sevilla,249,12,249
2580,iPhone 15,2,2025-10-10 17:13:00,Madrid,999,10,1998
2581,AirPods Pro,2,2025-05-04 14:04:00,Bilbao,249,5,498
2582,Monitor 4K,3,2025-04-07 11:58:00,Barcelona,399,4,1197
2583,MacBook Pro,3,2025-09-02 01:37:00,Sevilla,1499,9,4497
2584,MacBook Pro,4,2025-07-23 13:35:00,Madrid,1499,7,5996
2585,Google Pixel 8,4,2025-12-03 18:30:00,Bilbao,699,12,2796
2586,Cargador USB-C,2,2025-12-05 21:44:00,Madrid,25,12,50
2587,iPhone 15,4,2025-11-12 08:10:00,Barcelona,999,11,3996
2588,Teclado Mecánico,3,2025-09-14 12:01:00,Sevilla,120,9,360
2589,MacBook Pro,2,2025-04-11 11:34:00,Bilbao,1499,4,2998
2590,MacBook Pro,2,2025-03-18 20:01:00,Madrid,1499,3,2998
2591,Monitor 4K,1,2025-12-04 08:27:00,Valencia,399,12,399
2592,Monitor 4K,4,2025-11-10 18:27:00,Sevilla,399,11,1596
2593,Teclado Mecánico,3,2025-06-26 22:20:00,Valencia,120,6,360
2594,Monitor 4K,4,2025-09-06 20:37:00,Bilbao,399,9,1596
2595,Monitor 4K,4,2025-12-04 12:58:00,Bilbao,399,12,1596
2596,MacBook Pro,3,2025-01-28 05:07:00,Barcelona,1499,1,4497
2598,iPhone 15,1,2025-09-05 21:13:00,Bilbao,999,9,999
2599,MacBook Pro,1,2025-04-23 12:27:00,Valencia,1499,4,1499
2600,Monitor 4K,3,2025-01-23 20:34:00,Bilbao,399,1,1197
2601,AirPods Pro,4,2025-09-15 14:46:00,Madrid,249,9,996
2602,MacBook Pro,4,2025-08-31 18:43:00,Valencia,1499,8,5996
2603,Cargador USB-C,2,2025-07-07 16:01:00,Bilbao,25,7,50
2604,Cargador USB-C,2,2025-12-30 05:44:00,Bilbao,25,12,50
2605,Teclado Mecánico,2,2025-10-14 01:43:00,Bilbao,120,10,240
2606,AirPods Pro,4,2025-06-23 21:39:00,Valencia,249,6,996
2607,MacBook Pro,1,2025-09-04 17:21:00,Valencia,1499,9,1499
2608,iPhone 15,3,2025-10-15 18:30:00,Sevilla,999,10,2997
2609,Monitor 4K,3,2025-05-21 04:40:00,Bilbao,399,5,1197
2610,Google Pixel 8,1,2025-10-21 09:37:00,Valencia,699,10,699
2611,iPhone 15,1,2025-11-09 23:35:00,Madrid,999,11,999
2612,iPhone 15,4,2025-07-18 01:32:00,Sevilla,999,7,3996
2613,Monitor 4K,2,2025-11-30 04:27:00,Barcelona,399,11,798
2614,Teclado Mecánico,3,2025-11-23 22:38:00,Sevilla,120,11,360
2615,AirPods Pro,3,2025-09-09 04:25:00,Valencia,249,9,747
2616,Cargador USB-C,4,2025-10-18 05:27:00,Valencia,25,10,100
2617,Monitor 4K,2,2025-01-04 16:32:00,Valencia,399,1,798
2618,AirPods Pro,2,2025-11-29 21:43:00,Valencia,249,11,498
2619,Cargador USB-C,3,2025-05-25 15:21:00,Barcelona,25,5,75
2620,Cargador USB-C,4,2025-08-06 13:35:00,Valencia,25,8,100
2621,Teclado Mecánico,1,2025-08-04 23:30:00,Madrid,120,8,120
2622,MacBook Pro,3,2025-12-19 23:05:00,Madrid,1499,12,4497
2624,Google Pixel 8,4,2025-04-16 03:18:00,Madrid,699,4,2796
2625,iPhone 15,2,2025-10-01 14:00:00,Madrid,999,10,1998
2626,Google Pixel 8,3,2025-04-18 18:45:00,Valencia,699,4,2097
2627,iPhone 15,1,2025-06-17 03:24:00,Barcelona,999,6,999
2628,Teclado Mecánico,4,2025-10-14 22:42:00,Madrid,120,10,480
2629,Google Pixel 8,3,2025-12-28 07:19:00,Madrid,699,12,2097
2630,iPhone 15,1,2025-01-27 14:28:00,Barcelona,999,1,999
2631,iPhone 15,1,2025-03-13 02:57:00,Bilbao,999,3,999
2632,Google Pixel 8,4,2025-05-26 03:09:00,Valencia,699,5,2796
2633,Teclado Mecánico,2,2025-03-25 08:09:00,Madrid,120,3,240
2634,Google Pixel 8,2,2025-08-24 18:04:00,Bilbao,699,8,1398
2635,MacBook Pro,1,2025-09-15 12:18:00,Madrid,1499,9,1499
2636,Monitor 4K,2,2025-08-05 00:44:00,Madrid,399,8,798
2637,Monitor 4K,2,2025-10-30 18:19:00,Barcelona,399,10,798
2638,Monitor 4K,2,2025-01-09 00:19:00,Barcelona,399,1,798
2639,iPhone 15,1,2025-09-14 11:57:00,Sevilla,999,9,999
2640,MacBook Pro,1,2025-02-27 09:57:00,Valencia,1499,2,1499
2641,Monitor 4K,1,2025-03-11 13:35:00,Sevilla,399,3,399
2642,Teclado Mecánico,1,2025-10-26 19:12:00,Barcelona,120,10,120
2643,Google Pixel 8,4,2025-03-22 14:05:00,Barcelona,699,3,2796
2644,AirPods Pro,4,2025-02-27 10:44:00,Valencia,249,2,996
2645,Teclado Mecánico,2,2025-05-19 18:02:00,Barcelona,120,5,240
2646,MacBook Pro,4,2025-03-11 07:33:00,Madrid,1499,3,5996
2647,iPhone 15,1,2025-04-19 17:34:00,Valencia,999,4,999
2648,Cargador USB-C,3,2025-04-10 02:04:00,Sevilla,25,4,75
2649,iPhone 15,1,2025-09-13 20:26:00,Madrid,999,9,999
2651,Teclado Mecánico,1,2025-08-18 08:35:00,Madrid,120,8,120
2652,Teclado Mecánico,3,2025-01-01 23:19:00,Bilbao,120,1,360
2653,Google Pixel 8,4,2025-11-11 15:39:00,Barcelona,699,11,2796
2654,Google Pixel 8,4,2025-03-09 11:25:00,Sevilla,699,3,2796
2655,Monitor 4K,3,2025-02-22 12:13:00,Barcelona,399,2,1197
2656,MacBook Pro,2,2025-02-08 23:05:00,Bilbao,1499,2,2998
2657,Teclado Mecánico,3,2025-07-18 03:54:00,Madrid,120,7,360
2658,MacBook Pro,2,2025-03-20 10:29:00,Bilbao,1499,3,2998
2659,AirPods Pro,4,2025-05-31 12:08:00,Valencia,249,5,996
2660,MacBook Pro,3,2025-02-26 06:16:00,Sevilla,1499,2,4497
2661,AirPods Pro,4,2025-10-21 19:04:00,Barcelona,249,10,996
2662,MacBook Pro,2,2025-04-10 02:15:00,Bilbao,1499,4,2998
2664,Teclado Mecánico,2,2025-11-28 02:13:00,Madrid,120,11,240
2665,iPhone 15,4,2025-09-16 01:25:00,Sevilla,999,9,3996
2666,Monitor 4K,3,2025-05-21 06:56:00,Bilbao,399,5,1197
2667,Teclado Mecánico,2,2025-05-23 21:27:00,Sevilla,120,5,240
2668,Monitor 4K,3,2025-01-25 19:32:00,Madrid,399,1,1197
2669,Monitor 4K,1,2025-06-19 04:19:00,Barcelona,399,6,399
2670,Teclado Mecánico,2,2025-03-22 14:18:00,Barcelona,120,3,240
2671,Monitor 4K,3,2025-05-13 06:00:00,Madrid,399,5,1197
2672,MacBook Pro,3,2025-11-18 00:26:00,Barcelona,1499,11,4497
2673,MacBook Pro,1,2025-03-13 20:39:00,Valencia,1499,3,1499
2675,AirPods Pro,4,2025-03-18 17:45:00,Madrid,249,3,996
2676,AirPods Pro,1,2025-02-18 14:42:00,Madrid,249,2,249
2677,Teclado Mecánico,4,2025-02-10 00:01:00,Barcelona,120,2,480
2678,MacBook Pro,4,2025-07-08 08:21:00,Barcelona,1499,7,5996
2679,MacBook Pro,1,2025-10-25 08:18:00,Madrid,1499,10,1499
2680,Monitor 4K,1,2025-03-12 18:46:00,Bilbao,399,3,399
2681,Google Pixel 8,2,2025-08-02 06:07:00,Barcelona,699,8,1398
2682,iPhone 15,1,2025-06-07 04:11:00,Madrid,999,6,999
2683,MacBook Pro,4,2025-07-17 15:38:00,Barcelona,1499,7,5996
2684,Cargador USB-C,3,2025-04-16 01:00:00,Barcelona,25,4,75
2685,Cargador USB-C,3,2025-09-26 11:15:00,Bilbao,25,9,75
2686,iPhone 15,1,2025-09-29 15:57:00,Barcelona,999,9,999
2687,AirPods Pro,1,2025-12-09 06:06:00,Madrid,249,12,249
2688,MacBook Pro,3,2025-08-05 06:50:00,Sevilla,1499,8,4497
2689,MacBook Pro,2,2025-01-17 16:27:00,Barcelona,1499,1,2998
2690,iPhone 15,1,2025-05-05 20:04:00,Sevilla,999,5,999
2691,Monitor 4K,3,2025-01-19 22:53:00,Barcelona,399,1,1197
2693,Monitor 4K,1,2025-02-04 06:00:00,Madrid,399,2,399
2694,iPhone 15,2,2025-02-11 08:09:00,Barcelona,999,2,1998
2695,Google Pixel 8,4,2025-02-23 20:13:00,Barcelona,699,2,2796
2696,Teclado Mecánico,3,2025-09-03 07:09:00,Valencia,120,9,360
2697,AirPods Pro,3,2025-03-17 21:20:00,Madrid,249,3,747
2698,MacBook Pro,4,2025-12-23 17:50:00,Madrid,1499,12,5996
2699,Monitor 4K,4,2025-01-12 18:51:00,Valencia,399,1,1596
2700,Google Pixel 8,1,2025-11-12 15:43:00,Bilbao,699,11,699
2701,Google Pixel 8,3,2025-02-15 10:38:00,Valencia,699,2,2097
2702,iPhone 15,4,2025-03-20 10:35:00,Madrid,999,3,3996
2703,Google Pixel 8,1,2025-12-25 19:06:00,Sevilla,699,12,699
2704,Monitor 4K,2,2025-01-21 15:04:00,Barcelona,399,1,798
2705,Google Pixel 8,3,2025-08-17 17:12:00,Bilbao,699,8,2097
2707,iPhone 15,2,2025-05-16 12:20:00,Bilbao,999,5,1998
2708,MacBook Pro,2,2025-07-31 22:24:00,Barcelona,1499,7,2998
2709,MacBook Pro,2,2025-07-21 16:10:00,Madrid,1499,7,2998
2710,Google Pixel 8,2,2025-06-18 03:37:00,Bilbao,699,6,1398
2711,MacBook Pro,1,2025-05-23 07:10:00,Sevilla,1499,5,1499
2712,MacBook Pro,4,2025-01-21 04:07:00,Barcelona,1499,1,5996
2713,MacBook Pro,4,2025-12-30 21:16:00,Barcelona,1499,12,5996
2714,MacBook Pro,4,2025-01-20 00:57:00,Valencia,1499,1,5996
2715,MacBook Pro,3,2025-10-27 01:08:00,Bilbao,1499,10,4497
2716,Monitor 4K,4,2025-10-07 09:48:00,Barcelona,399,10,1596
2717,iPhone 15,3,2025-08-05 16:03:00,Barcelona,999,8,2997
2718,Monitor 4K,2,2025-07-03 23:15:00,Madrid,399,7,798
2719,Cargador USB-C,3,2025-04-17 18:22:00,Barcelona,25,4,75
2720,iPhone 15,1,2025-12-18 11:22:00,Bilbao,999,12,999
2721,Cargador USB-C,2,2025-02-12 11:55:00,Valencia,25,2,50
2722,Teclado Mecánico,1,2025-06-09 14:20:00,Barcelona,120,6,120
2723,iPhone 15,2,2025-04-07 01:10:00,Bilbao,999,4,1998
2724,Teclado Mecánico,4,2025-08-13 22:00:00,Barcelona,120,8,480
2725,Monitor 4K,4,2025-10-30 16:32:00,Barcelona,399,10,1596
2726,Google Pixel 8,3,2025-04-13 06:35:00,Sevilla,699,4,2097
2727,AirPods Pro,4,2025-10-15 10:28:00,Barcelona,249,10,996
2728,AirPods Pro,4,2025-08-08 05:38:00,Madrid,249,8,996
2729,Cargador USB-C,4,2025-08-22 16:42:00,Sevilla,25,8,100
2730,Teclado Mecánico,1,2025-12-15 04:59:00,Bilbao,120,12,120
2731,Monitor 4K,1,2025-07-14 10:05:00,Sevilla,399,7,399
2732,Monitor 4K,2,2025-07-19 04:14:00,Barcelona,399,7,798
2733,Monitor 4K,1,2025-01-20 17:55:00,Barcelona,399,1,399
2734,Monitor 4K,2,2025-10-18 19:55:00,Valencia,399,10,798
2736,Cargador USB-C,2,2025-07-07 12:51:00,Barcelona,25,7,50
2737,AirPods Pro,4,2025-07-30 14:45:00,Sevilla,249,7,996
2738,MacBook Pro,3,2025-12-29 18:22:00,Madrid,1499,12,4497
2739,Monitor 4K,2,2025-05-20 13:26:00,Barcelona,399,5,798
2741,MacBook Pro,3,2025-07-25 18:07:00,Valencia,1499,7,4497
2742,Google Pixel 8,1,2025-06-02 09:30:00,Madrid,699,6,699
2743,iPhone 15,1,2025-12-12 04:19:00,Bilbao,999,12,999
2745,Cargador USB-C,4,2025-07-28 02:51:00,Valencia,25,7,100
2746,Monitor 4K,4,2025-09-11 18:58:00,Barcelona,399,9,1596
2747,iPhone 15,4,2025-04-30 23:24:00,Madrid,999,4,3996
2748,Google Pixel 8,4,2025-05-19 18:17:00,Sevilla,699,5,2796
2749,AirPods Pro,1,2025-06-11 23:24:00,Bilbao,249,6,249
2750,Cargador USB-C,1,2025-10-20 19:05:00,Sevilla,25,10,25
2751,iPhone 15,1,2025-05-10 09:02:00,Barcelona,999,5,999
2752,Cargador USB-C,2,2025-12-24 14:20:00,Valencia,25,12,50
2753,Cargador USB-C,3,2025-10-07 21:41:00,Bilbao,25,10,75
2754,Cargador USB-C,1,2025-09-06 08:56:00,Bilbao,25,9,25
2755,iPhone 15,4,2025-09-11 04:46:00,Madrid,999,9,3996
2756,iPhone 15,2,2025-04-08 11:15:00,Sevilla,999,4,1998
2757,Monitor 4K,1,2025-05-08 04:19:00,Madrid,399,5,399
2759,Google Pixel 8,2,2025-03-01 11:11:00,Bilbao,699,3,1398
2760,MacBook Pro,3,2025-12-22 19:38:00,Barcelona,1499,12,4497
2761,Cargador USB-C,4,2025-10-22 13:07:00,Barcelona,25,10,100
2762,Google Pixel 8,3,2025-05-15 22:39:00,Sevilla,699,5,2097
2763,Google Pixel 8,4,2025-04-08 16:05:00,Bilbao,699,4,2796
2764,Monitor 4K,1,2025-04-12 03:12:00,Sevilla,399,4,399
2765,Cargador USB-C,1,2025-01-06 17:21:00,Bilbao,25,1,25
2766,Google Pixel 8,4,2025-07-17 22:48:00,Sevilla,699,7,2796
2767,iPhone 15,2,2025-01-04 20:53:00,Valencia,999,1,1998
2768,Google Pixel 8,3,2025-01-28 08:22:00,Valencia,699,1,2097
2769,AirPods Pro,2,2025-03-05 04:14:00,Valencia,249,3,498
2770,iPhone 15,4,2025-09-16 16:25:00,Sevilla,999,9,3996
2771,Cargador USB-C,3,2025-10-12 11:40:00,Sevilla,25,10,75
2772,AirPods Pro,1,2025-03-19 04:44:00,Bilbao,249,3,249
2773,Monitor 4K,2,2025-03-04 06:11:00,Bilbao,399,3,798
2774,Google Pixel 8,3,2025-02-12 13:01:00,Valencia,699,2,2097
2775,Cargador USB-C,4,2025-05-13 19:57:00,Bilbao,25,5,100
2776,AirPods Pro,2,2025-11-22 00:54:00,Bilbao,249,11,498
2777,AirPods Pro,3,2025-04-26 18:49:00,Sevilla,249,4,747
2778,AirPods Pro,4,2025-03-07 07:12:00,Madrid,249,3,996
2779,iPhone 15,2,2025-06-22 13:39:00,Valencia,999,6,1998
2780,iPhone 15,3,2025-11-27 03:20:00,Sevilla,999,11,2997
2781,MacBook Pro,4,2025-08-31 02:49:00,Valencia,1499,8,5996
2782,Monitor 4K,4,2025-08-12 00:14:00,Madrid,399,8,1596
2783,Teclado Mecánico,3,2025-02-26 22:11:00,Madrid,120,2,360
2784,iPhone 15,2,2025-02-21 11:43:00,Madrid,999,2,1998
2785,Teclado Mecánico,4,2025-06-29 05:09:00,Valencia,120,6,480
2786,Monitor 4K,1,2025-04-12 09:52:00,Valencia,399,4,399
2787,Teclado Mecánico,3,2025-08-24 05:14:00,Bilbao,120,8,360
2788,Monitor 4K,1,2025-02-10 06:52:00,Sevilla,399,2,399
2789,Google Pixel 8,4,2025-02-14 08:14:00,Sevilla,699,2,2796
2790,Teclado Mecánico,4,2025-04-11 11:50:00,Madrid,120,4,480
2791,MacBook Pro,4,2025-07-15 11:27:00,Barcelona,1499,7,5996
2792,Teclado Mecánico,2,2025-07-23 16:22:00,Sevilla,120,7,240
2793,AirPods Pro,3,2025-02-17 17:30:00,Bilbao,249,2,747
2794,Cargador USB-C,1,2025-05-16 02:21:00,Valencia,25,5,25
2795,Monitor 4K,3,2025-06-06 04:35:00,Barcelona,399,6,1197
2796,Cargador USB-C,2,2025-11-24 23:40:00,Sevilla,25,11,50
2797,AirPods Pro,3,2025-12-21 15:38:00,Barcelona,249,12,747
2798,Teclado Mecánico,4,2025-04-18 14:49:00,Bilbao,120,4,480
2799,MacBook Pro,2,2025-02-12 10:57:00,Madrid,1499,2,2998
2800,Teclado Mecánico,4,2025-05-25 11:08:00,Bilbao,120,5,480
2801,iPhone 15,2,2025-04-06 16:30:00,Bilbao,999,4,1998
2802,Google Pixel 8,1,2025-04-26 07:20:00,Barcelona,699,4,699
2803,MacBook Pro,1,2025-07-04 02:17:00,Valencia,1499,7,1499
2804,Monitor 4K,3,2025-09-18 02:38:00,Barcelona,399,9,1197
2805,Teclado Mecánico,1,2025-10-15 10:01:00,Madrid,120,10,120
2806,Monitor 4K,3,2025-12-05 04:31:00,Madrid,399,12,1197
2807,AirPods Pro,3,2025-09-13 08:23:00,Madrid,249,9,747
2808,iPhone 15,2,2025-03-13 05:56:00,Bilbao,999,3,1998
2809,iPhone 15,4,2025-09-20 22:35:00,Sevilla,999,9,3996
2810,iPhone 15,2,2025-12-26 06:24:00,Valencia,999,12,1998
2811,Monitor 4K,1,2025-11-02 11:46:00,Madrid,399,11,399
2812,MacBook Pro,1,2025-02-17 22:08:00,Barcelona,1499,2,1499
2813,iPhone 15,4,2025-01-31 04:03:00,Valencia,999,1,3996
2814,MacBook Pro,2,2025-09-29 08:57:00,Barcelona,1499,9,2998
2815,AirPods Pro,2,2025-10-31 06:20:00,Bilbao,249,10,498
2816,AirPods Pro,2,2025-12-30 14:04:00,Sevilla,249,12,498
2817,Monitor 4K,3,2025-05-04 03:41:00,Bilbao,399,5,1197
2818,AirPods Pro,4,2025-05-22 05:19:00,Bilbao,249,5,996
2819,Monitor 4K,1,2025-07-22 02:14:00,Bilbao,399,7,399
2820,Teclado Mecánico,1,2025-04-11 07:17:00,Madrid,120,4,120
2821,iPhone 15,1,2025-12-15 14:09:00,Madrid,999,12,999
2822,Teclado Mecánico,2,2025-05-05 08:20:00,Bilbao,120,5,240
2823,MacBook Pro,4,2025-03-20 03:43:00,Sevilla,1499,3,5996
2824,iPhone 15,2,2025-04-01 20:46:00,Barcelona,999,4,1998
2825,Teclado Mecánico,2,2025-03-22 13:43:00,Sevilla,120,3,240
2826,Google Pixel 8,2,2025-05-12 22:32:00,Valencia,699,5,1398
2827,Google Pixel 8,3,2025-09-20 00:58:00,Valencia,699,9,2097
2828,MacBook Pro,4,2025-09-23 17:34:00,Madrid,1499,9,5996
2829,Teclado Mecánico,3,2025-05-14 17:33:00,Valencia,120,5,360
2831,Teclado Mecánico,4,2025-12-15 01:50:00,Bilbao,120,12,480
2832,MacBook Pro,4,2025-12-14 21:19:00,Barcelona,1499,12,5996
2833,MacBook Pro,3,2025-06-30 20:50:00,Madrid,1499,6,4497
2834,MacBook Pro,3,2025-10-02 20:48:00,Madrid,1499,10,4497
2835,MacBook Pro,2,2025-04-10 11:27:00,Bilbao,1499,4,2998
2836,Cargador USB-C,1,2025-04-21 23:57:00,Madrid,25,4,25
2837,AirPods Pro,2,2025-08-30 11:46:00,Bilbao,249,8,498
2838,Monitor 4K,3,2025-06-21 02:52:00,Sevilla,399,6,1197
2839,AirPods Pro,1,2025-01-11 13:10:00,Madrid,249,1,249
2840,Teclado Mecánico,3,2025-05-26 14:27:00,Sevilla,120,5,360
2841,AirPods Pro,3,2025-12-26 16:03:00,Barcelona,249,12,747
2842,MacBook Pro,1,2025-05-24 05:54:00,Madrid,1499,5,1499
2843,AirPods Pro,1,2025-09-05 08:22:00,Valencia,249,9,249
2844,Cargador USB-C,4,2025-03-04 05:10:00,Madrid,25,3,100
2845,Monitor 4K,2,2025-08-22 01:41:00,Barcelona,399,8,798
2846,Teclado Mecánico,1,2025-08-26 17:30:00,Valencia,120,8,120
2847,MacBook Pro,3,2025-11-13 06:46:00,Valencia,1499,11,4497
2848,AirPods Pro,4,2025-01-29 17:06:00,Bilbao,249,1,996
2849,MacBook Pro,1,2025-03-22 12:12:00,Barcelona,1499,3,1499
2850,MacBook Pro,2,2025-07-04 16:26:00,Sevilla,1499,7,2998
2851,Cargador USB-C,4,2025-08-01 16:12:00,Valencia,25,8,100
2852,Teclado Mecánico,3,2025-12-26 20:32:00,Bilbao,120,12,360
2853,Teclado Mecánico,2,2025-05-08 11:27:00,Madrid,120,5,240
2854,Cargador USB-C,4,2025-11-04 05:55:00,Sevilla,25,11,100
2855,Monitor 4K,3,2025-06-29 08:28:00,Bilbao,399,6,1197
2856,Monitor 4K,4,2025-06-09 08:20:00,Madrid,399,6,1596
2857,MacBook Pro,1,2025-05-14 17:20:00,Madrid,1499,5,1499
2858,iPhone 15,2,2025-03-12 16:43:00,Valencia,999,3,1998
2859,Google Pixel 8,3,2025-07-22 22:24:00,Barcelona,699,7,2097
2860,MacBook Pro,1,2025-11-18 13:04:00,Barcelona,1499,11,1499
2861,Monitor 4K,1,2025-04-28 20:55:00,Barcelona,399,4,399
2862,iPhone 15,1,2025-07-29 03:31:00,Sevilla,999,7,999
2863,Cargador USB-C,2,2025-05-28 16:24:00,Bilbao,25,5,50
2864,Google Pixel 8,3,2025-11-22 07:42:00,Madrid,699,11,2097
2865,Cargador USB-C,1,2025-11-18 04:27:00,Barcelona,25,11,25
2866,Teclado Mecánico,2,2025-08-20 08:54:00,Valencia,120,8,240
2867,Cargador USB-C,3,2025-11-16 13:01:00,Barcelona,25,11,75
2868,Cargador USB-C,3,2025-01-23 13:11:00,Bilbao,25,1,75
2869,MacBook Pro,2,2025-10-25 14:28:00,Bilbao,1499,10,2998
2870,iPhone 15,1,2025-05-14 02:43:00,Barcelona,999,5,999
2871,AirPods Pro,1,2025-11-05 15:46:00,Bilbao,249,11,249
2872,Google Pixel 8,3,2025-07-15 18:00:00,Valencia,699,7,2097
2873,Cargador USB-C,4,2025-03-28 12:56:00,Barcelona,25,3,100
2875,iPhone 15,2,2025-06-25 20:07:00,Sevilla,999,6,1998
2876,iPhone 15,2,2025-10-16 17:44:00,Barcelona,999,10,1998
2877,AirPods Pro,3,2025-12-22 08:37:00,Madrid,249,12,747
2878,Monitor 4K,3,2025-07-17 14:50:00,Valencia,399,7,1197
2879,AirPods Pro,1,2025-06-01 19:29:00,Bilbao,249,6,249
2881,Monitor 4K,2,2025-09-19 08:07:00,Valencia,399,9,798
2882,Google Pixel 8,4,2025-04-18 09:04:00,Madrid,699,4,2796
2883,Cargador USB-C,4,2025-07-29 20:53:00,Madrid,25,7,100
2884,iPhone 15,2,2025-05-12 06:21:00,Barcelona,999,5,1998
2885,Teclado Mecánico,2,2025-03-05 09:06:00,Bilbao,120,3,240
2886,MacBook Pro,1,2025-04-03 22:55:00,Sevilla,1499,4,1499
2887,Google Pixel 8,4,2025-12-04 09:43:00,Bilbao,699,12,2796
2888,Google Pixel 8,3,2025-12-29 03:58:00,Madrid,699,12,2097
2890,MacBook Pro,4,2025-09-20 22:47:00,Barcelona,1499,9,5996
2891,AirPods Pro,1,2025-02-09 23:56:00,Madrid,249,2,249
2892,Monitor 4K,3,2025-01-02 15:39:00,Sevilla,399,1,1197
2893,Google Pixel 8,2,2025-06-27 00:24:00,Sevilla,699,6,1398
2895,Cargador USB-C,4,2025-04-27 16:27:00,Sevilla,25,4,100
2896,MacBook Pro,3,2025-01-09 12:58:00,Madrid,1499,1,4497
2897,MacBook Pro,3,2025-04-07 20:51:00,Barcelona,1499,4,4497
2898,Teclado Mecánico,2,2025-03-15 17:56:00,Sevilla,120,3,240
2899,AirPods Pro,1,2025-07-01 11:50:00,Bilbao,249,7,249
2900,AirPods Pro,2,2025-10-31 12:34:00,Valencia,249,10,498
2901,Cargador USB-C,3,2025-02-20 00:44:00,Bilbao,25,2,75
2902,iPhone 15,1,2025-08-01 05:28:00,Valencia,999,8,999
2903,MacBook Pro,3,2025-10-11 14:24:00,Barcelona,1499,10,4497
2904,MacBook Pro,1,2025-04-07 12:52:00,Valencia,1499,4,1499
2905,MacBook Pro,2,2025-07-05 11:37:00,Valencia,1499,7,2998
2906,Cargador USB-C,3,2025-03-15 14:57:00,Sevilla,25,3,75
2907,MacBook Pro,2,2025-05-16 20:46:00,Valencia,1499,5,2998
2908,Google Pixel 8,2,2025-08-10 19:59:00,Sevilla,699,8,1398
2909,Monitor 4K,3,2025-05-29 23:22:00,Barcelona,399,5,1197
2910,AirPods Pro,4,2025-08-09 04:46:00,Sevilla,249,8,996
2911,Monitor 4K,1,2025-10-19 08:00:00,Sevilla,399,10,399
2912,Cargador USB-C,3,2025-12-24 04:35:00,Sevilla,25,12,75
2913,iPhone 15,3,2025-11-22 08:19:00,Bilbao,999,11,2997
2914,iPhone 15,3,2025-04-15 11:49:00,Valencia,999,4,2997
2915,Cargador USB-C,2,2025-06-20 22:28:00,Barcelona,25,6,50
2916,AirPods Pro,2,2025-08-21 03:07:00,Valencia,249,8,498
2917,MacBook Pro,3,2025-10-26 17:03:00,Valencia,1499,10,4497
2918,Google Pixel 8,2,2025-04-27 09:24:00,Sevilla,699,4,1398
2919,Monitor 4K,3,2025-08-19 17:52:00,Bilbao,399,8,1197
2920,Cargador USB-C,3,2025-12-19 12:06:00,Bilbao,25,12,75
2921,MacBook Pro,4,2025-01-22 14:45:00,Sevilla,1499,1,5996
2922,Teclado Mecánico,2,2025-11-28 10:07:00,Barcelona,120,11,240
2923,Google Pixel 8,2,2025-09-13 01:37:00,Madrid,699,9,1398
2925,Cargador USB-C,2,2025-04-04 16:51:00,Bilbao,25,4,50
2926,iPhone 15,4,2025-11-22 00:55:00,Valencia,999,11,3996
2927,iPhone 15,4,2025-09-17 11:26:00,Barcelona,999,9,3996
2928,Teclado Mecánico,4,2025-03-29 08:57:00,Barcelona,120,3,480
2929,Monitor 4K,2,2025-03-23 22:01:00,Madrid,399,3,798
2930,Monitor 4K,2,2025-03-19 09:08:00,Valencia,399,3,798
2931,MacBook Pro,2,2025-10-22 22:13:00,Valencia,1499,10,2998
2932,AirPods Pro,2,2025-11-28 13:51:00,Valencia,249,11,498
2933,Google Pixel 8,2,2025-01-13 00:15:00,Bilbao,699,1,1398
2934,Google Pixel 8,3,2025-06-21 00:52:00,Valencia,699,6,2097
2935,MacBook Pro,1,2025-03-05 17:06:00,Valencia,1499,3,1499
2936,AirPods Pro,4,2025-03-31 18:00:00,Sevilla,249,3,996
2937,MacBook Pro,1,2025-07-28 01:28:00,Sevilla,1499,7,1499
2938,MacBook Pro,1,2025-09-04 04:12:00,Bilbao,1499,9,1499
2939,AirPods Pro,2,2025-10-02 17:07:00,Barcelona,249,10,498
2940,Google Pixel 8,3,2025-07-01 16:55:00,Madrid,699,7,2097
2941,Teclado Mecánico,4,2025-06-16 23:13:00,Bilbao,120,6,480
2942,AirPods Pro,1,2025-03-04 22:59:00,Barcelona,249,3,249
2943,Monitor 4K,2,2025-12-19 06:21:00,Barcelona,399,12,798
2944,Teclado Mecánico,4,2025-08-27 06:27:00,Bilbao,120,8,480
2945,Monitor 4K,3,2025-01-08 09:52:00,Barcelona,399,1,1197
2946,Google Pixel 8,4,2025-08-31 17:53:00,Madrid,699,8,2796
2947,Teclado Mecánico,3,2025-05-08 07:53:00,Madrid,120,5,360
2948,Cargador USB-C,2,2025-12-02 02:04:00,Barcelona,25,12,50
2949,Google Pixel 8,3,2025-06-13 09:40:00,Barcelona,699,6,2097
2950,MacBook Pro,2,2025-06-15 19:54:00,Sevilla,1499,6,2998
2951,Monitor 4K,4,2025-04-11 22:01:00,Sevilla,399,4,1596
2952,MacBook Pro,3,2025-03-28 01:52:00,Madrid,1499,3,4497
2953,Teclado Mecánico,1,2025-10-03 21:50:00,Sevilla,120,10,120
2954,Cargador USB-C,3,2025-01-02 01:45:00,Valencia,25,1,75
2955,Teclado Mecánico,1,2025-11-18 02:45:00,Madrid,120,11,120
2956,Google Pixel 8,1,2025-05-06 23:40:00,Barcelona,699,5,699
2957,Monitor 4K,4,2025-01-12 07:05:00,Barcelona,399,1,1596
2958,Teclado Mecánico,3,2025-09-29 23:49:00,Barcelona,120,9,360
2959,Monitor 4K,2,2025-05-11 14:46:00,Barcelona,399,5,798
2960,iPhone 15,3,2025-03-22 06:05:00,Madrid,999,3,2997
2961,Google Pixel 8,3,2025-03-28 05:45:00,Sevilla,699,3,2097
2963,Cargador USB-C,4,2025-10-06 16:01:00,Madrid,25,10,100
2964,Google Pixel 8,2,2025-02-07 00:42:00,Madrid,699,2,1398
2965,Monitor 4K,1,2025-02-04 04:44:00,Bilbao,399,2,399
2966,iPhone 15,4,2025-12-12 16:20:00,Sevilla,999,12,3996
2967,Monitor 4K,2,2025-10-24 17:18:00,Barcelona,399,10,798
2968,Cargador USB-C,2,2025-05-16 07:27:00,Sevilla,25,5,50
2969,iPhone 15,2,2025-07-11 02:10:00,Barcelona,999,7,1998
2971,Cargador USB-C,2,2025-06-13 10:59:00,Sevilla,25,6,50
2972,Teclado Mecánico,4,2025-10-30 23:40:00,Barcelona,120,10,480
2973,Monitor 4K,1,2025-02-21 06:20:00,Valencia,399,2,399
2974,Teclado Mecánico,2,2025-04-02 15:36:00,Sevilla,120,4,240
2975,Teclado Mecánico,2,2025-10-24 19:08:00,Madrid,120,10,240
2976,Cargador USB-C,1,2025-12-02 20:43:00,Valencia,25,12,25
2977,MacBook Pro,1,2025-09-30 14:15:00,Madrid,1499,9,1499
2978,MacBook Pro,3,2025-06-01 15:48:00,Valencia,1499,6,4497
2979,Teclado Mecánico,2,2025-07-12 07:47:00,Valencia,120,7,240
2980,Cargador USB-C,1,2025-04-12 12:30:00,Barcelona,25,4,25
2981,AirPods Pro,3,2025-03-25 11:40:00,Bilbao,249,3,747
2983,iPhone 15,3,2025-06-24 22:34:00,Madrid,999,6,2997
2984,Teclado Mecánico,4,2025-11-06 07:51:00,Valencia,120,11,480
2985,Monitor 4K,1,2025-10-28 03:50:00,Bilbao,399,10,399
2986,Cargador USB-C,3,2025-12-21 01:55:00,Barcelona,25,12,75
2987,MacBook Pro,1,2025-06-03 23:32:00,Barcelona,1499,6,1499
2988,AirPods Pro,1,2025-08-11 20:17:00,Valencia,249,8,249
2989,MacBook Pro,4,2025-01-05 01:27:00,Sevilla,1499,1,5996
2990,Teclado Mecánico,1,2025-04-19 00:09:00,Sevilla,120,4,120
2991,AirPods Pro,2,2025-05-20 14:53:00,Sevilla,249,5,498
2992,Teclado Mecánico,4,2025-05-04 18:04:00,Barcelona,120,5,480
2993,Cargador USB-C,3,2025-09-12 03:18:00,Barcelona,25,9,75
2994,Teclado Mecánico,1,2025-10-13 17:50:00,Valencia,120,10,120
2995,Google Pixel 8,2,2025-12-14 16:57:00,Madrid,699,12,1398
2996,Teclado Mecánico,2,2025-07-30 01:33:00,Barcelona,120,7,240
2997,Teclado Mecánico,3,2025-09-14 04:02:00,Valencia,120,9,360
2998,Google Pixel 8,4,2025-04-14 16:12:00,Valencia,699,4,2796
2999,iPhone 15,2,2025-05-20 19:49:00,Madrid,999,5,1998
3000,MacBook Pro,4,2025-12-23 06:24:00,Barcelona,1499,12,5996
3001,Cargador USB-C,4,2025-05-19 01:48:00,Bilbao,25,5,100
3002,Monitor 4K,4,2025-05-20 14:54:00,Valencia,399,5,1596
3003,Cargador USB-C,2,2025-02-06 02:24:00,Bilbao,25,2,50
3004,Cargador USB-C,2,2025-12-17 14:50:00,Madrid,25,12,50
3005,AirPods Pro,3,2025-10-03 18:49:00,Barcelona,249,10,747
3006,iPhone 15,1,2025-03-29 15:18:00,Bilbao,999,3,999
3007,Teclado Mecánico,3,2025-06-04 17:23:00,Bilbao,120,6,360
3008,Monitor 4K,1,2025-11-10 17:40:00,Madrid,399,11,399
3009,Google Pixel 8,3,2025-10-14 17:03:00,Sevilla,699,10,2097
3010,Google Pixel 8,1,2025-11-16 01:24:00,Valencia,699,11,699
3011,Teclado Mecánico,4,2025-05-22 16:44:00,Valencia,120,5,480
3012,MacBook Pro,1,2025-07-01 08:24:00,Sevilla,1499,7,1499
3013,AirPods Pro,4,2025-02-19 05:44:00,Bilbao,249,2,996
3014,iPhone 15,2,2025-09-07 13:43:00,Valencia,999,9,1998
3015,MacBook Pro,4,2025-06-22 18:25:00,Sevilla,1499,6,5996
3016,MacBook Pro,3,2025-04-07 02:19:00,Valencia,1499,4,4497
3017,Teclado Mecánico,4,2025-06-17 21:52:00,Sevilla,120,6,480
3018,AirPods Pro,2,2025-12-11 21:39:00,Bilbao,249,12,498
3019,Cargador USB-C,3,2025-01-14 16:09:00,Sevilla,25,1,75
3020,Monitor 4K,3,2025-06-08 16:00:00,Bilbao,399,6,1197
3021,iPhone 15,3,2025-05-06 03:25:00,Bilbao,999,5,2997
3022,Cargador USB-C,1,2025-04-15 11:14:00,Madrid,25,4,25
3023,AirPods Pro,1,2025-09-13 04:45:00,Bilbao,249,9,249
3024,Monitor 4K,3,2025-05-10 10:13:00,Madrid,399,5,1197
3025,Cargador USB-C,3,2025-10-30 22:34:00,Madrid,25,10,75
3027,AirPods Pro,2,2025-02-20 14:32:00,Barcelona,249,2,498
3028,MacBook Pro,3,2025-08-13 05:18:00,Bilbao,1499,8,4497
3029,AirPods Pro,2,2025-02-26 22:22:00,Sevilla,249,2,498
3030,iPhone 15,1,2025-11-28 06:34:00,Sevilla,999,11,999
3031,iPhone 15,1,2025-11-07 07:43:00,Sevilla,999,11,999
3032,MacBook Pro,4,2025-02-13 09:19:00,Madrid,1499,2,5996
3034,Teclado Mecánico,2,2025-01-01 15:26:00,Bilbao,120,1,240
3035,MacBook Pro,3,2025-02-07 09:13:00,Valencia,1499,2,4497
3036,MacBook Pro,3,2025-07-14 11:52:00,Barcelona,1499,7,4497
3037,Cargador USB-C,4,2025-05-23 13:01:00,Barcelona,25,5,100
3038,iPhone 15,4,2025-08-21 07:56:00,Madrid,999,8,3996
3039,AirPods Pro,4,2025-06-27 19:50:00,Barcelona,249,6,996
3040,Teclado Mecánico,4,2025-05-06 17:12:00,Madrid,120,5,480
3041,Cargador USB-C,1,2025-05-01 16:33:00,Madrid,25,5,25
3042,MacBook Pro,4,2025-04-25 16:19:00,Sevilla,1499,4,5996
3044,Cargador USB-C,4,2025-11-05 05:28:00,Madrid,25,11,100
3045,Monitor 4K,4,2025-11-15 06:40:00,Barcelona,399,11,1596
3046,Teclado Mecánico,1,2025-12-14 22:37:00,Barcelona,120,12,120
3047,Cargador USB-C,2,2025-01-10 13:09:00,Bilbao,25,1,50
3048,Monitor 4K,4,2025-08-11 07:11:00,Barcelona,399,8,1596
3049,MacBook Pro,4,2025-05-25 02:04:00,Sevilla,1499,5,5996
3050,iPhone 15,3,2025-12-06 04:02:00,Bilbao,999,12,2997
3051,Google Pixel 8,3,2025-05-03 13:56:00,Sevilla,699,5,2097
3052,Monitor 4K,3,2025-02-04 11:54:00,Madrid,399,2,1197
3053,Google Pixel 8,1,2025-07-09 02:13:00,Valencia,699,7,699
3054,Teclado Mecánico,2,2025-07-27 23:43:00,Valencia,120,7,240
3055,Cargador USB-C,4,2025-08-14 22:11:00,Barcelona,25,8,100
3056,Monitor 4K,3,2025-07-07 07:50:00,Bilbao,399,7,1197
3057,iPhone 15,4,2025-10-03 16:04:00,Madrid,999,10,3996
3058,Google Pixel 8,4,2025-10-27 10:25:00,Bilbao,699,10,2796
3059,Cargador USB-C,4,2025-12-15 00:05:00,Barcelona,25,12,100
3060,Monitor 4K,4,2025-03-22 16:53:00,Barcelona,399,3,1596
3061,MacBook Pro,3,2025-01-05 10:30:00,Valencia,1499,1,4497
3062,Cargador USB-C,3,2025-08-06 12:15:00,Bilbao,25,8,75
3063,Monitor 4K,4,2025-11-30 03:36:00,Barcelona,399,11,1596
3064,MacBook Pro,3,2025-07-06 05:18:00,Sevilla,1499,7,4497
3065,AirPods Pro,1,2025-03-17 22:18:00,Bilbao,249,3,249
3066,MacBook Pro,4,2025-01-19 21:18:00,Madrid,1499,1,5996
3067,AirPods Pro,1,2025-06-06 14:08:00,Sevilla,249,6,249
3068,Monitor 4K,2,2025-02-19 18:50:00,Valencia,399,2,798
3069,Monitor 4K,2,2025-05-07 16:57:00,Valencia,399,5,798
3070,Teclado Mecánico,2,2025-11-25 18:26:00,Sevilla,120,11,240
3071,Google Pixel 8,2,2025-10-19 15:02:00,Madrid,699,10,1398
3072,MacBook Pro,4,2025-03-15 22:24:00,Valencia,1499,3,5996
3073,Monitor 4K,3,2025-04-26 17:55:00,Madrid,399,4,1197
3074,MacBook Pro,1,2025-09-12 09:33:00,Valencia,1499,9,1499
3075,Cargador USB-C,4,2025-10-16 16:30:00,Valencia,25,10,100
3076,Cargador USB-C,1,2025-05-19 04:09:00,Bilbao,25,5,25
3077,Google Pixel 8,4,2025-12-26 11:02:00,Madrid,699,12,2796
3078,Monitor 4K,3,2025-06-05 13:46:00,Madrid,399,6,1197
3079,Google Pixel 8,2,2025-10-01 23:04:00,Bilbao,699,10,1398
3080,iPhone 15,3,2025-07-24 22:12:00,Valencia,999,7,2997
3081,AirPods Pro,2,2025-05-03 01:39:00,Valencia,249,5,498
3082,Cargador USB-C,4,2025-11-18 00:08:00,Barcelona,25,11,100
3083,Teclado Mecánico,2,2025-07-11 16:03:00,Madrid,120,7,240
3084,Teclado Mecánico,3,2025-02-24 08:31:00,Valencia,120,2,360
3085,Google Pixel 8,3,2025-12-26 00:57:00,Bilbao,699,12,2097
3086,Teclado Mecánico,4,2025-08-26 20:11:00,Valencia,120,8,480
3087,Google Pixel 8,2,2025-04-29 07:19:00,Barcelona,699,4,1398
3088,MacBook Pro,2,2025-03-26 02:47:00,Valencia,1499,3,2998
3089,Teclado Mecánico,3,2025-03-24 04:41:00,Bilbao,120,3,360
3090,iPhone 15,4,2025-03-26 02:48:00,Sevilla,999,3,3996
3091,Monitor 4K,2,2025-12-04 21:17:00,Bilbao,399,12,798
3092,MacBook Pro,4,2025-01-24 19:51:00,Bilbao,1499,1,5996
3093,Google Pixel 8,1,2025-03-18 13:08:00,Sevilla,699,3,699
3094,AirPods Pro,3,2025-06-29 06:30:00,Barcelona,249,6,747
3095,Teclado Mecánico,4,2025-01-29 09:27:00,Madrid,120,1,480
3096,iPhone 15,2,2025-09-01 13:23:00,Sevilla,999,9,1998
3097,Cargador USB-C,2,2025-08-09 19:49:00,Madrid,25,8,50
3098,MacBook Pro,1,2025-06-24 14:26:00,Bilbao,1499,6,1499
3099,Cargador USB-C,2,2025-12-02 12:30:00,Barcelona,25,12,50
3100,Monitor 4K,4,2025-12-11 08:22:00,Sevilla,399,12,1596
3101,MacBook Pro,1,2025-10-28 01:17:00,Bilbao,1499,10,1499
3102,Cargador USB-C,2,2025-11-29 14:11:00,Bilbao,25,11,50
3103,Monitor 4K,1,2025-12-09 21:56:00,Sevilla,399,12,399
3104,MacBook Pro,1,2025-09-22 01:08:00,Barcelona,1499,9,1499
3105,Cargador USB-C,4,2025-12-25 17:10:00,Bilbao,25,12,100
3106,AirPods Pro,4,2025-05-21 05:51:00,Valencia,249,5,996
3107,Teclado Mecánico,2,2025-11-01 16:55:00,Valencia,120,11,240
3108,Google Pixel 8,4,2025-02-24 19:09:00,Madrid,699,2,2796
3109,MacBook Pro,3,2025-09-25 21:40:00,Bilbao,1499,9,4497
3110,AirPods Pro,3,2025-10-27 16:04:00,Madrid,249,10,747
3111,Monitor 4K,4,2025-12-22 06:07:00,Barcelona,399,12,1596
3112,Monitor 4K,1,2025-03-10 23:32:00,Valencia,399,3,399
3113,Google Pixel 8,4,2025-07-05 00:43:00,Sevilla,699,7,2796
3114,MacBook Pro,4,2025-01-17 11:03:00,Barcelona,1499,1,5996
3115,Monitor 4K,1,2025-11-26 00:17:00,Sevilla,399,11,399
3116,MacBook Pro,1,2025-10-16 00:33:00,Sevilla,1499,10,1499
3117,MacBook Pro,4,2025-05-20 20:47:00,Valencia,1499,5,5996
3118,Teclado Mecánico,4,2025-06-29 00:33:00,Sevilla,120,6,480
3119,Cargador USB-C,2,2025-01-24 12:32:00,Barcelona,25,1,50
3120,Google Pixel 8,2,2025-12-15 09:43:00,Bilbao,699,12,1398
3121,iPhone 15,4,2025-01-04 18:29:00,Barcelona,999,1,3996
3122,AirPods Pro,4,2025-06-15 14:14:00,Barcelona,249,6,996
3123,AirPods Pro,3,2025-08-31 08:49:00,Barcelona,249,8,747
3124,Cargador USB-C,1,2025-10-25 15:25:00,Bilbao,25,10,25
3125,MacBook Pro,3,2025-04-21 05:23:00,Sevilla,1499,4,4497
3126,Teclado Mecánico,3,2025-04-17 14:11:00,Madrid,120,4,360
3127,Monitor 4K,1,2025-08-03 15:51:00,Barcelona,399,8,399
3128,iPhone 15,3,2025-02-09 09:21:00,Valencia,999,2,2997
3129,MacBook Pro,4,2025-10-24 13:41:00,Madrid,1499,10,5996
3130,MacBook Pro,1,2025-01-14 22:29:00,Bilbao,1499,1,1499
3131,Monitor 4K,2,2025-05-31 12:44:00,Madrid,399,5,798
3132,Teclado Mecánico,4,2025-08-24 00:55:00,Barcelona,120,8,480
3134,Teclado Mecánico,3,2025-01-15 16:15:00,Barcelona,120,1,360
3135,Cargador USB-C,1,2025-08-01 20:37:00,Valencia,25,8,25
3136,iPhone 15,2,2025-03-05 06:14:00,Barcelona,999,3,1998
3137,iPhone 15,1,2025-04-15 00:14:00,Valencia,999,4,999
3138,MacBook Pro,4,2025-11-05 10:00:00,Madrid,1499,11,5996
3139,Monitor 4K,1,2025-01-12 02:18:00,Madrid,399,1,399
3140,iPhone 15,1,2025-06-23 15:33:00,Sevilla,999,6,999
3141,AirPods Pro,3,2025-05-21 00:23:00,Barcelona,249,5,747
3142,Google Pixel 8,2,2025-09-15 14:22:00,Sevilla,699,9,1398
3143,iPhone 15,4,2025-08-11 09:43:00,Barcelona,999,8,3996
3144,iPhone 15,2,2025-11-23 00:53:00,Sevilla,999,11,1998
3145,Teclado Mecánico,4,2025-01-10 02:41:00,Bilbao,120,1,480
3146,MacBook Pro,3,2025-09-12 15:41:00,Barcelona,1499,9,4497
3147,Google Pixel 8,3,2025-04-25 21:10:00,Barcelona,699,4,2097
3148,Monitor 4K,3,2025-04-09 08:44:00,Barcelona,399,4,1197
3149,Teclado Mecánico,2,2025-02-20 22:30:00,Barcelona,120,2,240
3150,Cargador USB-C,2,2025-02-10 09:47:00,Madrid,25,2,50
3151,iPhone 15,2,2025-07-08 04:59:00,Barcelona,999,7,1998
3152,Google Pixel 8,4,2025-02-26 07:07:00,Valencia,699,2,2796
3153,Teclado Mecánico,4,2025-06-07 22:49:00,Bilbao,120,6,480
3154,Teclado Mecánico,1,2025-04-23 03:02:00,Madrid,120,4,120
3155,Monitor 4K,3,2025-12-07 12:44:00,Valencia,399,12,1197
3156,AirPods Pro,3,2025-06-29 05:51:00,Barcelona,249,6,747
3157,Cargador USB-C,1,2025-06-29 05:31:00,Madrid,25,6,25
3158,AirPods Pro,4,2025-07-15 08:43:00,Sevilla,249,7,996
3159,Cargador USB-C,2,2025-11-16 15:50:00,Valencia,25,11,50
3160,MacBook Pro,4,2025-11-08 22:40:00,Barcelona,1499,11,5996
3161,Monitor 4K,1,2025-03-12 10:36:00,Valencia,399,3,399
3162,Cargador USB-C,1,2025-12-03 00:06:00,Valencia,25,12,25
3163,MacBook Pro,2,2025-09-17 09:16:00,Bilbao,1499,9,2998
3164,iPhone 15,3,2025-01-05 15:06:00,Valencia,999,1,2997
3165,MacBook Pro,2,2025-09-14 06:02:00,Bilbao,1499,9,2998
3166,AirPods Pro,1,2025-09-21 02:40:00,Valencia,249,9,249
3167,MacBook Pro,2,2025-11-08 13:06:00,Madrid,1499,11,2998
3168,Monitor 4K,1,2025-01-05 06:00:00,Valencia,399,1,399
3169,Teclado Mecánico,2,2025-07-30 10:31:00,Madrid,120,7,240
3170,Cargador USB-C,4,2025-10-03 08:28:00,Bilbao,25,10,100
3171,Google Pixel 8,3,2025-02-23 23:18:00,Valencia,699,2,2097
3172,MacBook Pro,3,2025-02-26 15:29:00,Valencia,1499,2,4497
3173,Google Pixel 8,3,2025-06-23 07:17:00,Valencia,699,6,2097
3174,Teclado Mecánico,3,2025-08-03 20:52:00,Madrid,120,8,360
3175,MacBook Pro,1,2025-01-20 23:44:00,Sevilla,1499,1,1499
3176,AirPods Pro,1,2025-10-09 05:26:00,Valencia,249,10,249
3177,AirPods Pro,1,2025-08-07 18:46:00,Barcelona,249,8,249
3178,MacBook Pro,3,2025-08-28 17:47:00,Valencia,1499,8,4497
3179,Google Pixel 8,1,2025-04-14 20:20:00,Madrid,699,4,699
3180,iPhone 15,4,2025-08-03 23:40:00,Barcelona,999,8,3996
3181,Cargador USB-C,2,2025-12-11 20:00:00,Bilbao,25,12,50
3182,iPhone 15,3,2025-09-26 14:28:00,Valencia,999,9,2997
3184,Teclado Mecánico,2,2025-10-06 22:31:00,Bilbao,120,10,240
3185,Google Pixel 8,1,2025-06-21 19:57:00,Valencia,699,6,699
3186,iPhone 15,3,2025-06-28 10:06:00,Sevilla,999,6,2997
3187,Cargador USB-C,1,2025-05-17 17:08:00,Sevilla,25,5,25
3188,Cargador USB-C,2,2025-12-06 23:27:00,Sevilla,25,12,50
3189,AirPods Pro,1,2025-08-02 13:54:00,Bilbao,249,8,249
3190,Google Pixel 8,3,2025-01-18 07:17:00,Bilbao,699,1,2097
3191,Cargador USB-C,4,2025-10-10 19:11:00,Bilbao,25,10,100
3192,Cargador USB-C,4,2025-01-20 13:48:00,Sevilla,25,1,100
3193,Cargador USB-C,2,2025-04-21 02:44:00,Bilbao,25,4,50
3194,MacBook Pro,4,2025-03-27 20:38:00,Sevilla,1499,3,5996
3195,MacBook Pro,3,2025-07-19 17:45:00,Sevilla,1499,7,4497
3196,Cargador USB-C,4,2025-08-11 05:20:00,Barcelona,25,8,100
3197,iPhone 15,4,2025-02-27 13:15:00,Madrid,999,2,3996
3198,MacBook Pro,3,2025-02-05 14:05:00,Barcelona,1499,2,4497
3199,Teclado Mecánico,4,2025-07-21 22:24:00,Bilbao,120,7,480
3200,Teclado Mecánico,1,2025-07-23 09:52:00,Madrid,120,7,120
3201,iPhone 15,3,2025-01-16 20:07:00,Valencia,999,1,2997
3202,MacBook Pro,1,2025-09-16 08:26:00,Sevilla,1499,9,1499
3203,Monitor 4K,1,2025-11-05 13:26:00,Sevilla,399,11,399
3204,Google Pixel 8,3,2025-09-08 11:49:00,Barcelona,699,9,2097
3205,Teclado Mecánico,1,2025-06-17 11:36:00,Valencia,120,6,120
3207,Cargador USB-C,4,2025-01-13 20:34:00,Barcelona,25,1,100
3208,Monitor 4K,1,2025-09-05 16:55:00,Madrid,399,9,399
3209,AirPods Pro,2,2025-06-28 10:42:00,Barcelona,249,6,498
3210,MacBook Pro,3,2025-08-26 12:18:00,Madrid,1499,8,4497
3211,iPhone 15,3,2025-03-19 01:41:00,Bilbao,999,3,2997
3212,Teclado Mecánico,2,2025-02-04 16:18:00,Sevilla,120,2,240
3213,Cargador USB-C,4,2025-06-30 22:11:00,Valencia,25,6,100
3214,MacBook Pro,1,2025-01-03 22:37:00,Madrid,1499,1,1499
3215,MacBook Pro,3,2025-08-28 20:18:00,Valencia,1499,8,4497
3217,Cargador USB-C,1,2025-08-24 21:29:00,Valencia,25,8,25
3218,Monitor 4K,1,2025-12-04 19:20:00,Valencia,399,12,399
3219,Teclado Mecánico,4,2025-09-02 08:04:00,Barcelona,120,9,480
3220,Google Pixel 8,3,2025-10-14 00:52:00,Sevilla,699,10,2097
3221,iPhone 15,4,2025-07-26 04:51:00,Sevilla,999,7,3996
3222,Teclado Mecánico,4,2025-08-24 11:13:00,Valencia,120,8,480
3223,Teclado Mecánico,3,2025-01-11 06:34:00,Madrid,120,1,360
3224,iPhone 15,1,2025-03-04 18:57:00,Sevilla,999,3,999
3225,Cargador USB-C,1,2025-02-13 01:44:00,Barcelona,25,2,25
3226,iPhone 15,2,2025-10-01 19:17:00,Madrid,999,10,1998
3227,iPhone 15,4,2025-10-24 22:58:00,Barcelona,999,10,3996
3228,MacBook Pro,1,2025-05-13 20:16:00,Valencia,1499,5,1499
3229,Teclado Mecánico,1,2025-06-15 04:32:00,Madrid,120,6,120
3230,AirPods Pro,3,2025-06-12 19:44:00,Madrid,249,6,747
3231,MacBook Pro,3,2025-11-27 20:52:00,Madrid,1499,11,4497
3232,MacBook Pro,2,2025-09-08 04:43:00,Bilbao,1499,9,2998
3233,Google Pixel 8,2,2025-09-05 14:08:00,Valencia,699,9,1398
3234,Cargador USB-C,2,2025-08-26 14:52:00,Sevilla,25,8,50
3235,Google Pixel 8,1,2025-07-23 13:03:00,Barcelona,699,7,699
3237,iPhone 15,4,2025-12-22 06:27:00,Barcelona,999,12,3996
3238,MacBook Pro,1,2025-04-02 08:00:00,Sevilla,1499,4,1499
3239,iPhone 15,4,2025-02-12 22:17:00,Madrid,999,2,3996
3240,Cargador USB-C,3,2025-05-16 00:28:00,Valencia,25,5,75
3241,Teclado Mecánico,4,2025-05-11 17:18:00,Sevilla,120,5,480
3242,Monitor 4K,1,2025-04-17 00:02:00,Barcelona,399,4,399
3243,AirPods Pro,2,2025-12-15 14:18:00,Madrid,249,12,498
3244,iPhone 15,1,2025-07-16 19:27:00,Sevilla,999,7,999
3245,AirPods Pro,4,2025-09-23 17:22:00,Valencia,249,9,996
3246,iPhone 15,3,2025-08-25 23:22:00,Valencia,999,8,2997
3247,AirPods Pro,2,2025-04-08 21:01:00,Valencia,249,4,498
3248,Monitor 4K,1,2025-07-20 12:14:00,Barcelona,399,7,399
3249,Monitor 4K,2,2025-12-04 11:29:00,Barcelona,399,12,798
3250,MacBook Pro,4,2025-05-14 09:29:00,Bilbao,1499,5,5996
3252,Cargador USB-C,4,2025-09-18 17:16:00,Bilbao,25,9,100
3253,Google Pixel 8,4,2025-03-05 00:37:00,Sevilla,699,3,2796
3254,iPhone 15,3,2025-08-07 23:18:00,Madrid,999,8,2997
3255,AirPods Pro,2,2025-08-12 08:23:00,Sevilla,249,8,498
3256,MacBook Pro,4,2025-12-15 01:45:00,Sevilla,1499,12,5996
3257,iPhone 15,3,2025-01-27 08:45:00,Madrid,999,1,2997
3258,Teclado Mecánico,4,2025-07-05 05:37:00,Sevilla,120,7,480
3259,AirPods Pro,1,2025-10-08 13:45:00,Sevilla,249,10,249
3260,Monitor 4K,4,2025-11-24 06:40:00,Valencia,399,11,1596
3261,AirPods Pro,2,2025-05-06 19:40:00,Valencia,249,5,498
3262,Teclado Mecánico,3,2025-02-25 01:04:00,Sevilla,120,2,360
3263,AirPods Pro,2,2025-07-01 06:54:00,Bilbao,249,7,498
3264,Teclado Mecánico,2,2025-09-13 07:47:00,Bilbao,120,9,240
3265,Teclado Mecánico,1,2025-08-26 06:06:00,Valencia,120,8,120
3266,Monitor 4K,3,2025-10-01 11:16:00,Bilbao,399,10,1197
3267,AirPods Pro,1,2025-01-16 04:51:00,Sevilla,249,1,249
3268,Monitor 4K,2,2025-10-26 04:38:00,Madrid,399,10,798
3269,Google Pixel 8,1,2025-05-05 05:07:00,Bilbao,699,5,699
3270,MacBook Pro,1,2025-12-27 12:52:00,Valencia,1499,12,1499
3271,MacBook Pro,2,2025-06-26 10:25:00,Valencia,1499,6,2998
3272,Monitor 4K,1,2025-05-09 21:23:00,Valencia,399,5,399
3273,Monitor 4K,4,2025-10-07 09:11:00,Bilbao,399,10,1596
3275,MacBook Pro,1,2025-10-14 08:05:00,Sevilla,1499,10,1499
3276,MacBook Pro,1,2025-08-15 16:26:00,Barcelona,1499,8,1499
3277,Cargador USB-C,2,2025-10-21 05:01:00,Bilbao,25,10,50
3278,iPhone 15,3,2025-11-30 11:51:00,Valencia,999,11,2997
3279,Monitor 4K,3,2025-12-13 18:32:00,Bilbao,399,12,1197
3280,Google Pixel 8,2,2025-12-08 12:10:00,Bilbao,699,12,1398
3281,Cargador USB-C,4,2025-04-05 06:39:00,Madrid,25,4,100
3282,Cargador USB-C,4,2025-03-16 11:01:00,Madrid,25,3,100
3283,Teclado Mecánico,4,2025-06-27 01:12:00,Bilbao,120,6,480
3284,Google Pixel 8,4,2025-06-05 07:03:00,Bilbao,699,6,2796
3285,Cargador USB-C,1,2025-03-25 11:15:00,Barcelona,25,3,25
3286,MacBook Pro,1,2025-10-06 16:43:00,Sevilla,1499,10,1499
3287,Google Pixel 8,3,2025-06-10 02:52:00,Barcelona,699,6,2097
3288,Cargador USB-C,4,2025-09-24 15:16:00,Bilbao,25,9,100
3289,Cargador USB-C,3,2025-05-30 16:27:00,Sevilla,25,5,75
3290,Cargador USB-C,3,2025-02-03 12:08:00,Bilbao,25,2,75
3291,AirPods Pro,3,2025-12-27 02:24:00,Bilbao,249,12,747
3292,iPhone 15,1,2025-10-12 03:41:00,Valencia,999,10,999
3294,iPhone 15,1,2025-03-14 02:11:00,Bilbao,999,3,999
3295,Google Pixel 8,1,2025-02-27 10:25:00,Valencia,699,2,699
3296,Google Pixel 8,3,2025-12-08 13:23:00,Bilbao,699,12,2097
3297,iPhone 15,1,2025-12-10 17:23:00,Bilbao,999,12,999
3298,AirPods Pro,1,2025-01-29 03:14:00,Valencia,249,1,249
3299,AirPods Pro,1,2025-04-14 22:37:00,Valencia,249,4,249
3300,AirPods Pro,3,2025-07-11 09:55:00,Valencia,249,7,747
3301,MacBook Pro,3,2025-02-12 19:40:00,Madrid,1499,2,4497
3302,iPhone 15,4,2025-04-14 12:41:00,Bilbao,999,4,3996
3303,AirPods Pro,4,2025-06-27 07:03:00,Barcelona,249,6,996
3304,Monitor 4K,1,2025-04-18 06:08:00,Madrid,399,4,399
3305,Google Pixel 8,4,2025-04-28 08:19:00,Barcelona,699,4,2796
3306,AirPods Pro,4,2025-10-30 03:52:00,Barcelona,249,10,996
3307,Monitor 4K,2,2025-04-06 23:25:00,Barcelona,399,4,798
3308,Google Pixel 8,2,2025-02-15 01:28:00,Barcelona,699,2,1398
3309,Cargador USB-C,3,2025-04-08 13:57:00,Barcelona,25,4,75
3310,AirPods Pro,4,2025-08-12 20:28:00,Bilbao,249,8,996
3311,Google Pixel 8,1,2025-08-30 12:57:00,Bilbao,699,8,699
3312,Monitor 4K,1,2025-07-23 07:20:00,Valencia,399,7,399
3313,Teclado Mecánico,1,2025-10-27 09:18:00,Madrid,120,10,120
3314,Google Pixel 8,4,2025-11-29 04:59:00,Valencia,699,11,2796
3315,AirPods Pro,2,2025-07-12 15:03:00,Sevilla,249,7,498
3316,Google Pixel 8,3,2025-10-11 13:14:00,Sevilla,699,10,2097
3317,AirPods Pro,3,2025-09-29 19:24:00,Valencia,249,9,747
3318,Teclado Mecánico,4,2025-02-28 18:12:00,Bilbao,120,2,480
3319,Google Pixel 8,2,2025-06-15 23:19:00,Madrid,699,6,1398
3320,Monitor 4K,4,2025-01-26 03:57:00,Barcelona,399,1,1596
3321,AirPods Pro,1,2025-07-10 23:17:00,Valencia,249,7,249
3322,MacBook Pro,4,2025-05-31 05:24:00,Bilbao,1499,5,5996
3323,Monitor 4K,1,2025-03-22 03:10:00,Bilbao,399,3,399
3324,Cargador USB-C,3,2025-08-06 18:46:00,Valencia,25,8,75
3325,MacBook Pro,1,2025-08-29 12:25:00,Barcelona,1499,8,1499
3326,MacBook Pro,4,2025-07-05 12:21:00,Bilbao,1499,7,5996
3327,Monitor 4K,3,2025-04-02 04:28:00,Bilbao,399,4,1197
3329,Cargador USB-C,3,2025-10-30 06:50:00,Valencia,25,10,75
3330,MacBook Pro,4,2025-09-24 03:19:00,Barcelona,1499,9,5996
3331,AirPods Pro,3,2025-08-15 18:48:00,Madrid,249,8,747
3332,MacBook Pro,4,2025-04-11 00:32:00,Bilbao,1499,4,5996
3333,Teclado Mecánico,1,2025-07-09 20:58:00,Barcelona,120,7,120
3334,iPhone 15,1,2025-11-05 14:47:00,Madrid,999,11,999
3335,MacBook Pro,2,2025-08-13 01:48:00,Valencia,1499,8,2998
3336,Monitor 4K,4,2025-12-27 21:18:00,Bilbao,399,12,1596
3337,Google Pixel 8,3,2025-04-17 15:46:00,Valencia,699,4,2097
3339,Teclado Mecánico,4,2025-05-08 08:57:00,Madrid,120,5,480
3340,Teclado Mecánico,2,2025-01-24 06:35:00,Bilbao,120,1,240
3341,Cargador USB-C,4,2025-09-21 10:23:00,Valencia,25,9,100
3342,iPhone 15,1,2025-07-29 01:30:00,Barcelona,999,7,999
3343,Monitor 4K,4,2025-09-08 13:45:00,Valencia,399,9,1596
3344,MacBook Pro,4,2025-04-10 18:48:00,Madrid,1499,4,5996
3345,MacBook Pro,3,2025-01-22 10:07:00,Barcelona,1499,1,4497
3346,Cargador USB-C,4,2025-05-06 12:47:00,Bilbao,25,5,100
3347,Google Pixel 8,4,2025-06-22 14:19:00,Sevilla,699,6,2796
3348,iPhone 15,1,2025-08-12 19:05:00,Barcelona,999,8,999
3349,Monitor 4K,1,2025-07-09 05:20:00,Madrid,399,7,399
3350,iPhone 15,2,2025-02-20 18:15:00,Sevilla,999,2,1998
3351,iPhone 15,1,2025-07-11 13:12:00,Valencia,999,7,999
3352,Cargador USB-C,2,2025-04-09 00:06:00,Sevilla,25,4,50
3353,MacBook Pro,4,2025-01-12 01:40:00,Barcelona,1499,1,5996
3354,iPhone 15,2,2025-09-10 20:23:00,Madrid,999,9,1998
3355,Google Pixel 8,1,2025-08-21 21:52:00,Madrid,699,8,699
3356,AirPods Pro,3,2025-08-12 07:16:00,Valencia,249,8,747
3357,Google Pixel 8,3,2025-04-27 16:26:00,Madrid,699,4,2097
3358,MacBook Pro,1,2025-09-06 22:29:00,Barcelona,1499,9,1499
3359,MacBook Pro,1,2025-05-17 00:24:00,Barcelona,1499,5,1499
3360,Teclado Mecánico,4,2025-05-05 19:15:00,Barcelona,120,5,480
3361,Teclado Mecánico,1,2025-09-12 12:29:00,Barcelona,120,9,120
3362,iPhone 15,4,2025-01-29 19:25:00,Barcelona,999,1,3996
3363,iPhone 15,3,2025-11-02 03:40:00,Sevilla,999,11,2997
3364,Monitor 4K,3,2025-10-29 01:31:00,Sevilla,399,10,1197
3365,iPhone 15,4,2025-08-19 06:19:00,Bilbao,999,8,3996
3367,iPhone 15,2,2025-03-22 02:21:00,Barcelona,999,3,1998
3368,AirPods Pro,3,2025-07-08 22:08:00,Valencia,249,7,747
3369,iPhone 15,1,2025-12-21 08:00:00,Valencia,999,12,999
3370,Teclado Mecánico,3,2025-09-28 05:51:00,Barcelona,120,9,360
3371,MacBook Pro,3,2025-11-14 17:13:00,Sevilla,1499,11,4497
3372,iPhone 15,4,2025-12-02 18:13:00,Barcelona,999,12,3996
3373,Google Pixel 8,2,2025-05-02 09:08:00,Barcelona,699,5,1398
3374,iPhone 15,2,2025-04-26 05:27:00,Valencia,999,4,1998
3375,Teclado Mecánico,3,2025-01-17 23:35:00,Barcelona,120,1,360
3376,Google Pixel 8,2,2025-08-16 10:27:00,Barcelona,699,8,1398
3377,AirPods Pro,2,2025-11-26 10:28:00,Sevilla,249,11,498
3378,MacBook Pro,3,2025-04-21 13:02:00,Barcelona,1499,4,4497
3379,Cargador USB-C,4,2025-10-20 01:20:00,Madrid,25,10,100
3380,MacBook Pro,3,2025-10-09 03:12:00,Sevilla,1499,10,4497
3381,iPhone 15,4,2025-09-09 13:41:00,Barcelona,999,9,3996
3382,Google Pixel 8,4,2025-06-26 20:19:00,Valencia,699,6,2796
3383,iPhone 15,4,2025-05-17 09:50:00,Sevilla,999,5,3996
3384,AirPods Pro,1,2025-01-24 21:44:00,Valencia,249,1,249
3385,Monitor 4K,3,2025-03-25 09:49:00,Madrid,399,3,1197
3386,Teclado Mecánico,3,2025-02-25 01:13:00,Bilbao,120,2,360
3387,Google Pixel 8,4,2025-09-09 05:22:00,Barcelona,699,9,2796
3388,iPhone 15,4,2025-07-13 07:37:00,Madrid,999,7,3996
3389,Cargador USB-C,4,2025-08-19 07:33:00,Barcelona,25,8,100
3390,Monitor 4K,1,2025-09-25 07:58:00,Sevilla,399,9,399
3391,MacBook Pro,3,2025-12-13 04:00:00,Bilbao,1499,12,4497
3392,Cargador USB-C,1,2025-03-12 00:25:00,Sevilla,25,3,25
3393,Monitor 4K,2,2025-10-06 14:24:00,Sevilla,399,10,798
3394,iPhone 15,1,2025-04-21 20:23:00,Bilbao,999,4,999
3395,iPhone 15,1,2025-01-13 19:03:00,Madrid,999,1,999
3396,AirPods Pro,1,2025-03-11 05:04:00,Madrid,249,3,249
3397,MacBook Pro,1,2025-12-09 11:41:00,Madrid,1499,12,1499
3398,Teclado Mecánico,3,2025-10-04 05:39:00,Madrid,120,10,360
3399,Monitor 4K,2,2025-08-12 08:37:00,Barcelona,399,8,798
3400,AirPods Pro,3,2025-03-30 05:57:00,Valencia,249,3,747
3401,iPhone 15,4,2025-06-17 16:34:00,Barcelona,999,6,3996
3402,Monitor 4K,2,2025-05-26 05:54:00,Madrid,399,5,798
3403,Cargador USB-C,3,2025-03-02 14:18:00,Barcelona,25,3,75
3404,MacBook Pro,2,2025-10-13 06:05:00,Valencia,1499,10,2998
3405,MacBook Pro,2,2025-10-14 09:24:00,Madrid,1499,10,2998
3406,Monitor 4K,1,2025-11-01 11:30:00,Valencia,399,11,399
3407,Google Pixel 8,1,2025-12-24 12:09:00,Sevilla,699,12,699
3408,Teclado Mecánico,1,2025-03-12 06:52:00,Sevilla,120,3,120
3409,MacBook Pro,3,2025-02-21 14:26:00,Valencia,1499,2,4497
3410,Teclado Mecánico,3,2025-03-31 02:17:00,Bilbao,120,3,360
3411,Teclado Mecánico,2,2025-01-27 09:15:00,Valencia,120,1,240
3412,Teclado Mecánico,2,2025-06-24 16:07:00,Sevilla,120,6,240
3413,MacBook Pro,4,2025-10-02 09:33:00,Barcelona,1499,10,5996
3414,iPhone 15,2,2025-01-16 16:28:00,Madrid,999,1,1998
3415,Cargador USB-C,3,2025-02-18 16:36:00,Barcelona,25,2,75
3416,iPhone 15,2,2025-12-20 06:44:00,Barcelona,999,12,1998
3417,AirPods Pro,3,2025-05-28 06:30:00,Barcelona,249,5,747
3418,Monitor 4K,3,2025-02-11 02:37:00,Barcelona,399,2,1197
3419,MacBook Pro,2,2025-03-03 13:34:00,Valencia,1499,3,2998
3420,MacBook Pro,3,2025-03-25 17:56:00,Madrid,1499,3,4497
3421,Monitor 4K,4,2025-05-02 12:40:00,Barcelona,399,5,1596
3422,iPhone 15,1,2025-01-03 10:03:00,Barcelona,999,1,999
3423,Monitor 4K,3,2025-02-23 19:42:00,Barcelona,399,2,1197
3424,Google Pixel 8,3,2025-12-29 02:22:00,Madrid,699,12,2097
3425,Cargador USB-C,1,2025-12-05 12:01:00,Barcelona,25,12,25
3426,iPhone 15,2,2025-08-09 11:24:00,Valencia,999,8,1998
3427,Teclado Mecánico,3,2025-10-28 04:57:00,Sevilla,120,10,360
3428,MacBook Pro,1,2025-03-06 18:19:00,Sevilla,1499,3,1499
3429,Cargador USB-C,1,2025-06-09 09:50:00,Bilbao,25,6,25
3430,iPhone 15,1,2025-10-24 20:08:00,Bilbao,999,10,999
3431,AirPods Pro,4,2025-09-18 14:51:00,Barcelona,249,9,996
3432,Monitor 4K,4,2025-09-02 08:04:00,Madrid,399,9,1596
3433,Cargador USB-C,4,2025-01-30 11:51:00,Madrid,25,1,100
3434,MacBook Pro,2,2025-08-16 05:53:00,Bilbao,1499,8,2998
3435,AirPods Pro,4,2025-11-25 17:08:00,Barcelona,249,11,996
3436,Google Pixel 8,2,2025-06-24 15:08:00,Bilbao,699,6,1398
3437,Google Pixel 8,2,2025-03-06 16:46:00,Sevilla,699,3,1398
3438,Monitor 4K,2,2025-10-27 17:38:00,Valencia,399,10,798
3439,MacBook Pro,4,2025-12-17 08:48:00,Sevilla,1499,12,5996
3440,Cargador USB-C,4,2025-12-10 15:24:00,Valencia,25,12,100
3441,AirPods Pro,3,2025-11-05 03:59:00,Valencia,249,11,747
3442,Cargador USB-C,1,2025-08-12 08:25:00,Sevilla,25,8,25
3443,Google Pixel 8,2,2025-06-30 05:16:00,Barcelona,699,6,1398
3444,MacBook Pro,3,2025-11-15 19:33:00,Bilbao,1499,11,4497
3445,Monitor 4K,4,2025-05-03 10:54:00,Madrid,399,5,1596
3447,AirPods Pro,2,2025-07-30 16:04:00,Bilbao,249,7,498
3449,Cargador USB-C,3,2025-02-16 12:15:00,Barcelona,25,2,75
3450,iPhone 15,2,2025-05-30 01:19:00,Barcelona,999,5,1998
3451,Google Pixel 8,4,2025-12-12 07:52:00,Valencia,699,12,2796
3452,Cargador USB-C,1,2025-02-23 04:38:00,Barcelona,25,2,25
3453,Monitor 4K,2,2025-12-09 06:11:00,Barcelona,399,12,798
3454,iPhone 15,3,2025-06-20 18:49:00,Valencia,999,6,2997
3455,Cargador USB-C,2,2025-04-08 18:44:00,Madrid,25,4,50
3456,iPhone 15,3,2025-05-04 19:39:00,Valencia,999,5,2997
3457,Cargador USB-C,4,2025-04-03 03:33:00,Madrid,25,4,100
3458,Teclado Mecánico,1,2025-12-07 23:44:00,Valencia,120,12,120
3459,iPhone 15,3,2025-06-28 23:36:00,Barcelona,999,6,2997
3460,Cargador USB-C,3,2025-09-04 07:09:00,Madrid,25,9,75
3461,Teclado Mecánico,2,2025-09-17 17:57:00,Madrid,120,9,240
3462,Monitor 4K,3,2025-06-26 13:10:00,Madrid,399,6,1197
3463,iPhone 15,1,2025-04-16 12:50:00,Madrid,999,4,999
3464,Cargador USB-C,4,2025-05-20 02:08:00,Madrid,25,5,100
3465,Cargador USB-C,2,2025-12-13 00:05:00,Valencia,25,12,50
3466,Teclado Mecánico,2,2025-10-15 20:39:00,Madrid,120,10,240
3467,AirPods Pro,3,2025-04-27 02:55:00,Barcelona,249,4,747
3468,Teclado Mecánico,3,2025-02-15 20:26:00,Bilbao,120,2,360
3469,Google Pixel 8,1,2025-02-07 04:37:00,Valencia,699,2,699
3470,iPhone 15,3,2025-06-14 20:07:00,Sevilla,999,6,2997
3471,Monitor 4K,4,2025-09-20 16:22:00,Sevilla,399,9,1596
3472,Teclado Mecánico,4,2025-03-16 04:01:00,Sevilla,120,3,480
3473,Google Pixel 8,4,2025-05-09 18:06:00,Valencia,699,5,2796
3474,Google Pixel 8,4,2025-09-03 13:17:00,Barcelona,699,9,2796
3475,Google Pixel 8,2,2025-07-04 23:05:00,Bilbao,699,7,1398
3476,Monitor 4K,1,2025-03-04 21:52:00,Madrid,399,3,399
3477,Google Pixel 8,4,2025-09-22 20:26:00,Sevilla,699,9,2796
3478,iPhone 15,1,2025-09-24 18:46:00,Sevilla,999,9,999
3479,Teclado Mecánico,2,2025-05-11 01:09:00,Sevilla,120,5,240
3480,Teclado Mecánico,1,2025-03-26 11:20:00,Barcelona,120,3,120
3481,Google Pixel 8,4,2025-04-04 05:14:00,Valencia,699,4,2796
3482,Cargador USB-C,1,2025-04-10 07:15:00,Barcelona,25,4,25
3483,MacBook Pro,3,2025-06-02 05:26:00,Bilbao,1499,6,4497
3484,Google Pixel 8,2,2025-02-06 21:53:00,Madrid,699,2,1398
3485,iPhone 15,4,2025-04-29 14:56:00,Madrid,999,4,3996
3486,MacBook Pro,1,2025-09-01 08:59:00,Valencia,1499,9,1499
3487,AirPods Pro,4,2025-03-26 21:21:00,Bilbao,249,3,996
3488,Monitor 4K,1,2025-11-13 11:50:00,Madrid,399,11,399
3490,Google Pixel 8,4,2025-05-26 17:21:00,Valencia,699,5,2796
3491,MacBook Pro,1,2025-06-06 03:18:00,Valencia,1499,6,1499
3492,iPhone 15,2,2025-07-23 15:31:00,Sevilla,999,7,1998
3493,Monitor 4K,3,2025-05-21 11:48:00,Sevilla,399,5,1197
3494,iPhone 15,4,2025-01-18 04:58:00,Sevilla,999,1,3996
3495,Google Pixel 8,3,2025-07-14 09:42:00,Bilbao,699,7,2097
3496,Monitor 4K,1,2025-08-07 11:43:00,Sevilla,399,8,399
3497,iPhone 15,2,2025-09-22 14:04:00,Valencia,999,9,1998
3498,AirPods Pro,4,2025-11-23 11:21:00,Barcelona,249,11,996
3499,Teclado Mecánico,4,2025-04-30 10:50:00,Sevilla,120,4,480
3500,AirPods Pro,4,2025-05-09 05:25:00,Barcelona,249,5,996
3501,Google Pixel 8,1,2025-12-11 05:10:00,Bilbao,699,12,699
3502,MacBook Pro,3,2025-11-08 22:36:00,Bilbao,1499,11,4497
3503,MacBook Pro,1,2025-07-12 08:41:00,Bilbao,1499,7,1499
3504,Teclado Mecánico,2,2025-10-12 04:02:00,Valencia,120,10,240
3505,iPhone 15,2,2025-04-15 23:24:00,Madrid,999,4,1998
3506,AirPods Pro,4,2025-03-28 15:34:00,Valencia,249,3,996
3507,Monitor 4K,4,2025-04-03 05:23:00,Bilbao,399,4,1596
3508,iPhone 15,2,2025-08-20 22:00:00,Madrid,999,8,1998
3509,Google Pixel 8,3,2025-12-10 01:11:00,Valencia,699,12,2097
3510,iPhone 15,3,2025-10-19 16:44:00,Barcelona,999,10,2997
3511,Google Pixel 8,3,2025-04-19 10:06:00,Barcelona,699,4,2097
3512,Cargador USB-C,3,2025-09-27 19:28:00,Madrid,25,9,75
3513,Teclado Mecánico,1,2025-11-22 14:00:00,Valencia,120,11,120
3514,Cargador USB-C,4,2025-04-12 18:26:00,Barcelona,25,4,100
3515,Teclado Mecánico,2,2025-02-09 08:05:00,Sevilla,120,2,240
3516,Teclado Mecánico,3,2025-04-27 07:08:00,Barcelona,120,4,360
3517,AirPods Pro,2,2025-06-18 12:53:00,Madrid,249,6,498
3518,Google Pixel 8,4,2025-07-01 15:29:00,Valencia,699,7,2796
3519,MacBook Pro,2,2025-06-27 15:03:00,Valencia,1499,6,2998
3520,iPhone 15,1,2025-06-06 13:10:00,Madrid,999,6,999
3521,Google Pixel 8,2,2025-01-26 07:59:00,Barcelona,699,1,1398
3522,Monitor 4K,2,2025-09-13 00:47:00,Barcelona,399,9,798
3523,Google Pixel 8,2,2025-07-29 11:56:00,Madrid,699,7,1398
3524,MacBook Pro,1,2025-10-19 19:25:00,Valencia,1499,10,1499
3525,Monitor 4K,3,2025-04-23 07:32:00,Madrid,399,4,1197
3526,Cargador USB-C,1,2025-04-08 18:18:00,Valencia,25,4,25
3527,AirPods Pro,3,2025-03-02 17:05:00,Madrid,249,3,747
3528,Teclado Mecánico,2,2025-05-07 19:54:00,Sevilla,120,5,240
3529,Google Pixel 8,4,2025-02-27 00:05:00,Madrid,699,2,2796
3530,Teclado Mecánico,3,2025-04-28 10:36:00,Barcelona,120,4,360
3531,Monitor 4K,4,2025-03-14 07:25:00,Valencia,399,3,1596
3532,Monitor 4K,1,2025-01-08 18:47:00,Barcelona,399,1,399
3533,MacBook Pro,1,2025-06-04 17:58:00,Valencia,1499,6,1499
3534,Cargador USB-C,3,2025-05-01 06:00:00,Sevilla,25,5,75
3535,Google Pixel 8,4,2025-07-01 22:05:00,Sevilla,699,7,2796
3536,Monitor 4K,2,2025-03-21 22:10:00,Valencia,399,3,798
3537,MacBook Pro,3,2025-07-17 02:24:00,Barcelona,1499,7,4497
3538,AirPods Pro,1,2025-05-13 09:15:00,Bilbao,249,5,249
3539,Cargador USB-C,3,2025-01-29 12:44:00,Bilbao,25,1,75
3540,Cargador USB-C,1,2025-01-23 19:57:00,Barcelona,25,1,25
3541,Monitor 4K,3,2025-03-04 16:16:00,Valencia,399,3,1197
3542,Google Pixel 8,1,2025-07-08 19:18:00,Sevilla,699,7,699
3543,Google Pixel 8,1,2025-04-01 08:12:00,Madrid,699,4,699
3544,Monitor 4K,1,2025-04-23 05:20:00,Madrid,399,4,399
3545,Google Pixel 8,4,2025-08-17 09:16:00,Bilbao,699,8,2796
3546,Cargador USB-C,2,2025-06-01 00:40:00,Barcelona,25,6,50
3547,MacBook Pro,3,2025-08-16 12:08:00,Valencia,1499,8,4497
3548,MacBook Pro,3,2025-03-28 22:06:00,Sevilla,1499,3,4497
3549,iPhone 15,3,2025-02-22 02:55:00,Barcelona,999,2,2997
3550,MacBook Pro,2,2025-03-30 08:24:00,Sevilla,1499,3,2998
3551,Cargador USB-C,4,2025-03-23 11:41:00,Valencia,25,3,100
3552,Teclado Mecánico,2,2025-10-29 02:29:00,Valencia,120,10,240
3553,Monitor 4K,3,2025-01-21 18:42:00,Bilbao,399,1,1197
3554,MacBook Pro,3,2025-06-22 03:40:00,Valencia,1499,6,4497
3555,Teclado Mecánico,3,2025-07-29 10:27:00,Sevilla,120,7,360
3556,AirPods Pro,1,2025-06-22 15:31:00,Sevilla,249,6,249
3557,Cargador USB-C,4,2025-01-30 03:11:00,Barcelona,25,1,100
3558,Google Pixel 8,1,2025-04-21 20:37:00,Valencia,699,4,699
3559,MacBook Pro,3,2025-12-25 23:06:00,Barcelona,1499,12,4497
3560,Google Pixel 8,2,2025-09-26 05:56:00,Barcelona,699,9,1398
3561,iPhone 15,3,2025-11-01 08:56:00,Valencia,999,11,2997
3562,MacBook Pro,4,2025-05-20 02:18:00,Bilbao,1499,5,5996
3563,Cargador USB-C,4,2025-01-01 09:22:00,Valencia,25,1,100
3564,Google Pixel 8,1,2025-08-13 12:40:00,Bilbao,699,8,699
3565,Google Pixel 8,3,2025-03-06 06:20:00,Barcelona,699,3,2097
3566,AirPods Pro,4,2025-07-23 05:21:00,Barcelona,249,7,996
3567,iPhone 15,4,2025-07-11 13:40:00,Barcelona,999,7,3996
3568,MacBook Pro,1,2025-03-13 23:54:00,Sevilla,1499,3,1499
3569,iPhone 15,2,2025-06-16 04:00:00,Bilbao,999,6,1998
3570,AirPods Pro,1,2025-01-08 22:28:00,Madrid,249,1,249
3571,Google Pixel 8,2,2025-12-12 08:55:00,Bilbao,699,12,1398
3572,Monitor 4K,4,2025-08-25 15:46:00,Madrid,399,8,1596
3573,MacBook Pro,2,2025-03-09 00:32:00,Valencia,1499,3,2998
3574,Cargador USB-C,1,2025-12-29 05:54:00,Valencia,25,12,25
3575,AirPods Pro,2,2025-07-19 21:58:00,Valencia,249,7,498
3576,Teclado Mecánico,1,2025-03-26 02:03:00,Barcelona,120,3,120
3577,Google Pixel 8,2,2025-03-08 07:33:00,Barcelona,699,3,1398
3578,Teclado Mecánico,1,2025-10-13 18:07:00,Barcelona,120,10,120
3579,Monitor 4K,2,2025-10-08 19:49:00,Barcelona,399,10,798
3580,iPhone 15,1,2025-04-08 22:15:00,Valencia,999,4,999
3581,Teclado Mecánico,3,2025-06-23 17:06:00,Madrid,120,6,360
3582,MacBook Pro,1,2025-07-12 17:22:00,Madrid,1499,7,1499
3583,MacBook Pro,2,2025-01-05 05:13:00,Madrid,1499,1,2998
3584,Teclado Mecánico,4,2025-03-08 04:37:00,Valencia,120,3,480
3585,Monitor 4K,3,2025-02-27 00:37:00,Valencia,399,2,1197
3586,Teclado Mecánico,2,2025-08-21 20:51:00,Barcelona,120,8,240
3587,Google Pixel 8,4,2025-11-05 17:08:00,Sevilla,699,11,2796
3588,Monitor 4K,4,2025-02-16 20:41:00,Valencia,399,2,1596
3589,iPhone 15,4,2025-03-10 13:40:00,Madrid,999,3,3996
3592,Google Pixel 8,1,2025-09-14 06:49:00,Valencia,699,9,699
3593,AirPods Pro,1,2025-10-31 12:32:00,Sevilla,249,10,249
3594,Google Pixel 8,3,2025-09-22 08:57:00,Valencia,699,9,2097
3595,Teclado Mecánico,4,2025-03-08 01:23:00,Madrid,120,3,480
3596,Cargador USB-C,4,2025-10-31 21:33:00,Valencia,25,10,100
3597,Monitor 4K,2,2025-08-19 20:55:00,Valencia,399,8,798
3598,Google Pixel 8,2,2025-03-12 13:39:00,Valencia,699,3,1398
3599,Cargador USB-C,1,2025-01-21 08:34:00,Valencia,25,1,25
3600,MacBook Pro,2,2025-04-09 03:15:00,Madrid,1499,4,2998
3601,AirPods Pro,1,2025-09-11 00:39:00,Barcelona,249,9,249
3602,Teclado Mecánico,2,2025-11-22 05:08:00,Madrid,120,11,240
3603,Cargador USB-C,3,2025-03-20 14:35:00,Bilbao,25,3,75
3604,Cargador USB-C,2,2025-09-09 04:58:00,Madrid,25,9,50
3605,iPhone 15,1,2025-05-26 13:53:00,Barcelona,999,5,999
3606,Google Pixel 8,1,2025-11-19 14:08:00,Barcelona,699,11,699
3607,MacBook Pro,1,2025-08-04 05:11:00,Valencia,1499,8,1499
3608,Monitor 4K,3,2025-06-18 21:49:00,Madrid,399,6,1197
3609,Monitor 4K,1,2025-07-06 08:42:00,Barcelona,399,7,399
3610,Teclado Mecánico,4,2025-11-09 05:02:00,Madrid,120,11,480
3611,iPhone 15,1,2025-01-30 05:08:00,Sevilla,999,1,999
3612,iPhone 15,2,2025-01-02 21:10:00,Barcelona,999,1,1998
3613,Monitor 4K,1,2025-12-15 03:17:00,Sevilla,399,12,399
3614,MacBook Pro,3,2025-01-30 06:25:00,Bilbao,1499,1,4497
3616,Google Pixel 8,4,2025-12-14 02:40:00,Sevilla,699,12,2796
3617,iPhone 15,4,2025-03-21 17:21:00,Barcelona,999,3,3996
3618,iPhone 15,4,2025-04-25 13:35:00,Valencia,999,4,3996
3619,Monitor 4K,3,2025-09-21 16:49:00,Bilbao,399,9,1197
3620,Cargador USB-C,1,2025-02-17 23:59:00,Barcelona,25,2,25
3621,iPhone 15,4,2025-04-24 15:08:00,Valencia,999,4,3996
3622,MacBook Pro,4,2025-12-08 23:33:00,Bilbao,1499,12,5996
3623,Google Pixel 8,4,2025-03-01 15:23:00,Barcelona,699,3,2796
3624,Monitor 4K,4,2025-02-04 20:40:00,Valencia,399,2,1596
3625,Monitor 4K,3,2025-04-03 15:27:00,Bilbao,399,4,1197
3626,MacBook Pro,3,2025-05-22 15:35:00,Bilbao,1499,5,4497
3627,Cargador USB-C,4,2025-05-01 23:54:00,Barcelona,25,5,100
3628,AirPods Pro,1,2025-06-24 17:42:00,Sevilla,249,6,249
3629,Google Pixel 8,1,2025-11-13 05:09:00,Madrid,699,11,699
3630,Teclado Mecánico,2,2025-09-27 12:50:00,Madrid,120,9,240
3632,iPhone 15,4,2025-08-17 04:12:00,Valencia,999,8,3996
3633,Teclado Mecánico,3,2025-08-15 19:21:00,Bilbao,120,8,360
3634,iPhone 15,1,2025-04-08 19:52:00,Barcelona,999,4,999
3635,Teclado Mecánico,3,2025-08-17 07:47:00,Sevilla,120,8,360
3636,AirPods Pro,3,2025-12-27 07:12:00,Barcelona,249,12,747
3637,Teclado Mecánico,3,2025-03-02 16:34:00,Valencia,120,3,360
3638,iPhone 15,4,2025-09-21 10:45:00,Valencia,999,9,3996
3639,iPhone 15,2,2025-12-09 21:43:00,Valencia,999,12,1998
3640,Google Pixel 8,2,2025-05-23 04:20:00,Sevilla,699,5,1398
3641,Teclado Mecánico,1,2025-06-21 06:48:00,Barcelona,120,6,120
3642,iPhone 15,3,2025-03-02 19:25:00,Sevilla,999,3,2997
3643,Google Pixel 8,3,2025-02-11 03:56:00,Sevilla,699,2,2097
3644,MacBook Pro,2,2025-04-07 07:31:00,Barcelona,1499,4,2998
3645,AirPods Pro,4,2025-11-05 14:09:00,Bilbao,249,11,996
3646,AirPods Pro,2,2025-05-29 16:34:00,Sevilla,249,5,498
3647,iPhone 15,1,2025-02-06 07:16:00,Sevilla,999,2,999
3648,Cargador USB-C,3,2025-08-18 08:48:00,Bilbao,25,8,75
3649,iPhone 15,2,2025-09-12 20:55:00,Valencia,999,9,1998
3650,Cargador USB-C,4,2025-10-09 08:18:00,Madrid,25,10,100
3651,Cargador USB-C,4,2025-04-04 11:02:00,Barcelona,25,4,100
3653,Monitor 4K,4,2025-06-28 12:14:00,Sevilla,399,6,1596
3654,Cargador USB-C,1,2025-01-27 04:30:00,Madrid,25,1,25
3655,MacBook Pro,2,2025-09-12 07:35:00,Bilbao,1499,9,2998
3656,Google Pixel 8,1,2025-03-08 21:32:00,Sevilla,699,3,699
3657,AirPods Pro,2,2025-05-13 12:34:00,Madrid,249,5,498
3658,Google Pixel 8,2,2025-02-23 03:13:00,Bilbao,699,2,1398
3659,Monitor 4K,4,2025-07-26 08:47:00,Barcelona,399,7,1596
3660,MacBook Pro,3,2025-10-10 03:09:00,Barcelona,1499,10,4497
3661,iPhone 15,2,2025-02-21 15:21:00,Barcelona,999,2,1998
3662,iPhone 15,1,2025-11-06 10:39:00,Sevilla,999,11,999
3663,Teclado Mecánico,2,2025-12-07 15:08:00,Valencia,120,12,240
3664,AirPods Pro,3,2025-11-17 20:42:00,Sevilla,249,11,747
3665,iPhone 15,3,2025-05-28 17:49:00,Barcelona,999,5,2997
3666,Google Pixel 8,1,2025-09-10 16:29:00,Sevilla,699,9,699
3667,AirPods Pro,3,2025-10-07 08:09:00,Madrid,249,10,747
3669,Google Pixel 8,3,2025-01-05 08:22:00,Sevilla,699,1,2097
3670,MacBook Pro,4,2025-05-05 05:01:00,Barcelona,1499,5,5996
3671,Monitor 4K,3,2025-07-07 21:22:00,Bilbao,399,7,1197
3672,AirPods Pro,3,2025-01-07 10:33:00,Madrid,249,1,747
3673,Monitor 4K,2,2025-01-25 17:20:00,Sevilla,399,1,798
3674,Google Pixel 8,2,2025-10-01 18:11:00,Valencia,699,10,1398
3675,MacBook Pro,3,2025-09-22 09:21:00,Barcelona,1499,9,4497
3676,Google Pixel 8,1,2025-11-01 11:07:00,Sevilla,699,11,699
3677,AirPods Pro,2,2025-04-07 20:07:00,Sevilla,249,4,498
3678,AirPods Pro,3,2025-12-07 21:02:00,Barcelona,249,12,747
3679,AirPods Pro,4,2025-08-22 07:52:00,Sevilla,249,8,996
3680,MacBook Pro,1,2025-06-25 06:33:00,Barcelona,1499,6,1499
3681,Monitor 4K,4,2025-07-07 00:38:00,Bilbao,399,7,1596
3682,AirPods Pro,3,2025-08-18 13:45:00,Sevilla,249,8,747
3683,Google Pixel 8,4,2025-12-04 06:30:00,Valencia,699,12,2796
3684,Monitor 4K,4,2025-02-09 02:14:00,Valencia,399,2,1596
3685,Google Pixel 8,2,2025-12-01 09:27:00,Bilbao,699,12,1398
3686,Cargador USB-C,1,2025-10-31 16:29:00,Bilbao,25,10,25
3687,Monitor 4K,1,2025-02-19 09:33:00,Valencia,399,2,399
3688,Google Pixel 8,2,2025-12-09 06:47:00,Valencia,699,12,1398
3689,Teclado Mecánico,4,2025-02-15 23:17:00,Barcelona,120,2,480
3690,AirPods Pro,3,2025-08-17 12:17:00,Bilbao,249,8,747
3691,Teclado Mecánico,2,2025-12-25 17:59:00,Barcelona,120,12,240
3692,MacBook Pro,3,2025-09-21 22:06:00,Bilbao,1499,9,4497
3693,MacBook Pro,2,2025-08-06 17:01:00,Bilbao,1499,8,2998
3694,iPhone 15,3,2025-03-17 12:44:00,Barcelona,999,3,2997
3695,iPhone 15,3,2025-10-25 04:54:00,Bilbao,999,10,2997
3696,Cargador USB-C,4,2025-10-19 23:30:00,Valencia,25,10,100
3697,MacBook Pro,1,2025-10-15 08:01:00,Sevilla,1499,10,1499
3698,AirPods Pro,3,2025-05-23 22:28:00,Madrid,249,5,747
3699,Teclado Mecánico,2,2025-12-02 10:51:00,Barcelona,120,12,240
3700,Google Pixel 8,2,2025-11-10 11:05:00,Bilbao,699,11,1398
3701,Teclado Mecánico,2,2025-06-28 15:48:00,Madrid,120,6,240
3702,Monitor 4K,3,2025-12-13 22:02:00,Barcelona,399,12,1197
3703,Cargador USB-C,2,2025-03-01 00:29:00,Bilbao,25,3,50
3705,Google Pixel 8,3,2025-12-14 09:44:00,Barcelona,699,12,2097
3706,Teclado Mecánico,4,2025-01-13 13:06:00,Madrid,120,1,480
3707,iPhone 15,3,2025-12-08 00:42:00,Bilbao,999,12,2997
3708,Google Pixel 8,2,2025-12-18 15:46:00,Barcelona,699,12,1398
3709,Monitor 4K,3,2025-05-19 11:30:00,Valencia,399,5,1197
3710,Monitor 4K,4,2025-08-28 04:19:00,Madrid,399,8,1596
3711,Cargador USB-C,4,2025-07-10 19:28:00,Bilbao,25,7,100
3712,MacBook Pro,1,2025-05-08 02:02:00,Madrid,1499,5,1499
3713,Monitor 4K,2,2025-10-03 01:59:00,Sevilla,399,10,798
3714,Cargador USB-C,4,2025-10-09 04:21:00,Sevilla,25,10,100
3715,Google Pixel 8,1,2025-11-28 17:07:00,Madrid,699,11,699
3716,iPhone 15,4,2025-02-08 21:47:00,Valencia,999,2,3996
3717,Monitor 4K,2,2025-04-25 09:13:00,Valencia,399,4,798
3718,Google Pixel 8,4,2025-12-27 22:00:00,Barcelona,699,12,2796
3719,AirPods Pro,3,2025-07-24 05:49:00,Sevilla,249,7,747
3720,Google Pixel 8,3,2025-08-27 16:40:00,Sevilla,699,8,2097
3721,Cargador USB-C,3,2025-01-23 04:10:00,Bilbao,25,1,75
3722,AirPods Pro,1,2025-02-12 05:35:00,Madrid,249,2,249
3723,Google Pixel 8,1,2025-09-17 08:56:00,Bilbao,699,9,699
3724,Teclado Mecánico,3,2025-02-22 08:05:00,Madrid,120,2,360
3725,iPhone 15,2,2025-10-07 04:45:00,Valencia,999,10,1998
3726,MacBook Pro,1,2025-02-23 15:30:00,Bilbao,1499,2,1499
3727,Monitor 4K,3,2025-01-03 08:17:00,Valencia,399,1,1197
3728,Google Pixel 8,1,2025-11-16 10:10:00,Bilbao,699,11,699
3729,Google Pixel 8,1,2025-01-18 20:36:00,Sevilla,699,1,699
3730,Monitor 4K,1,2025-04-22 12:08:00,Valencia,399,4,399
3732,AirPods Pro,4,2025-07-04 00:27:00,Barcelona,249,7,996
3733,iPhone 15,1,2025-01-01 11:03:00,Barcelona,999,1,999
3734,Cargador USB-C,3,2025-07-11 20:13:00,Madrid,25,7,75
3735,Cargador USB-C,4,2025-09-04 06:24:00,Valencia,25,9,100
3736,Cargador USB-C,4,2025-04-02 09:51:00,Bilbao,25,4,100
3737,iPhone 15,2,2025-09-13 07:33:00,Sevilla,999,9,1998
3738,Teclado Mecánico,2,2025-07-30 07:35:00,Barcelona,120,7,240
3739,Google Pixel 8,4,2025-04-24 14:14:00,Madrid,699,4,2796
3741,iPhone 15,1,2025-03-12 08:47:00,Valencia,999,3,999
3742,Teclado Mecánico,2,2025-03-26 11:15:00,Bilbao,120,3,240
3743,iPhone 15,4,2025-02-26 16:44:00,Bilbao,999,2,3996
3744,Monitor 4K,2,2025-02-10 15:12:00,Barcelona,399,2,798
3745,iPhone 15,3,2025-03-01 17:14:00,Valencia,999,3,2997
3746,Teclado Mecánico,2,2025-10-17 01:19:00,Barcelona,120,10,240
3747,MacBook Pro,1,2025-03-14 00:28:00,Valencia,1499,3,1499
3748,AirPods Pro,3,2025-01-17 02:43:00,Barcelona,249,1,747
3749,AirPods Pro,2,2025-03-13 14:56:00,Barcelona,249,3,498
3750,Cargador USB-C,2,2025-03-29 20:05:00,Sevilla,25,3,50
3751,AirPods Pro,1,2025-03-29 17:39:00,Valencia,249,3,249
3752,AirPods Pro,4,2025-05-22 19:43:00,Sevilla,249,5,996
3754,Monitor 4K,1,2025-01-24 16:43:00,Madrid,399,1,399
3755,AirPods Pro,1,2025-02-04 01:42:00,Madrid,249,2,249
3756,Teclado Mecánico,1,2025-06-20 05:51:00,Sevilla,120,6,120
3757,Monitor 4K,1,2025-06-08 13:24:00,Sevilla,399,6,399
3759,Teclado Mecánico,4,2025-10-24 07:05:00,Sevilla,120,10,480
3760,Monitor 4K,1,2025-12-25 19:49:00,Valencia,399,12,399
3761,iPhone 15,2,2025-02-22 12:13:00,Barcelona,999,2,1998
3762,Monitor 4K,2,2025-08-05 13:49:00,Valencia,399,8,798
3763,Monitor 4K,1,2025-04-19 23:22:00,Madrid,399,4,399
3764,Monitor 4K,3,2025-08-22 08:26:00,Barcelona,399,8,1197
3765,iPhone 15,3,2025-11-01 01:20:00,Madrid,999,11,2997
3766,MacBook Pro,3,2025-12-31 09:54:00,Bilbao,1499,12,4497
3767,Cargador USB-C,4,2025-09-23 14:59:00,Barcelona,25,9,100
3768,AirPods Pro,3,2025-02-19 05:29:00,Madrid,249,2,747
3769,Cargador USB-C,2,2025-10-15 04:03:00,Bilbao,25,10,50
3770,Google Pixel 8,4,2025-12-01 23:48:00,Barcelona,699,12,2796
3771,iPhone 15,3,2025-12-23 04:03:00,Barcelona,999,12,2997
3772,Monitor 4K,3,2025-04-25 04:36:00,Valencia,399,4,1197
3773,iPhone 15,4,2025-06-10 16:25:00,Valencia,999,6,3996
3774,iPhone 15,3,2025-06-14 17:19:00,Sevilla,999,6,2997
3775,Monitor 4K,4,2025-06-30 18:02:00,Madrid,399,6,1596
3776,Monitor 4K,3,2025-06-20 01:05:00,Barcelona,399,6,1197
3777,Teclado Mecánico,3,2025-08-10 13:22:00,Bilbao,120,8,360
3778,MacBook Pro,1,2025-07-31 07:20:00,Barcelona,1499,7,1499
3779,Teclado Mecánico,4,2025-05-23 22:45:00,Bilbao,120,5,480
3780,Cargador USB-C,1,2025-05-23 00:49:00,Sevilla,25,5,25
3781,AirPods Pro,2,2025-09-05 23:07:00,Valencia,249,9,498
3782,Google Pixel 8,2,2025-03-26 00:47:00,Sevilla,699,3,1398
3784,Google Pixel 8,3,2025-12-30 07:34:00,Bilbao,699,12,2097
3785,Monitor 4K,2,2025-05-08 08:00:00,Sevilla,399,5,798
3786,iPhone 15,3,2025-06-26 21:39:00,Bilbao,999,6,2997
3787,iPhone 15,2,2025-10-21 21:00:00,Bilbao,999,10,1998
3790,Monitor 4K,3,2025-12-12 21:10:00,Sevilla,399,12,1197
3791,AirPods Pro,1,2025-07-26 23:37:00,Valencia,249,7,249
3792,AirPods Pro,4,2025-01-15 19:41:00,Madrid,249,1,996
3793,Cargador USB-C,2,2025-12-04 09:01:00,Bilbao,25,12,50
3794,Teclado Mecánico,3,2025-12-07 11:08:00,Sevilla,120,12,360
3795,Teclado Mecánico,4,2025-06-14 10:08:00,Valencia,120,6,480
3796,iPhone 15,2,2025-11-27 00:33:00,Madrid,999,11,1998
3797,AirPods Pro,2,2025-09-28 23:51:00,Valencia,249,9,498
3798,Monitor 4K,1,2025-12-23 15:20:00,Bilbao,399,12,399
3799,MacBook Pro,2,2025-08-01 09:46:00,Sevilla,1499,8,2998
3800,iPhone 15,4,2025-05-06 18:49:00,Valencia,999,5,3996
3801,Monitor 4K,2,2025-05-29 18:59:00,Barcelona,399,5,798
3802,Google Pixel 8,1,2025-04-27 23:45:00,Madrid,699,4,699
3803,MacBook Pro,3,2025-07-28 22:45:00,Sevilla,1499,7,4497
3804,Monitor 4K,3,2025-06-29 11:56:00,Barcelona,399,6,1197
3805,MacBook Pro,1,2025-02-01 17:17:00,Valencia,1499,2,1499
3806,MacBook Pro,4,2025-03-30 16:03:00,Sevilla,1499,3,5996
3807,Teclado Mecánico,4,2025-04-25 11:17:00,Madrid,120,4,480
3808,Google Pixel 8,1,2025-09-02 03:39:00,Barcelona,699,9,699
3809,Teclado Mecánico,4,2025-02-05 19:33:00,Madrid,120,2,480
3810,Google Pixel 8,3,2025-06-08 23:38:00,Sevilla,699,6,2097
3811,AirPods Pro,4,2025-11-13 13:06:00,Sevilla,249,11,996
3812,Teclado Mecánico,4,2025-01-10 19:06:00,Valencia,120,1,480
3813,MacBook Pro,3,2025-07-31 15:28:00,Bilbao,1499,7,4497
3814,AirPods Pro,4,2025-12-08 07:35:00,Madrid,249,12,996
3815,iPhone 15,2,2025-07-02 17:26:00,Bilbao,999,7,1998
3816,Google Pixel 8,3,2025-09-27 11:19:00,Barcelona,699,9,2097
3817,Teclado Mecánico,3,2025-01-17 03:32:00,Barcelona,120,1,360
3818,Teclado Mecánico,1,2025-07-23 20:26:00,Bilbao,120,7,120
3819,iPhone 15,1,2025-08-09 07:12:00,Barcelona,999,8,999
3820,Google Pixel 8,3,2025-05-18 21:54:00,Madrid,699,5,2097
3821,Monitor 4K,2,2025-08-10 18:09:00,Valencia,399,8,798
3822,iPhone 15,4,2025-08-03 20:27:00,Bilbao,999,8,3996
3823,Teclado Mecánico,1,2025-06-20 15:06:00,Valencia,120,6,120
3824,Google Pixel 8,1,2025-04-07 19:13:00,Valencia,699,4,699
3825,Google Pixel 8,4,2025-06-24 03:55:00,Valencia,699,6,2796
3826,MacBook Pro,4,2025-09-10 13:46:00,Bilbao,1499,9,5996
3827,Monitor 4K,2,2025-05-27 15:56:00,Madrid,399,5,798
3828,Teclado Mecánico,2,2025-04-09 13:50:00,Sevilla,120,4,240
3829,AirPods Pro,4,2025-04-03 18:04:00,Madrid,249,4,996
3830,iPhone 15,4,2025-10-05 14:31:00,Sevilla,999,10,3996
3831,MacBook Pro,2,2025-12-21 18:34:00,Bilbao,1499,12,2998
3832,Cargador USB-C,1,2025-04-11 06:29:00,Sevilla,25,4,25
3833,Google Pixel 8,2,2025-04-09 09:10:00,Sevilla,699,4,1398
3834,Google Pixel 8,2,2025-06-29 04:00:00,Bilbao,699,6,1398
3835,Cargador USB-C,1,2025-10-14 12:04:00,Barcelona,25,10,25
3836,Monitor 4K,4,2025-01-24 04:49:00,Madrid,399,1,1596
3837,Google Pixel 8,2,2025-04-03 11:28:00,Madrid,699,4,1398
3838,AirPods Pro,1,2025-09-08 18:50:00,Sevilla,249,9,249
3839,iPhone 15,4,2025-03-28 20:40:00,Sevilla,999,3,3996
3840,Teclado Mecánico,4,2025-01-14 13:06:00,Barcelona,120,1,480
3841,Monitor 4K,2,2025-07-07 00:38:00,Valencia,399,7,798
3842,MacBook Pro,4,2025-02-19 11:26:00,Bilbao,1499,2,5996
3843,iPhone 15,1,2025-09-06 03:51:00,Sevilla,999,9,999
3844,MacBook Pro,2,2025-04-29 22:19:00,Valencia,1499,4,2998
3845,Teclado Mecánico,2,2025-08-06 19:13:00,Valencia,120,8,240
3846,Google Pixel 8,3,2025-10-09 00:30:00,Sevilla,699,10,2097
3847,AirPods Pro,4,2025-06-17 09:14:00,Bilbao,249,6,996
3848,Cargador USB-C,3,2025-10-27 07:48:00,Madrid,25,10,75
3849,AirPods Pro,1,2025-07-27 21:15:00,Madrid,249,7,249
3850,AirPods Pro,2,2025-02-09 04:54:00,Bilbao,249,2,498
3851,Monitor 4K,3,2025-09-18 19:37:00,Valencia,399,9,1197
3852,AirPods Pro,4,2025-05-20 00:02:00,Barcelona,249,5,996
3853,Teclado Mecánico,2,2025-02-21 01:29:00,Sevilla,120,2,240
3854,Teclado Mecánico,2,2025-10-10 03:52:00,Madrid,120,10,240
3855,Google Pixel 8,4,2025-10-12 11:26:00,Sevilla,699,10,2796
3856,MacBook Pro,2,2025-10-13 00:29:00,Valencia,1499,10,2998
3858,Teclado Mecánico,4,2025-12-25 03:05:00,Bilbao,120,12,480
3859,AirPods Pro,2,2025-10-21 08:55:00,Madrid,249,10,498
3860,MacBook Pro,1,2025-12-20 11:24:00,Sevilla,1499,12,1499
3861,MacBook Pro,1,2025-05-11 22:29:00,Madrid,1499,5,1499
3862,Monitor 4K,1,2025-02-23 07:54:00,Barcelona,399,2,399
3863,Monitor 4K,4,2025-05-11 04:17:00,Valencia,399,5,1596
3864,AirPods Pro,4,2025-05-05 02:18:00,Bilbao,249,5,996
3865,AirPods Pro,2,2025-04-12 06:19:00,Madrid,249,4,498
3867,iPhone 15,2,2025-08-14 21:27:00,Sevilla,999,8,1998
3868,Cargador USB-C,4,2025-11-19 15:25:00,Madrid,25,11,100
3869,Teclado Mecánico,3,2025-12-23 18:04:00,Barcelona,120,12,360
3870,Google Pixel 8,3,2025-09-25 20:15:00,Bilbao,699,9,2097
3871,Cargador USB-C,2,2025-09-12 06:38:00,Sevilla,25,9,50
3872,Teclado Mecánico,1,2025-05-24 05:39:00,Bilbao,120,5,120
3873,Teclado Mecánico,1,2025-08-13 06:36:00,Bilbao,120,8,120
3874,Monitor 4K,1,2025-11-01 16:30:00,Madrid,399,11,399
3875,iPhone 15,3,2025-05-09 20:37:00,Bilbao,999,5,2997
3876,AirPods Pro,1,2025-10-14 12:06:00,Bilbao,249,10,249
3877,MacBook Pro,2,2025-01-18 13:20:00,Barcelona,1499,1,2998
3878,Teclado Mecánico,1,2025-09-18 10:27:00,Madrid,120,9,120
3880,Monitor 4K,1,2025-12-12 05:27:00,Sevilla,399,12,399
3881,Google Pixel 8,3,2025-08-18 19:18:00,Bilbao,699,8,2097
3882,Cargador USB-C,2,2025-05-25 10:47:00,Sevilla,25,5,50
3883,Teclado Mecánico,2,2025-10-01 07:56:00,Sevilla,120,10,240
3884,AirPods Pro,3,2025-04-05 03:50:00,Bilbao,249,4,747
3885,Monitor 4K,2,2025-11-30 06:10:00,Barcelona,399,11,798
3886,Cargador USB-C,3,2025-10-08 19:09:00,Barcelona,25,10,75
3887,Google Pixel 8,3,2025-09-20 17:51:00,Sevilla,699,9,2097
3889,AirPods Pro,3,2025-01-27 18:54:00,Sevilla,249,1,747
3890,Teclado Mecánico,3,2025-06-09 05:31:00,Barcelona,120,6,360
3891,Google Pixel 8,3,2025-06-24 04:57:00,Madrid,699,6,2097
3892,Monitor 4K,3,2025-11-10 03:49:00,Madrid,399,11,1197
3893,Google Pixel 8,3,2025-09-30 16:54:00,Madrid,699,9,2097
3894,iPhone 15,3,2025-10-31 04:44:00,Valencia,999,10,2997
3895,Cargador USB-C,3,2025-05-08 04:08:00,Bilbao,25,5,75
3896,Google Pixel 8,1,2025-04-26 04:35:00,Sevilla,699,4,699
3897,MacBook Pro,3,2025-06-11 12:55:00,Barcelona,1499,6,4497
3898,Google Pixel 8,4,2025-11-15 07:25:00,Valencia,699,11,2796
3899,MacBook Pro,3,2025-02-07 13:27:00,Barcelona,1499,2,4497
3900,Cargador USB-C,2,2025-05-13 05:42:00,Sevilla,25,5,50
3901,Cargador USB-C,2,2025-12-30 10:33:00,Valencia,25,12,50
3903,Monitor 4K,1,2025-06-13 05:55:00,Madrid,399,6,399
3904,Monitor 4K,2,2025-02-07 05:16:00,Madrid,399,2,798
3905,iPhone 15,4,2025-09-23 04:02:00,Sevilla,999,9,3996
3906,iPhone 15,3,2025-06-23 16:16:00,Valencia,999,6,2997
3907,Google Pixel 8,3,2025-05-21 04:55:00,Sevilla,699,5,2097
3908,Monitor 4K,4,2025-01-23 08:51:00,Barcelona,399,1,1596
3909,Teclado Mecánico,4,2025-02-28 14:10:00,Madrid,120,2,480
3910,Cargador USB-C,3,2025-12-10 03:59:00,Madrid,25,12,75
3911,MacBook Pro,2,2025-02-20 13:07:00,Madrid,1499,2,2998
3912,MacBook Pro,3,2025-05-02 05:32:00,Bilbao,1499,5,4497
3913,MacBook Pro,3,2025-03-22 15:55:00,Bilbao,1499,3,4497
3914,MacBook Pro,4,2025-04-19 18:21:00,Valencia,1499,4,5996
3915,Cargador USB-C,4,2025-02-20 02:02:00,Barcelona,25,2,100
3916,MacBook Pro,4,2025-09-15 21:26:00,Bilbao,1499,9,5996
3917,Teclado Mecánico,2,2025-10-10 22:03:00,Bilbao,120,10,240
3918,Monitor 4K,4,2025-02-17 16:18:00,Barcelona,399,2,1596
3919,Cargador USB-C,1,2025-04-29 05:45:00,Bilbao,25,4,25
3920,Monitor 4K,2,2025-08-23 00:11:00,Barcelona,399,8,798
3921,Teclado Mecánico,2,2025-09-19 15:16:00,Valencia,120,9,240
3922,iPhone 15,2,2025-07-05 02:30:00,Valencia,999,7,1998
3923,AirPods Pro,1,2025-09-12 02:36:00,Madrid,249,9,249
3924,Monitor 4K,4,2025-08-02 21:02:00,Madrid,399,8,1596
3925,AirPods Pro,4,2025-04-06 12:05:00,Valencia,249,4,996
3926,Cargador USB-C,4,2025-11-05 18:59:00,Sevilla,25,11,100
3927,Cargador USB-C,3,2025-07-07 21:04:00,Sevilla,25,7,75
3928,iPhone 15,3,2025-06-24 21:48:00,Madrid,999,6,2997
3929,Google Pixel 8,4,2025-10-08 20:13:00,Sevilla,699,10,2796
3930,Monitor 4K,4,2025-05-09 06:10:00,Madrid,399,5,1596
3931,iPhone 15,3,2025-09-22 09:18:00,Madrid,999,9,2997
3933,AirPods Pro,2,2025-01-21 12:04:00,Valencia,249,1,498
3934,Monitor 4K,4,2025-06-27 16:09:00,Barcelona,399,6,1596
3935,Monitor 4K,1,2025-09-22 19:32:00,Valencia,399,9,399
3936,Monitor 4K,1,2025-01-13 21:03:00,Barcelona,399,1,399
3937,AirPods Pro,3,2025-05-15 06:19:00,Madrid,249,5,747
3938,Google Pixel 8,4,2025-09-03 20:38:00,Barcelona,699,9,2796
3940,Google Pixel 8,4,2025-02-09 18:41:00,Madrid,699,2,2796
3942,Teclado Mecánico,1,2025-12-06 11:51:00,Valencia,120,12,120
3943,AirPods Pro,2,2025-08-01 09:09:00,Barcelona,249,8,498
3944,iPhone 15,4,2025-03-18 13:12:00,Barcelona,999,3,3996
3945,Teclado Mecánico,4,2025-05-28 15:43:00,Madrid,120,5,480
3946,iPhone 15,2,2025-03-03 18:48:00,Valencia,999,3,1998
3947,Cargador USB-C,4,2025-03-05 22:34:00,Sevilla,25,3,100
3948,MacBook Pro,2,2025-12-04 12:55:00,Sevilla,1499,12,2998
3949,Google Pixel 8,3,2025-05-20 14:55:00,Bilbao,699,5,2097
3950,Cargador USB-C,1,2025-06-26 19:56:00,Sevilla,25,6,25
3951,Monitor 4K,1,2025-03-12 07:43:00,Bilbao,399,3,399
3952,MacBook Pro,4,2025-09-30 23:20:00,Bilbao,1499,9,5996
3953,Monitor 4K,1,2025-05-04 02:19:00,Sevilla,399,5,399
3954,MacBook Pro,4,2025-03-15 21:36:00,Barcelona,1499,3,5996
3955,Cargador USB-C,2,2025-02-04 02:36:00,Madrid,25,2,50
3956,Monitor 4K,3,2025-11-04 21:49:00,Valencia,399,11,1197
3957,Cargador USB-C,4,2025-09-28 02:43:00,Bilbao,25,9,100
3958,Google Pixel 8,1,2025-02-24 02:04:00,Sevilla,699,2,699
3959,Teclado Mecánico,3,2025-01-29 23:48:00,Sevilla,120,1,360
3960,Teclado Mecánico,4,2025-04-22 08:49:00,Valencia,120,4,480
3961,AirPods Pro,3,2025-07-16 10:15:00,Bilbao,249,7,747
3962,Cargador USB-C,3,2025-10-18 01:37:00,Madrid,25,10,75
3963,Monitor 4K,2,2025-08-22 21:24:00,Sevilla,399,8,798
3964,Monitor 4K,3,2025-08-21 04:17:00,Madrid,399,8,1197
3965,Cargador USB-C,1,2025-07-31 03:34:00,Bilbao,25,7,25
3966,iPhone 15,4,2025-03-09 04:35:00,Bilbao,999,3,3996
3967,Monitor 4K,4,2025-09-19 19:55:00,Madrid,399,9,1596
3968,Cargador USB-C,3,2025-04-11 15:13:00,Valencia,25,4,75
3969,Cargador USB-C,4,2025-01-01 06:01:00,Madrid,25,1,100
3970,iPhone 15,2,2025-01-30 16:16:00,Madrid,999,1,1998
3971,Monitor 4K,1,2025-02-27 00:23:00,Sevilla,399,2,399
3972,AirPods Pro,4,2025-01-30 22:32:00,Barcelona,249,1,996
3973,Monitor 4K,1,2025-04-10 08:13:00,Valencia,399,4,399
3974,iPhone 15,1,2025-07-19 14:06:00,Valencia,999,7,999
3975,iPhone 15,4,2025-12-10 05:36:00,Valencia,999,12,3996
3976,Monitor 4K,1,2025-02-15 15:03:00,Bilbao,399,2,399
3977,Google Pixel 8,1,2025-12-16 15:28:00,Madrid,699,12,699
3978,Cargador USB-C,2,2025-08-04 13:18:00,Valencia,25,8,50
3979,Google Pixel 8,3,2025-04-29 00:33:00,Barcelona,699,4,2097
3980,Monitor 4K,1,2025-07-01 06:35:00,Sevilla,399,7,399
3981,iPhone 15,3,2025-05-13 00:06:00,Valencia,999,5,2997
3982,AirPods Pro,4,2025-03-20 14:01:00,Barcelona,249,3,996
3983,iPhone 15,1,2025-02-01 01:21:00,Barcelona,999,2,999
3984,Google Pixel 8,4,2025-06-14 15:20:00,Sevilla,699,6,2796
3985,Google Pixel 8,1,2025-01-05 20:07:00,Bilbao,699,1,699
3986,iPhone 15,2,2025-05-21 12:39:00,Madrid,999,5,1998
3987,iPhone 15,2,2025-10-02 05:23:00,Bilbao,999,10,1998
3988,MacBook Pro,1,2025-01-23 16:43:00,Valencia,1499,1,1499
3989,iPhone 15,4,2025-12-27 07:50:00,Madrid,999,12,3996
3990,AirPods Pro,1,2025-11-19 00:20:00,Valencia,249,11,249
3991,iPhone 15,2,2025-05-18 06:14:00,Madrid,999,5,1998
3992,AirPods Pro,2,2025-12-02 02:26:00,Valencia,249,12,498
3993,iPhone 15,2,2025-06-14 12:03:00,Barcelona,999,6,1998
3994,MacBook Pro,2,2025-09-13 00:41:00,Madrid,1499,9,2998
3995,MacBook Pro,3,2025-05-06 13:23:00,Barcelona,1499,5,4497
3996,AirPods Pro,1,2025-07-24 13:21:00,Valencia,249,7,249
3997,Google Pixel 8,2,2025-05-19 09:01:00,Madrid,699,5,1398
3998,Teclado Mecánico,1,2025-11-10 03:34:00,Valencia,120,11,120
3999,Teclado Mecánico,1,2025-10-06 23:50:00,Sevilla,120,10,120
4000,iPhone 15,1,2025-09-06 13:03:00,Bilbao,999,9,999
4001,Teclado Mecánico,2,2025-08-25 16:13:00,Madrid,120,8,240
4002,Cargador USB-C,1,2025-01-19 04:54:00,Valencia,25,1,25
4003,MacBook Pro,2,2025-05-13 17:54:00,Bilbao,1499,5,2998
4005,MacBook Pro,2,2025-09-14 21:42:00,Madrid,1499,9,2998
4006,Cargador USB-C,4,2025-06-25 23:34:00,Barcelona,25,6,100
4007,MacBook Pro,4,2025-11-14 03:07:00,Madrid,1499,11,5996
4008,AirPods Pro,1,2025-10-04 01:27:00,Valencia,249,10,249
4009,AirPods Pro,1,2025-06-30 00:32:00,Bilbao,249,6,249
4010,MacBook Pro,2,2025-06-15 22:45:00,Valencia,1499,6,2998
4011,Google Pixel 8,4,2025-02-04 14:05:00,Bilbao,699,2,2796
4012,Teclado Mecánico,1,2025-03-08 13:42:00,Madrid,120,3,120
4013,Google Pixel 8,1,2025-09-09 06:35:00,Madrid,699,9,699
4014,Cargador USB-C,2,2025-06-17 13:05:00,Bilbao,25,6,50
4015,iPhone 15,4,2025-11-29 04:52:00,Valencia,999,11,3996
4016,AirPods Pro,1,2025-10-26 23:25:00,Valencia,249,10,249
4017,iPhone 15,2,2025-11-28 05:18:00,Sevilla,999,11,1998
4018,Monitor 4K,1,2025-04-03 09:37:00,Barcelona,399,4,399
4019,Google Pixel 8,2,2025-04-14 01:53:00,Bilbao,699,4,1398
4020,Cargador USB-C,1,2025-06-29 02:15:00,Bilbao,25,6,25
4021,MacBook Pro,1,2025-01-31 10:06:00,Sevilla,1499,1,1499
4022,Cargador USB-C,2,2025-01-08 21:46:00,Madrid,25,1,50
4023,AirPods Pro,4,2025-02-09 20:25:00,Madrid,249,2,996
4024,Teclado Mecánico,3,2025-06-20 17:09:00,Madrid,120,6,360
4025,Monitor 4K,3,2025-08-24 19:30:00,Sevilla,399,8,1197
4026,AirPods Pro,3,2025-06-12 17:25:00,Sevilla,249,6,747
4027,MacBook Pro,4,2025-09-14 03:06:00,Madrid,1499,9,5996
4028,Monitor 4K,2,2025-04-13 13:01:00,Valencia,399,4,798
4029,MacBook Pro,1,2025-01-21 10:04:00,Valencia,1499,1,1499
4030,Monitor 4K,1,2025-07-08 23:18:00,Barcelona,399,7,399
4031,iPhone 15,3,2025-06-28 09:47:00,Madrid,999,6,2997
4032,Google Pixel 8,2,2025-03-21 22:19:00,Sevilla,699,3,1398
4033,iPhone 15,2,2025-09-14 18:30:00,Barcelona,999,9,1998
4034,iPhone 15,2,2025-07-05 20:00:00,Bilbao,999,7,1998
4035,Google Pixel 8,1,2025-08-27 18:18:00,Madrid,699,8,699
4036,Monitor 4K,2,2025-01-23 06:04:00,Madrid,399,1,798
4037,Cargador USB-C,1,2025-05-31 20:56:00,Barcelona,25,5,25
4038,Google Pixel 8,4,2025-06-14 06:18:00,Valencia,699,6,2796
4039,Cargador USB-C,1,2025-03-31 08:00:00,Bilbao,25,3,25
4040,Cargador USB-C,2,2025-11-22 07:49:00,Valencia,25,11,50
4041,Google Pixel 8,3,2025-02-16 23:40:00,Bilbao,699,2,2097
4042,AirPods Pro,1,2025-12-11 14:44:00,Barcelona,249,12,249
4043,Cargador USB-C,2,2025-02-05 03:25:00,Valencia,25,2,50
4044,MacBook Pro,4,2025-10-18 18:35:00,Barcelona,1499,10,5996
4045,Teclado Mecánico,4,2025-09-06 22:12:00,Bilbao,120,9,480
4046,Monitor 4K,3,2025-10-07 15:25:00,Barcelona,399,10,1197
4047,Teclado Mecánico,1,2025-12-11 03:38:00,Barcelona,120,12,120
4048,Cargador USB-C,3,2025-01-23 15:41:00,Bilbao,25,1,75
4049,Teclado Mecánico,1,2025-07-08 11:13:00,Madrid,120,7,120
4050,iPhone 15,2,2025-02-05 23:49:00,Valencia,999,2,1998
4051,iPhone 15,2,2025-07-06 08:38:00,Valencia,999,7,1998
4052,Monitor 4K,4,2025-11-22 00:16:00,Madrid,399,11,1596
4053,Teclado Mecánico,1,2025-05-02 15:14:00,Sevilla,120,5,120
4054,MacBook Pro,4,2025-11-03 16:43:00,Barcelona,1499,11,5996
4055,Teclado Mecánico,4,2025-08-29 01:25:00,Bilbao,120,8,480
4056,Cargador USB-C,4,2025-12-28 10:37:00,Bilbao,25,12,100
4057,Cargador USB-C,3,2025-01-18 15:18:00,Bilbao,25,1,75
4059,iPhone 15,4,2025-03-06 12:50:00,Sevilla,999,3,3996
4060,Cargador USB-C,2,2025-02-16 08:57:00,Bilbao,25,2,50
4061,iPhone 15,2,2025-07-18 10:51:00,Valencia,999,7,1998
4063,Monitor 4K,3,2025-11-12 13:51:00,Sevilla,399,11,1197
4064,Teclado Mecánico,3,2025-05-07 16:37:00,Bilbao,120,5,360
4065,iPhone 15,4,2025-04-06 03:57:00,Valencia,999,4,3996
4066,Google Pixel 8,1,2025-12-25 06:09:00,Bilbao,699,12,699
4067,Teclado Mecánico,3,2025-11-11 15:47:00,Bilbao,120,11,360
4069,Monitor 4K,4,2025-07-07 09:42:00,Barcelona,399,7,1596
4070,AirPods Pro,4,2025-09-20 00:51:00,Bilbao,249,9,996
4071,Cargador USB-C,3,2025-03-21 11:04:00,Sevilla,25,3,75
4072,Teclado Mecánico,4,2025-12-01 08:50:00,Barcelona,120,12,480
4073,iPhone 15,3,2025-12-28 18:10:00,Bilbao,999,12,2997
4074,Monitor 4K,2,2025-09-15 14:22:00,Barcelona,399,9,798
4076,AirPods Pro,3,2025-08-27 13:24:00,Bilbao,249,8,747
4077,Cargador USB-C,1,2025-05-06 15:17:00,Madrid,25,5,25
4078,AirPods Pro,4,2025-02-02 20:13:00,Valencia,249,2,996
4079,MacBook Pro,1,2025-08-14 15:51:00,Madrid,1499,8,1499
4080,Teclado Mecánico,4,2025-01-01 03:48:00,Madrid,120,1,480
4082,Cargador USB-C,4,2025-05-29 13:13:00,Valencia,25,5,100
4083,Teclado Mecánico,3,2025-03-05 23:08:00,Barcelona,120,3,360
4084,AirPods Pro,3,2025-11-06 21:04:00,Madrid,249,11,747
4085,Monitor 4K,1,2025-03-14 06:43:00,Barcelona,399,3,399
4086,Google Pixel 8,1,2025-02-09 17:27:00,Madrid,699,2,699
4087,Cargador USB-C,1,2025-11-21 08:53:00,Madrid,25,11,25
4088,MacBook Pro,2,2025-12-24 15:53:00,Madrid,1499,12,2998
4089,iPhone 15,4,2025-07-08 11:47:00,Madrid,999,7,3996
4090,AirPods Pro,1,2025-06-16 04:53:00,Madrid,249,6,249
4091,iPhone 15,2,2025-05-23 19:46:00,Sevilla,999,5,1998
4092,Google Pixel 8,2,2025-08-08 02:31:00,Sevilla,699,8,1398
4093,Teclado Mecánico,1,2025-06-07 19:32:00,Sevilla,120,6,120
4094,Google Pixel 8,3,2025-08-20 14:17:00,Sevilla,699,8,2097
4095,Cargador USB-C,2,2025-11-19 12:21:00,Bilbao,25,11,50
4096,Cargador USB-C,4,2025-05-19 06:20:00,Valencia,25,5,100
4097,Monitor 4K,1,2025-09-03 05:39:00,Valencia,399,9,399
4098,iPhone 15,1,2025-05-09 11:59:00,Sevilla,999,5,999
4099,MacBook Pro,1,2025-03-20 08:48:00,Bilbao,1499,3,1499
4100,MacBook Pro,4,2025-07-05 07:41:00,Barcelona,1499,7,5996
4103,AirPods Pro,3,2025-05-22 04:39:00,Barcelona,249,5,747
4104,iPhone 15,4,2025-12-30 16:26:00,Valencia,999,12,3996
4105,Monitor 4K,3,2025-07-30 00:26:00,Valencia,399,7,1197
4106,iPhone 15,2,2025-05-05 11:20:00,Sevilla,999,5,1998
4107,iPhone 15,1,2025-08-07 17:44:00,Valencia,999,8,999
4108,iPhone 15,2,2025-04-18 14:53:00,Valencia,999,4,1998
4109,Google Pixel 8,1,2025-12-10 22:12:00,Valencia,699,12,699
4110,Cargador USB-C,3,2025-12-15 23:23:00,Barcelona,25,12,75
4111,Teclado Mecánico,1,2025-01-25 20:38:00,Valencia,120,1,120
4112,iPhone 15,1,2025-05-26 12:07:00,Barcelona,999,5,999
4113,Cargador USB-C,3,2025-02-26 09:22:00,Barcelona,25,2,75
4114,Monitor 4K,3,2025-12-06 06:37:00,Madrid,399,12,1197
4115,Teclado Mecánico,3,2025-09-28 15:00:00,Valencia,120,9,360
4117,Cargador USB-C,1,2025-08-04 15:21:00,Barcelona,25,8,25
4118,AirPods Pro,4,2025-02-04 16:34:00,Bilbao,249,2,996
4119,Teclado Mecánico,3,2025-11-19 11:48:00,Valencia,120,11,360
4120,Cargador USB-C,2,2025-01-30 15:23:00,Valencia,25,1,50
4121,Cargador USB-C,4,2025-11-17 15:32:00,Valencia,25,11,100
4123,Teclado Mecánico,2,2025-06-29 03:32:00,Sevilla,120,6,240
4124,Google Pixel 8,2,2025-02-04 17:10:00,Madrid,699,2,1398
4125,Teclado Mecánico,4,2025-07-07 14:45:00,Valencia,120,7,480
4126,Google Pixel 8,3,2025-10-03 06:23:00,Bilbao,699,10,2097
4127,iPhone 15,3,2025-11-25 18:52:00,Valencia,999,11,2997
4128,iPhone 15,3,2025-09-06 14:27:00,Valencia,999,9,2997
4129,Monitor 4K,1,2025-05-16 08:50:00,Barcelona,399,5,399
4130,Cargador USB-C,2,2025-08-05 21:41:00,Madrid,25,8,50
4131,MacBook Pro,2,2025-08-12 01:01:00,Valencia,1499,8,2998
4132,Monitor 4K,3,2025-03-15 15:32:00,Madrid,399,3,1197
4133,Cargador USB-C,4,2025-05-27 02:41:00,Valencia,25,5,100
4134,iPhone 15,2,2025-11-02 13:26:00,Bilbao,999,11,1998
4135,AirPods Pro,2,2025-11-14 22:29:00,Sevilla,249,11,498
4136,Google Pixel 8,1,2025-07-10 00:32:00,Barcelona,699,7,699
4137,iPhone 15,3,2025-08-13 20:02:00,Barcelona,999,8,2997
4138,AirPods Pro,1,2025-10-05 22:51:00,Sevilla,249,10,249
4139,Google Pixel 8,1,2025-07-17 04:00:00,Sevilla,699,7,699
4140,AirPods Pro,2,2025-04-24 22:29:00,Bilbao,249,4,498
4141,Cargador USB-C,1,2025-01-21 14:06:00,Bilbao,25,1,25
4142,iPhone 15,4,2025-09-06 06:54:00,Bilbao,999,9,3996
4143,AirPods Pro,3,2025-08-07 22:05:00,Madrid,249,8,747
4144,Teclado Mecánico,1,2025-07-21 03:03:00,Madrid,120,7,120
4145,Teclado Mecánico,4,2025-03-17 09:29:00,Valencia,120,3,480
4146,iPhone 15,4,2025-03-22 08:23:00,Barcelona,999,3,3996
4147,Monitor 4K,2,2025-07-16 16:00:00,Valencia,399,7,798
4148,Google Pixel 8,4,2025-10-18 11:33:00,Sevilla,699,10,2796
4149,Teclado Mecánico,3,2025-03-22 09:41:00,Sevilla,120,3,360
4150,Monitor 4K,3,2025-05-07 06:52:00,Bilbao,399,5,1197
4151,iPhone 15,1,2025-03-23 19:22:00,Sevilla,999,3,999
4152,Monitor 4K,1,2025-03-08 00:30:00,Bilbao,399,3,399
4153,MacBook Pro,4,2025-03-04 08:23:00,Madrid,1499,3,5996
4155,Teclado Mecánico,2,2025-01-04 08:43:00,Madrid,120,1,240
4156,MacBook Pro,2,2025-05-23 21:49:00,Bilbao,1499,5,2998
4157,MacBook Pro,4,2025-06-16 17:47:00,Bilbao,1499,6,5996
4158,Cargador USB-C,2,2025-12-15 17:08:00,Sevilla,25,12,50
4160,iPhone 15,2,2025-03-09 23:58:00,Sevilla,999,3,1998
4161,Google Pixel 8,3,2025-08-16 15:05:00,Valencia,699,8,2097
4163,Monitor 4K,2,2025-01-09 01:35:00,Valencia,399,1,798
4164,Monitor 4K,4,2025-09-08 05:09:00,Valencia,399,9,1596
4165,iPhone 15,4,2025-03-09 23:01:00,Sevilla,999,3,3996
4166,AirPods Pro,2,2025-01-29 23:53:00,Madrid,249,1,498
4167,AirPods Pro,2,2025-10-23 00:52:00,Madrid,249,10,498
4168,MacBook Pro,1,2025-08-11 02:57:00,Sevilla,1499,8,1499
4169,AirPods Pro,4,2025-11-19 13:35:00,Valencia,249,11,996
4170,Monitor 4K,1,2025-05-18 04:17:00,Barcelona,399,5,399
4171,Teclado Mecánico,3,2025-12-05 09:39:00,Sevilla,120,12,360
4172,Google Pixel 8,4,2025-04-25 12:57:00,Bilbao,699,4,2796
4173,AirPods Pro,1,2025-06-12 18:34:00,Madrid,249,6,249
4174,Google Pixel 8,4,2025-06-01 16:16:00,Madrid,699,6,2796
4175,Google Pixel 8,2,2025-03-08 00:49:00,Valencia,699,3,1398
4176,Teclado Mecánico,2,2025-12-27 15:37:00,Bilbao,120,12,240
4177,Monitor 4K,1,2025-10-30 15:04:00,Madrid,399,10,399
4178,iPhone 15,2,2025-03-09 12:27:00,Madrid,999,3,1998
4179,Google Pixel 8,1,2025-06-21 14:44:00,Bilbao,699,6,699
4180,Cargador USB-C,2,2025-09-07 10:02:00,Barcelona,25,9,50
4181,Google Pixel 8,3,2025-12-03 16:38:00,Sevilla,699,12,2097
4182,Google Pixel 8,3,2025-06-02 06:43:00,Valencia,699,6,2097
4183,Google Pixel 8,2,2025-10-01 12:46:00,Barcelona,699,10,1398
4184,Monitor 4K,1,2025-03-28 16:24:00,Madrid,399,3,399
4185,Monitor 4K,2,2025-05-27 17:30:00,Barcelona,399,5,798
4186,Google Pixel 8,2,2025-08-14 16:47:00,Madrid,699,8,1398
4187,Cargador USB-C,1,2025-10-21 19:28:00,Madrid,25,10,25
4188,Cargador USB-C,4,2025-09-29 16:34:00,Sevilla,25,9,100
4189,Google Pixel 8,1,2025-04-29 00:15:00,Sevilla,699,4,699
4190,Google Pixel 8,3,2025-04-30 17:51:00,Sevilla,699,4,2097
4191,Teclado Mecánico,2,2025-02-14 19:45:00,Valencia,120,2,240
4192,Cargador USB-C,3,2025-02-02 05:34:00,Barcelona,25,2,75
4193,AirPods Pro,3,2025-10-25 08:09:00,Valencia,249,10,747
4194,AirPods Pro,2,2025-05-18 00:23:00,Valencia,249,5,498
4195,Cargador USB-C,2,2025-03-06 03:23:00,Valencia,25,3,50
4196,AirPods Pro,1,2025-02-27 14:13:00,Bilbao,249,2,249
4197,MacBook Pro,4,2025-01-27 15:00:00,Sevilla,1499,1,5996
4198,Cargador USB-C,4,2025-10-02 18:14:00,Barcelona,25,10,100
4199,MacBook Pro,3,2025-02-10 06:04:00,Bilbao,1499,2,4497
4200,Teclado Mecánico,2,2025-10-18 15:30:00,Sevilla,120,10,240
4201,iPhone 15,1,2025-08-04 08:08:00,Bilbao,999,8,999
4202,MacBook Pro,1,2025-02-27 00:18:00,Bilbao,1499,2,1499
4203,AirPods Pro,1,2025-06-08 20:14:00,Madrid,249,6,249
4204,MacBook Pro,3,2025-04-10 21:45:00,Bilbao,1499,4,4497
4205,Cargador USB-C,4,2025-05-24 19:13:00,Valencia,25,5,100
4206,iPhone 15,3,2025-01-09 07:26:00,Sevilla,999,1,2997
4207,iPhone 15,1,2025-07-04 16:02:00,Madrid,999,7,999
4208,Monitor 4K,1,2025-11-02 03:32:00,Sevilla,399,11,399
4209,Teclado Mecánico,2,2025-05-17 12:11:00,Madrid,120,5,240
4210,Google Pixel 8,1,2025-12-29 01:58:00,Valencia,699,12,699
4211,Cargador USB-C,2,2025-03-01 05:00:00,Madrid,25,3,50
4212,iPhone 15,1,2025-05-29 21:00:00,Barcelona,999,5,999
4213,Monitor 4K,1,2025-12-23 05:25:00,Barcelona,399,12,399
4214,Monitor 4K,4,2025-12-28 22:41:00,Madrid,399,12,1596
4216,Teclado Mecánico,1,2025-10-28 21:00:00,Madrid,120,10,120
4217,MacBook Pro,4,2025-08-09 06:31:00,Bilbao,1499,8,5996
4218,Monitor 4K,4,2025-01-28 02:57:00,Madrid,399,1,1596
4219,iPhone 15,4,2025-08-17 07:23:00,Sevilla,999,8,3996
4220,MacBook Pro,2,2025-02-23 12:50:00,Barcelona,1499,2,2998
4221,AirPods Pro,4,2025-07-03 22:36:00,Madrid,249,7,996
4222,Monitor 4K,2,2025-03-23 05:01:00,Valencia,399,3,798
4223,Monitor 4K,1,2025-04-19 15:25:00,Barcelona,399,4,399
4224,iPhone 15,2,2025-03-10 19:13:00,Sevilla,999,3,1998
4225,iPhone 15,1,2025-03-09 07:36:00,Madrid,999,3,999
4226,Google Pixel 8,4,2025-01-01 02:49:00,Madrid,699,1,2796
4228,iPhone 15,1,2025-01-11 13:23:00,Bilbao,999,1,999
4229,Google Pixel 8,2,2025-12-20 10:06:00,Valencia,699,12,1398
4230,MacBook Pro,1,2025-09-29 21:24:00,Barcelona,1499,9,1499
4231,Google Pixel 8,4,2025-03-27 10:22:00,Sevilla,699,3,2796
4232,Cargador USB-C,4,2025-08-28 08:59:00,Bilbao,25,8,100
4233,Cargador USB-C,2,2025-06-01 23:24:00,Bilbao,25,6,50
4234,AirPods Pro,4,2025-06-27 18:13:00,Madrid,249,6,996
4235,Teclado Mecánico,2,2025-03-12 14:23:00,Valencia,120,3,240
4236,Cargador USB-C,3,2025-06-11 02:51:00,Bilbao,25,6,75
4237,MacBook Pro,4,2025-04-29 06:26:00,Sevilla,1499,4,5996
4238,Monitor 4K,4,2025-10-26 06:32:00,Bilbao,399,10,1596
4239,Monitor 4K,4,2025-11-06 14:17:00,Madrid,399,11,1596
4240,AirPods Pro,2,2025-10-03 07:10:00,Bilbao,249,10,498
4241,AirPods Pro,4,2025-05-24 15:00:00,Valencia,249,5,996
4242,MacBook Pro,3,2025-05-08 06:20:00,Barcelona,1499,5,4497
4243,Google Pixel 8,2,2025-12-06 03:59:00,Madrid,699,12,1398
4244,AirPods Pro,2,2025-09-10 09:55:00,Bilbao,249,9,498
4245,MacBook Pro,2,2025-01-19 08:43:00,Barcelona,1499,1,2998
4246,Google Pixel 8,2,2025-08-01 13:17:00,Bilbao,699,8,1398
4247,AirPods Pro,3,2025-10-22 14:12:00,Madrid,249,10,747
4248,Cargador USB-C,4,2025-04-07 12:03:00,Bilbao,25,4,100
4249,MacBook Pro,4,2025-12-14 09:12:00,Sevilla,1499,12,5996
4251,MacBook Pro,2,2025-07-07 15:23:00,Sevilla,1499,7,2998
4252,Cargador USB-C,4,2025-12-03 17:33:00,Valencia,25,12,100
4253,MacBook Pro,2,2025-05-15 05:24:00,Barcelona,1499,5,2998
4254,Teclado Mecánico,4,2025-10-08 02:48:00,Madrid,120,10,480
4255,MacBook Pro,3,2025-08-16 09:24:00,Valencia,1499,8,4497
4256,Google Pixel 8,1,2025-08-12 01:44:00,Valencia,699,8,699
4257,Monitor 4K,4,2025-06-14 23:50:00,Barcelona,399,6,1596
4258,AirPods Pro,3,2025-10-11 02:11:00,Barcelona,249,10,747
4259,Google Pixel 8,3,2025-10-26 08:46:00,Barcelona,699,10,2097
4261,Google Pixel 8,1,2025-01-28 11:31:00,Barcelona,699,1,699
4262,Cargador USB-C,2,2025-12-20 11:00:00,Bilbao,25,12,50
4263,MacBook Pro,3,2025-09-11 16:58:00,Sevilla,1499,9,4497
4264,Google Pixel 8,3,2025-09-17 06:24:00,Sevilla,699,9,2097
4265,Monitor 4K,3,2025-12-01 04:35:00,Barcelona,399,12,1197
4266,Cargador USB-C,4,2025-04-18 13:39:00,Bilbao,25,4,100
4267,Teclado Mecánico,1,2025-04-13 07:06:00,Bilbao,120,4,120
4268,Cargador USB-C,4,2025-08-15 14:53:00,Sevilla,25,8,100
4269,Cargador USB-C,2,2025-05-05 10:39:00,Madrid,25,5,50
4271,Google Pixel 8,1,2025-03-11 09:11:00,Barcelona,699,3,699
4272,MacBook Pro,3,2025-05-22 02:56:00,Sevilla,1499,5,4497
4273,MacBook Pro,2,2025-07-03 14:58:00,Barcelona,1499,7,2998
4274,Teclado Mecánico,4,2025-12-07 04:26:00,Madrid,120,12,480
4275,AirPods Pro,2,2025-07-03 23:24:00,Barcelona,249,7,498
4277,Teclado Mecánico,1,2025-07-20 11:27:00,Sevilla,120,7,120
4278,Cargador USB-C,4,2025-07-19 03:01:00,Madrid,25,7,100
4279,iPhone 15,1,2025-07-19 17:07:00,Madrid,999,7,999
4280,AirPods Pro,3,2025-03-10 13:15:00,Barcelona,249,3,747
4281,Cargador USB-C,4,2025-06-08 18:24:00,Valencia,25,6,100
4282,AirPods Pro,3,2025-08-28 21:50:00,Barcelona,249,8,747
4283,Monitor 4K,4,2025-03-13 13:10:00,Bilbao,399,3,1596
4284,Google Pixel 8,2,2025-03-26 22:35:00,Madrid,699,3,1398
4285,Cargador USB-C,2,2025-07-13 09:05:00,Sevilla,25,7,50
4286,iPhone 15,3,2025-09-22 16:23:00,Sevilla,999,9,2997
4287,Google Pixel 8,4,2025-09-22 16:36:00,Valencia,699,9,2796
4288,AirPods Pro,1,2025-05-09 21:42:00,Sevilla,249,5,249
4289,Teclado Mecánico,2,2025-04-29 19:39:00,Bilbao,120,4,240
4290,Cargador USB-C,4,2025-06-18 23:19:00,Madrid,25,6,100
4291,Teclado Mecánico,3,2025-09-02 18:48:00,Valencia,120,9,360
4292,Teclado Mecánico,4,2025-08-10 18:19:00,Barcelona,120,8,480
4293,Cargador USB-C,1,2025-02-15 19:43:00,Barcelona,25,2,25
4294,Google Pixel 8,3,2025-05-20 11:24:00,Barcelona,699,5,2097
4295,iPhone 15,2,2025-07-16 13:31:00,Barcelona,999,7,1998
4296,iPhone 15,3,2025-09-13 02:34:00,Valencia,999,9,2997
4297,iPhone 15,4,2025-04-17 09:35:00,Sevilla,999,4,3996
4298,Cargador USB-C,1,2025-05-01 19:46:00,Sevilla,25,5,25
4299,Monitor 4K,2,2025-08-24 14:42:00,Valencia,399,8,798
4300,iPhone 15,2,2025-09-04 23:24:00,Madrid,999,9,1998
4301,Monitor 4K,3,2025-06-04 02:31:00,Barcelona,399,6,1197
4302,AirPods Pro,2,2025-10-27 13:37:00,Bilbao,249,10,498
4303,Cargador USB-C,2,2025-11-22 02:23:00,Valencia,25,11,50
4304,Cargador USB-C,2,2025-05-23 05:19:00,Sevilla,25,5,50
4306,Monitor 4K,1,2025-04-28 20:50:00,Barcelona,399,4,399
4307,MacBook Pro,4,2025-07-11 01:37:00,Madrid,1499,7,5996
4308,Cargador USB-C,4,2025-10-30 14:10:00,Bilbao,25,10,100
4309,AirPods Pro,2,2025-05-25 15:02:00,Madrid,249,5,498
4310,AirPods Pro,1,2025-07-05 23:47:00,Bilbao,249,7,249
4311,Cargador USB-C,3,2025-09-19 21:19:00,Sevilla,25,9,75
4312,Monitor 4K,1,2025-03-26 07:53:00,Madrid,399,3,399
4313,Monitor 4K,4,2025-12-22 06:14:00,Valencia,399,12,1596
4314,Google Pixel 8,3,2025-12-08 21:04:00,Sevilla,699,12,2097
4316,MacBook Pro,2,2025-02-10 02:21:00,Madrid,1499,2,2998
4318,MacBook Pro,1,2025-09-16 16:18:00,Bilbao,1499,9,1499
4319,iPhone 15,4,2025-01-16 05:28:00,Barcelona,999,1,3996
4322,iPhone 15,4,2025-04-23 19:27:00,Madrid,999,4,3996
4323,Teclado Mecánico,1,2025-10-31 17:18:00,Madrid,120,10,120
4324,Monitor 4K,3,2025-04-02 06:11:00,Madrid,399,4,1197
4326,iPhone 15,2,2025-08-04 10:46:00,Sevilla,999,8,1998
4327,Google Pixel 8,1,2025-01-08 06:12:00,Sevilla,699,1,699
4328,Google Pixel 8,1,2025-01-16 05:20:00,Valencia,699,1,699
4329,Teclado Mecánico,4,2025-04-05 14:11:00,Madrid,120,4,480
4331,iPhone 15,1,2025-10-09 10:46:00,Bilbao,999,10,999
4332,Teclado Mecánico,4,2025-02-04 16:25:00,Valencia,120,2,480
4333,AirPods Pro,1,2025-01-07 19:48:00,Bilbao,249,1,249
4334,Teclado Mecánico,4,2025-07-11 01:25:00,Madrid,120,7,480
4335,Monitor 4K,3,2025-03-15 06:58:00,Sevilla,399,3,1197
4336,Cargador USB-C,4,2025-04-01 22:36:00,Sevilla,25,4,100
4337,Teclado Mecánico,1,2025-03-06 18:11:00,Barcelona,120,3,120
4338,Cargador USB-C,2,2025-12-13 14:26:00,Sevilla,25,12,50
4339,Google Pixel 8,4,2025-03-14 09:11:00,Bilbao,699,3,2796
4340,Teclado Mecánico,3,2025-08-20 11:22:00,Bilbao,120,8,360
4341,Teclado Mecánico,3,2025-08-09 06:37:00,Sevilla,120,8,360
4342,Cargador USB-C,3,2025-10-18 14:25:00,Barcelona,25,10,75
4343,Teclado Mecánico,3,2025-08-30 03:46:00,Barcelona,120,8,360
4344,iPhone 15,4,2025-12-24 09:56:00,Bilbao,999,12,3996
4345,iPhone 15,3,2025-07-09 11:15:00,Madrid,999,7,2997
4346,Teclado Mecánico,3,2025-04-13 14:06:00,Madrid,120,4,360
4347,Teclado Mecánico,1,2025-12-08 04:36:00,Sevilla,120,12,120
4348,iPhone 15,3,2025-12-29 07:06:00,Barcelona,999,12,2997
4349,Monitor 4K,2,2025-07-05 21:50:00,Barcelona,399,7,798
4350,iPhone 15,2,2025-12-15 23:39:00,Barcelona,999,12,1998
4351,AirPods Pro,4,2025-02-25 13:28:00,Madrid,249,2,996
4352,Teclado Mecánico,1,2025-05-13 09:15:00,Barcelona,120,5,120
4353,Teclado Mecánico,4,2025-02-07 09:00:00,Madrid,120,2,480
4354,Cargador USB-C,4,2025-11-14 12:55:00,Madrid,25,11,100
4355,Teclado Mecánico,2,2025-03-09 21:05:00,Madrid,120,3,240
4356,iPhone 15,2,2025-06-30 21:18:00,Valencia,999,6,1998
4357,Cargador USB-C,4,2025-08-11 10:08:00,Valencia,25,8,100
4358,Cargador USB-C,1,2025-06-15 05:24:00,Sevilla,25,6,25
4359,iPhone 15,1,2025-01-07 03:32:00,Bilbao,999,1,999
4360,Teclado Mecánico,2,2025-03-31 08:48:00,Bilbao,120,3,240
4361,Google Pixel 8,1,2025-01-02 08:46:00,Madrid,699,1,699
4363,Cargador USB-C,3,2025-12-12 23:38:00,Valencia,25,12,75
4364,iPhone 15,1,2025-06-12 09:52:00,Madrid,999,6,999
4365,AirPods Pro,1,2025-06-12 01:33:00,Bilbao,249,6,249
4366,Monitor 4K,2,2025-07-15 04:04:00,Valencia,399,7,798
4367,iPhone 15,2,2025-06-03 15:26:00,Valencia,999,6,1998
4368,Google Pixel 8,4,2025-03-10 19:31:00,Sevilla,699,3,2796
4369,Google Pixel 8,1,2025-12-16 04:57:00,Bilbao,699,12,699
4370,Google Pixel 8,4,2025-12-01 00:29:00,Barcelona,699,12,2796
4371,Teclado Mecánico,4,2025-12-14 13:55:00,Barcelona,120,12,480
4372,Cargador USB-C,3,2025-04-07 23:01:00,Barcelona,25,4,75
4373,Monitor 4K,3,2025-02-23 20:12:00,Valencia,399,2,1197
4374,Teclado Mecánico,1,2025-08-25 14:01:00,Madrid,120,8,120
4375,Monitor 4K,2,2025-08-11 13:01:00,Madrid,399,8,798
4376,MacBook Pro,3,2025-06-17 19:03:00,Valencia,1499,6,4497
4377,Monitor 4K,4,2025-02-25 17:49:00,Barcelona,399,2,1596
4378,Teclado Mecánico,4,2025-07-31 01:14:00,Sevilla,120,7,480
4379,Teclado Mecánico,3,2025-11-28 00:41:00,Barcelona,120,11,360
4380,Google Pixel 8,4,2025-07-13 07:38:00,Madrid,699,7,2796
4381,iPhone 15,2,2025-12-14 15:54:00,Valencia,999,12,1998
4382,Monitor 4K,3,2025-03-22 19:43:00,Bilbao,399,3,1197
4383,MacBook Pro,1,2025-01-21 08:52:00,Madrid,1499,1,1499
4384,iPhone 15,1,2025-04-25 22:48:00,Madrid,999,4,999
4385,Cargador USB-C,2,2025-03-20 22:31:00,Valencia,25,3,50
4386,iPhone 15,2,2025-07-21 16:39:00,Valencia,999,7,1998
4387,Cargador USB-C,1,2025-11-14 20:36:00,Madrid,25,11,25
4388,Google Pixel 8,1,2025-02-03 11:12:00,Madrid,699,2,699
4389,Google Pixel 8,2,2025-06-09 07:07:00,Bilbao,699,6,1398
4390,Google Pixel 8,1,2025-08-28 12:46:00,Bilbao,699,8,699
4391,Google Pixel 8,4,2025-05-11 01:08:00,Valencia,699,5,2796
4393,Teclado Mecánico,1,2025-02-05 10:42:00,Bilbao,120,2,120
4394,Google Pixel 8,4,2025-07-31 07:15:00,Sevilla,699,7,2796
4395,iPhone 15,4,2025-12-23 02:33:00,Valencia,999,12,3996
4396,MacBook Pro,2,2025-05-22 16:27:00,Valencia,1499,5,2998
4397,Monitor 4K,4,2025-03-14 18:20:00,Madrid,399,3,1596
4398,Google Pixel 8,2,2025-07-21 02:34:00,Valencia,699,7,1398
4399,Cargador USB-C,1,2025-03-26 16:31:00,Madrid,25,3,25
4400,Cargador USB-C,2,2025-07-05 18:03:00,Barcelona,25,7,50
4402,Teclado Mecánico,1,2025-02-10 03:01:00,Sevilla,120,2,120
4403,Google Pixel 8,3,2025-12-10 03:39:00,Bilbao,699,12,2097
4404,iPhone 15,2,2025-03-11 16:00:00,Madrid,999,3,1998
4405,Monitor 4K,4,2025-09-27 02:08:00,Sevilla,399,9,1596
4406,Google Pixel 8,1,2025-01-15 05:12:00,Madrid,699,1,699
4407,Cargador USB-C,2,2025-12-25 12:24:00,Sevilla,25,12,50
4408,Teclado Mecánico,3,2025-08-13 14:07:00,Sevilla,120,8,360
4409,AirPods Pro,4,2025-12-06 21:19:00,Valencia,249,12,996
4410,iPhone 15,2,2025-09-25 06:21:00,Bilbao,999,9,1998
4411,iPhone 15,3,2025-11-13 20:21:00,Barcelona,999,11,2997
4412,AirPods Pro,1,2025-09-15 05:41:00,Bilbao,249,9,249
4413,Teclado Mecánico,4,2025-05-15 08:49:00,Barcelona,120,5,480
4414,AirPods Pro,4,2025-12-22 08:38:00,Valencia,249,12,996
4415,iPhone 15,3,2025-09-12 11:09:00,Sevilla,999,9,2997
4417,Teclado Mecánico,3,2025-06-30 03:53:00,Barcelona,120,6,360
4419,Cargador USB-C,3,2025-02-28 22:26:00,Madrid,25,2,75
4420,Google Pixel 8,4,2025-04-15 07:47:00,Bilbao,699,4,2796
4421,Teclado Mecánico,1,2025-01-31 21:01:00,Barcelona,120,1,120
4422,Cargador USB-C,1,2025-07-15 04:21:00,Barcelona,25,7,25
4423,Google Pixel 8,2,2025-05-04 17:25:00,Valencia,699,5,1398
4424,iPhone 15,1,2025-01-09 07:50:00,Bilbao,999,1,999
4425,Monitor 4K,1,2025-01-22 13:04:00,Valencia,399,1,399
4426,AirPods Pro,4,2025-11-24 15:17:00,Sevilla,249,11,996
4427,Cargador USB-C,3,2025-02-07 11:58:00,Sevilla,25,2,75
4428,Monitor 4K,3,2025-12-06 17:08:00,Sevilla,399,12,1197
4429,Teclado Mecánico,2,2025-05-28 04:40:00,Bilbao,120,5,240
4430,Cargador USB-C,1,2025-08-01 10:04:00,Bilbao,25,8,25
4432,iPhone 15,1,2025-04-23 01:22:00,Bilbao,999,4,999
4433,Cargador USB-C,3,2025-06-20 00:43:00,Bilbao,25,6,75
4434,Monitor 4K,2,2025-01-06 05:41:00,Barcelona,399,1,798
4435,iPhone 15,4,2025-11-20 11:23:00,Valencia,999,11,3996
4436,AirPods Pro,2,2025-02-14 14:36:00,Valencia,249,2,498
4437,Monitor 4K,2,2025-09-08 12:20:00,Bilbao,399,9,798
4438,MacBook Pro,2,2025-06-19 10:06:00,Sevilla,1499,6,2998
4439,Cargador USB-C,2,2025-07-24 19:09:00,Madrid,25,7,50
4440,Google Pixel 8,3,2025-12-12 17:25:00,Barcelona,699,12,2097
4441,Cargador USB-C,3,2025-06-11 01:53:00,Barcelona,25,6,75
4442,iPhone 15,2,2025-11-26 01:45:00,Barcelona,999,11,1998
4443,AirPods Pro,2,2025-04-29 08:58:00,Barcelona,249,4,498
4444,Google Pixel 8,2,2025-02-12 19:07:00,Sevilla,699,2,1398
4445,Google Pixel 8,2,2025-01-31 21:11:00,Valencia,699,1,1398
4446,Cargador USB-C,4,2025-03-23 12:04:00,Sevilla,25,3,100
4447,Google Pixel 8,1,2025-12-22 23:46:00,Barcelona,699,12,699
4448,Teclado Mecánico,2,2025-09-24 09:16:00,Sevilla,120,9,240
4449,Cargador USB-C,3,2025-09-10 08:16:00,Madrid,25,9,75
4450,Cargador USB-C,3,2025-02-24 07:23:00,Bilbao,25,2,75
4451,Teclado Mecánico,2,2025-03-08 12:02:00,Bilbao,120,3,240
4452,Google Pixel 8,3,2025-02-08 13:56:00,Bilbao,699,2,2097
4453,iPhone 15,1,2025-12-01 18:26:00,Bilbao,999,12,999
4454,Teclado Mecánico,4,2025-12-06 16:21:00,Sevilla,120,12,480
4455,Teclado Mecánico,2,2025-06-11 13:31:00,Madrid,120,6,240
4456,Cargador USB-C,3,2025-09-05 00:24:00,Madrid,25,9,75
4457,Teclado Mecánico,3,2025-10-27 19:09:00,Valencia,120,10,360
4458,MacBook Pro,2,2025-01-23 12:33:00,Bilbao,1499,1,2998
4459,MacBook Pro,1,2025-12-09 18:44:00,Bilbao,1499,12,1499
4460,Google Pixel 8,1,2025-09-14 04:43:00,Sevilla,699,9,699
4461,Teclado Mecánico,3,2025-03-05 11:22:00,Barcelona,120,3,360
4462,iPhone 15,3,2025-08-08 15:47:00,Sevilla,999,8,2997
4463,MacBook Pro,4,2025-01-10 02:47:00,Bilbao,1499,1,5996
4464,AirPods Pro,2,2025-08-25 23:38:00,Bilbao,249,8,498
4466,Teclado Mecánico,1,2025-02-22 03:17:00,Sevilla,120,2,120
4467,Teclado Mecánico,3,2025-02-28 11:45:00,Madrid,120,2,360
4468,Google Pixel 8,4,2025-05-25 15:36:00,Madrid,699,5,2796
4469,iPhone 15,1,2025-03-24 17:23:00,Bilbao,999,3,999
4470,Monitor 4K,3,2025-06-07 12:36:00,Valencia,399,6,1197
4471,AirPods Pro,4,2025-03-05 15:39:00,Madrid,249,3,996
4472,iPhone 15,1,2025-12-03 06:39:00,Barcelona,999,12,999
4473,Teclado Mecánico,4,2025-01-07 15:16:00,Barcelona,120,1,480
4474,MacBook Pro,1,2025-06-12 15:38:00,Valencia,1499,6,1499
4475,iPhone 15,2,2025-03-06 16:08:00,Sevilla,999,3,1998
4476,Teclado Mecánico,1,2025-05-22 06:27:00,Sevilla,120,5,120
4477,Teclado Mecánico,1,2025-12-02 09:48:00,Madrid,120,12,120
4478,Google Pixel 8,4,2025-03-25 15:47:00,Madrid,699,3,2796
4479,Google Pixel 8,1,2025-07-06 13:18:00,Bilbao,699,7,699
4480,MacBook Pro,3,2025-10-04 01:22:00,Sevilla,1499,10,4497
4481,Google Pixel 8,4,2025-12-21 18:13:00,Barcelona,699,12,2796
4482,AirPods Pro,4,2025-08-06 20:50:00,Bilbao,249,8,996
4483,Teclado Mecánico,4,2025-10-17 05:18:00,Valencia,120,10,480
4484,Monitor 4K,2,2025-04-05 05:57:00,Madrid,399,4,798
4485,Google Pixel 8,4,2025-06-26 22:07:00,Valencia,699,6,2796
4486,iPhone 15,2,2025-02-12 03:39:00,Madrid,999,2,1998
4487,Google Pixel 8,4,2025-03-01 21:56:00,Sevilla,699,3,2796
4488,Monitor 4K,3,2025-07-25 02:07:00,Sevilla,399,7,1197
4489,MacBook Pro,2,2025-01-20 05:08:00,Sevilla,1499,1,2998
4490,Cargador USB-C,4,2025-05-27 10:10:00,Barcelona,25,5,100
4491,Google Pixel 8,1,2025-04-28 01:02:00,Sevilla,699,4,699
4492,MacBook Pro,3,2025-03-02 20:17:00,Bilbao,1499,3,4497
4493,Cargador USB-C,3,2025-03-04 07:11:00,Bilbao,25,3,75
4494,MacBook Pro,2,2025-06-23 21:17:00,Valencia,1499,6,2998
4495,Teclado Mecánico,1,2025-07-01 15:41:00,Barcelona,120,7,120
4496,iPhone 15,3,2025-04-19 09:02:00,Valencia,999,4,2997
4497,Google Pixel 8,4,2025-11-12 22:10:00,Valencia,699,11,2796
4498,iPhone 15,3,2025-01-16 20:04:00,Sevilla,999,1,2997
4499,Monitor 4K,2,2025-12-21 08:05:00,Sevilla,399,12,798
4500,iPhone 15,3,2025-02-09 22:40:00,Barcelona,999,2,2997
4501,Google Pixel 8,1,2025-10-03 16:19:00,Sevilla,699,10,699
4502,MacBook Pro,4,2025-03-13 22:49:00,Bilbao,1499,3,5996
4503,iPhone 15,3,2025-11-21 22:07:00,Madrid,999,11,2997
4505,Teclado Mecánico,1,2025-08-10 01:23:00,Bilbao,120,8,120
4506,Google Pixel 8,1,2025-09-09 19:25:00,Sevilla,699,9,699
4507,MacBook Pro,1,2025-12-14 16:12:00,Barcelona,1499,12,1499
4508,MacBook Pro,1,2025-08-21 19:25:00,Sevilla,1499,8,1499
4509,Monitor 4K,1,2025-06-28 22:35:00,Madrid,399,6,399
4510,MacBook Pro,3,2025-12-18 09:30:00,Bilbao,1499,12,4497
4511,AirPods Pro,2,2025-10-10 05:54:00,Barcelona,249,10,498
4512,Teclado Mecánico,2,2025-12-10 11:02:00,Barcelona,120,12,240
4513,Monitor 4K,4,2025-03-21 13:52:00,Bilbao,399,3,1596
4514,MacBook Pro,4,2025-09-04 17:12:00,Madrid,1499,9,5996
4515,Cargador USB-C,2,2025-04-08 23:11:00,Barcelona,25,4,50
4516,iPhone 15,4,2025-07-25 13:30:00,Madrid,999,7,3996
4517,Monitor 4K,1,2025-10-04 10:24:00,Barcelona,399,10,399
4518,Google Pixel 8,3,2025-02-13 20:28:00,Valencia,699,2,2097
4519,Google Pixel 8,3,2025-02-28 09:02:00,Barcelona,699,2,2097
4520,MacBook Pro,2,2025-03-16 23:33:00,Sevilla,1499,3,2998
4521,Cargador USB-C,3,2025-07-23 15:18:00,Valencia,25,7,75
4522,Google Pixel 8,2,2025-06-21 09:53:00,Madrid,699,6,1398
4523,Google Pixel 8,1,2025-06-14 04:53:00,Barcelona,699,6,699
4524,AirPods Pro,3,2025-09-03 01:37:00,Valencia,249,9,747
4525,MacBook Pro,2,2025-05-20 15:48:00,Sevilla,1499,5,2998
4526,Google Pixel 8,2,2025-09-07 20:12:00,Barcelona,699,9,1398
4527,MacBook Pro,3,2025-10-03 18:33:00,Sevilla,1499,10,4497
4528,AirPods Pro,4,2025-04-29 10:11:00,Barcelona,249,4,996
4529,AirPods Pro,3,2025-10-08 14:53:00,Madrid,249,10,747
4530,Cargador USB-C,2,2025-07-23 04:27:00,Madrid,25,7,50
4531,Teclado Mecánico,3,2025-09-01 12:34:00,Sevilla,120,9,360
4532,Monitor 4K,1,2025-08-04 10:52:00,Sevilla,399,8,399
4533,iPhone 15,4,2025-10-18 01:57:00,Bilbao,999,10,3996
4534,Monitor 4K,3,2025-02-15 16:55:00,Sevilla,399,2,1197
4535,MacBook Pro,3,2025-09-05 10:38:00,Valencia,1499,9,4497
4536,Teclado Mecánico,4,2025-10-10 08:42:00,Bilbao,120,10,480
4537,MacBook Pro,3,2025-10-02 15:34:00,Bilbao,1499,10,4497
4538,iPhone 15,3,2025-08-18 09:17:00,Valencia,999,8,2997
4539,MacBook Pro,3,2025-10-19 08:28:00,Bilbao,1499,10,4497
4540,MacBook Pro,2,2025-08-22 06:38:00,Valencia,1499,8,2998
4541,AirPods Pro,4,2025-10-03 19:29:00,Sevilla,249,10,996
4542,Teclado Mecánico,1,2025-06-01 14:32:00,Barcelona,120,6,120
4543,Teclado Mecánico,2,2025-06-22 19:43:00,Bilbao,120,6,240
4544,AirPods Pro,3,2025-08-13 03:41:00,Bilbao,249,8,747
4545,iPhone 15,4,2025-08-24 06:57:00,Madrid,999,8,3996
4546,Monitor 4K,3,2025-01-29 00:52:00,Barcelona,399,1,1197
4547,Cargador USB-C,1,2025-05-24 04:33:00,Barcelona,25,5,25
4548,AirPods Pro,3,2025-01-23 06:26:00,Bilbao,249,1,747
4549,iPhone 15,1,2025-01-09 02:50:00,Valencia,999,1,999
4550,Google Pixel 8,3,2025-02-24 18:01:00,Barcelona,699,2,2097
4551,AirPods Pro,2,2025-09-26 10:42:00,Sevilla,249,9,498
4552,Monitor 4K,2,2025-03-04 07:23:00,Barcelona,399,3,798
4553,Cargador USB-C,4,2025-08-08 20:39:00,Sevilla,25,8,100
4554,Teclado Mecánico,4,2025-08-13 05:53:00,Madrid,120,8,480
4555,MacBook Pro,3,2025-10-03 08:40:00,Valencia,1499,10,4497
4556,Cargador USB-C,2,2025-01-19 02:46:00,Sevilla,25,1,50
4557,Teclado Mecánico,2,2025-08-28 19:49:00,Madrid,120,8,240
4558,Monitor 4K,2,2025-01-31 02:45:00,Madrid,399,1,798
4559,MacBook Pro,1,2025-04-28 17:39:00,Barcelona,1499,4,1499
4560,Cargador USB-C,2,2025-02-21 15:03:00,Valencia,25,2,50
4562,Monitor 4K,2,2025-08-06 15:36:00,Madrid,399,8,798
4563,MacBook Pro,4,2025-06-27 13:39:00,Barcelona,1499,6,5996
4564,AirPods Pro,2,2025-07-16 07:39:00,Valencia,249,7,498
4565,Cargador USB-C,3,2025-05-26 14:51:00,Barcelona,25,5,75
4566,AirPods Pro,2,2025-03-21 08:07:00,Barcelona,249,3,498
4567,Teclado Mecánico,3,2025-06-05 23:42:00,Madrid,120,6,360
4568,Google Pixel 8,1,2025-11-04 04:32:00,Barcelona,699,11,699
4569,Teclado Mecánico,1,2025-03-26 04:56:00,Valencia,120,3,120
4570,AirPods Pro,1,2025-11-02 14:51:00,Bilbao,249,11,249
4571,Teclado Mecánico,3,2025-04-29 13:00:00,Barcelona,120,4,360
4572,Cargador USB-C,4,2025-01-16 21:10:00,Bilbao,25,1,100
4573,Cargador USB-C,4,2025-08-16 09:41:00,Madrid,25,8,100
4574,iPhone 15,1,2025-06-17 06:02:00,Bilbao,999,6,999
4575,MacBook Pro,3,2025-01-26 00:51:00,Bilbao,1499,1,4497
4576,Cargador USB-C,3,2025-05-13 23:17:00,Sevilla,25,5,75
4577,iPhone 15,1,2025-01-01 02:00:00,Valencia,999,1,999
4578,Google Pixel 8,2,2025-03-07 09:00:00,Sevilla,699,3,1398
4579,Teclado Mecánico,1,2025-05-16 09:46:00,Bilbao,120,5,120
4580,Teclado Mecánico,2,2025-05-02 05:57:00,Sevilla,120,5,240
4581,Cargador USB-C,1,2025-10-17 18:44:00,Sevilla,25,10,25
4582,MacBook Pro,3,2025-10-26 22:24:00,Bilbao,1499,10,4497
4583,MacBook Pro,4,2025-12-15 15:21:00,Sevilla,1499,12,5996
4584,Teclado Mecánico,1,2025-10-13 05:25:00,Bilbao,120,10,120
4585,MacBook Pro,3,2025-11-09 08:02:00,Bilbao,1499,11,4497
4586,Teclado Mecánico,2,2025-05-11 17:41:00,Madrid,120,5,240
4588,Cargador USB-C,2,2025-09-26 15:30:00,Barcelona,25,9,50
4589,iPhone 15,2,2025-07-12 15:33:00,Barcelona,999,7,1998
4590,Teclado Mecánico,3,2025-07-25 00:05:00,Valencia,120,7,360
4591,Monitor 4K,4,2025-06-19 19:35:00,Valencia,399,6,1596
4592,MacBook Pro,1,2025-10-27 12:44:00,Barcelona,1499,10,1499
4593,MacBook Pro,4,2025-09-08 02:14:00,Madrid,1499,9,5996
4594,Cargador USB-C,3,2025-01-11 10:38:00,Barcelona,25,1,75
4595,Teclado Mecánico,1,2025-10-06 10:30:00,Madrid,120,10,120
4596,AirPods Pro,3,2025-08-03 21:02:00,Barcelona,249,8,747
4597,Monitor 4K,1,2025-12-10 17:08:00,Barcelona,399,12,399
4598,Cargador USB-C,1,2025-12-02 16:20:00,Sevilla,25,12,25
4599,MacBook Pro,3,2025-09-01 06:45:00,Sevilla,1499,9,4497
4600,Monitor 4K,2,2025-01-21 00:38:00,Sevilla,399,1,798
4601,Teclado Mecánico,2,2025-07-19 18:03:00,Valencia,120,7,240
4602,Cargador USB-C,2,2025-10-02 09:33:00,Sevilla,25,10,50
4604,AirPods Pro,4,2025-08-29 23:12:00,Barcelona,249,8,996
4605,iPhone 15,3,2025-06-09 23:47:00,Bilbao,999,6,2997
4606,Google Pixel 8,1,2025-11-17 18:31:00,Madrid,699,11,699
4607,MacBook Pro,2,2025-08-14 16:05:00,Madrid,1499,8,2998
4608,Cargador USB-C,4,2025-07-05 07:06:00,Sevilla,25,7,100
4609,Cargador USB-C,4,2025-10-01 05:48:00,Barcelona,25,10,100
4610,Teclado Mecánico,2,2025-05-17 08:49:00,Barcelona,120,5,240
4611,Google Pixel 8,4,2025-06-30 12:03:00,Madrid,699,6,2796
4612,MacBook Pro,1,2025-12-03 17:26:00,Valencia,1499,12,1499
4613,MacBook Pro,3,2025-11-02 02:09:00,Barcelona,1499,11,4497
4614,iPhone 15,2,2025-07-05 21:03:00,Barcelona,999,7,1998
4616,MacBook Pro,1,2025-11-13 14:42:00,Sevilla,1499,11,1499
4617,Cargador USB-C,3,2025-11-28 22:37:00,Madrid,25,11,75
4618,Google Pixel 8,1,2025-09-22 19:29:00,Bilbao,699,9,699
4619,Google Pixel 8,3,2025-08-26 22:09:00,Sevilla,699,8,2097
4620,AirPods Pro,3,2025-07-23 12:42:00,Valencia,249,7,747
4621,iPhone 15,1,2025-12-30 00:22:00,Bilbao,999,12,999
4622,AirPods Pro,2,2025-06-18 14:37:00,Valencia,249,6,498
4623,Google Pixel 8,2,2025-05-07 15:22:00,Bilbao,699,5,1398
4624,Cargador USB-C,3,2025-01-01 13:14:00,Madrid,25,1,75
4625,Monitor 4K,3,2025-11-17 00:56:00,Valencia,399,11,1197
4626,AirPods Pro,2,2025-08-25 12:07:00,Valencia,249,8,498
4627,Teclado Mecánico,3,2025-05-10 01:20:00,Madrid,120,5,360
4628,Google Pixel 8,2,2025-12-24 06:51:00,Barcelona,699,12,1398
4629,Cargador USB-C,3,2025-05-04 17:13:00,Bilbao,25,5,75
4630,MacBook Pro,2,2025-03-14 20:55:00,Valencia,1499,3,2998
4631,MacBook Pro,4,2025-11-27 20:25:00,Valencia,1499,11,5996
4632,Monitor 4K,3,2025-03-11 08:31:00,Barcelona,399,3,1197
4633,iPhone 15,2,2025-04-24 08:39:00,Bilbao,999,4,1998
4634,iPhone 15,4,2025-12-21 21:24:00,Barcelona,999,12,3996
4635,Monitor 4K,1,2025-09-05 21:30:00,Madrid,399,9,399
4636,MacBook Pro,1,2025-09-25 07:32:00,Madrid,1499,9,1499
4637,Monitor 4K,3,2025-10-08 03:18:00,Madrid,399,10,1197
4638,Monitor 4K,1,2025-07-03 01:24:00,Sevilla,399,7,399
4639,MacBook Pro,3,2025-03-27 23:34:00,Madrid,1499,3,4497
4640,MacBook Pro,1,2025-06-21 03:36:00,Valencia,1499,6,1499
4641,Teclado Mecánico,3,2025-01-01 14:45:00,Madrid,120,1,360
4642,Cargador USB-C,3,2025-09-21 14:28:00,Bilbao,25,9,75
4643,MacBook Pro,1,2025-10-29 18:43:00,Sevilla,1499,10,1499
4644,Monitor 4K,4,2025-05-07 20:13:00,Bilbao,399,5,1596
4645,iPhone 15,3,2025-01-05 13:09:00,Madrid,999,1,2997
4646,Cargador USB-C,1,2025-05-15 17:38:00,Barcelona,25,5,25
4647,AirPods Pro,2,2025-02-04 02:57:00,Barcelona,249,2,498
4648,Monitor 4K,1,2025-07-18 17:35:00,Bilbao,399,7,399
4649,Monitor 4K,2,2025-01-03 23:22:00,Madrid,399,1,798
4650,MacBook Pro,3,2025-11-27 03:55:00,Valencia,1499,11,4497
4651,iPhone 15,1,2025-08-31 10:23:00,Barcelona,999,8,999
4652,iPhone 15,4,2025-10-19 08:39:00,Madrid,999,10,3996
4653,iPhone 15,3,2025-10-01 16:56:00,Bilbao,999,10,2997
4654,Cargador USB-C,4,2025-05-18 05:26:00,Madrid,25,5,100
4655,AirPods Pro,4,2025-07-03 18:43:00,Sevilla,249,7,996
4656,Cargador USB-C,2,2025-06-23 23:06:00,Barcelona,25,6,50
4657,AirPods Pro,3,2025-07-21 17:31:00,Valencia,249,7,747
4658,MacBook Pro,2,2025-04-17 17:05:00,Valencia,1499,4,2998
4659,Google Pixel 8,4,2025-06-25 16:19:00,Madrid,699,6,2796
4660,iPhone 15,3,2025-02-03 10:53:00,Bilbao,999,2,2997
4661,AirPods Pro,4,2025-12-25 08:08:00,Bilbao,249,12,996
4662,AirPods Pro,3,2025-07-31 06:27:00,Barcelona,249,7,747
4663,Monitor 4K,1,2025-11-13 11:30:00,Madrid,399,11,399
4664,Google Pixel 8,2,2025-04-04 11:40:00,Madrid,699,4,1398
4665,Teclado Mecánico,3,2025-10-12 02:22:00,Valencia,120,10,360
4666,AirPods Pro,2,2025-03-17 14:02:00,Sevilla,249,3,498
4667,Monitor 4K,1,2025-08-04 17:50:00,Bilbao,399,8,399
4668,AirPods Pro,1,2025-02-01 11:13:00,Bilbao,249,2,249
4669,MacBook Pro,2,2025-06-30 01:11:00,Sevilla,1499,6,2998
4670,Teclado Mecánico,1,2025-11-29 01:08:00,Valencia,120,11,120
4671,AirPods Pro,3,2025-09-23 01:40:00,Madrid,249,9,747
4672,AirPods Pro,1,2025-04-04 00:39:00,Barcelona,249,4,249
4673,MacBook Pro,4,2025-12-14 05:39:00,Bilbao,1499,12,5996
4674,Cargador USB-C,1,2025-05-24 03:36:00,Sevilla,25,5,25
4675,Cargador USB-C,3,2025-01-23 17:50:00,Sevilla,25,1,75
4676,Google Pixel 8,2,2025-07-07 10:46:00,Valencia,699,7,1398
4677,Google Pixel 8,3,2025-04-22 08:05:00,Sevilla,699,4,2097
4678,Monitor 4K,2,2025-11-24 17:54:00,Sevilla,399,11,798
4679,AirPods Pro,3,2025-06-29 12:33:00,Bilbao,249,6,747
4680,Monitor 4K,4,2025-02-08 11:09:00,Sevilla,399,2,1596
4681,AirPods Pro,2,2025-06-17 12:58:00,Bilbao,249,6,498
4682,Cargador USB-C,4,2025-10-19 19:23:00,Barcelona,25,10,100
4683,Google Pixel 8,3,2025-08-27 02:32:00,Sevilla,699,8,2097
4684,Cargador USB-C,1,2025-09-21 04:32:00,Madrid,25,9,25
4685,MacBook Pro,2,2025-02-18 13:26:00,Sevilla,1499,2,2998
4686,iPhone 15,1,2025-03-10 17:45:00,Bilbao,999,3,999
4687,iPhone 15,4,2025-09-21 23:17:00,Barcelona,999,9,3996
4688,MacBook Pro,2,2025-10-26 22:43:00,Sevilla,1499,10,2998
4689,Teclado Mecánico,1,2025-07-08 18:53:00,Barcelona,120,7,120
4690,iPhone 15,1,2025-10-13 11:24:00,Madrid,999,10,999
4691,Monitor 4K,4,2025-04-04 09:52:00,Bilbao,399,4,1596
4692,Teclado Mecánico,2,2025-06-22 18:59:00,Madrid,120,6,240
4693,iPhone 15,4,2025-08-12 16:07:00,Valencia,999,8,3996
4694,Monitor 4K,3,2025-03-03 23:32:00,Barcelona,399,3,1197
4695,iPhone 15,2,2025-11-08 23:52:00,Barcelona,999,11,1998
4696,iPhone 15,4,2025-04-18 09:11:00,Barcelona,999,4,3996
4697,MacBook Pro,4,2025-03-12 07:44:00,Bilbao,1499,3,5996
4698,Google Pixel 8,2,2025-01-28 14:39:00,Madrid,699,1,1398
4699,MacBook Pro,2,2025-11-14 09:25:00,Barcelona,1499,11,2998
4700,Cargador USB-C,2,2025-07-05 13:35:00,Valencia,25,7,50
4701,iPhone 15,1,2025-04-20 05:55:00,Madrid,999,4,999
4702,Monitor 4K,3,2025-10-26 15:25:00,Bilbao,399,10,1197
4703,AirPods Pro,4,2025-12-15 19:00:00,Bilbao,249,12,996
4704,Cargador USB-C,1,2025-02-16 18:59:00,Bilbao,25,2,25
4705,MacBook Pro,3,2025-03-08 20:39:00,Barcelona,1499,3,4497
4706,iPhone 15,1,2025-02-14 16:01:00,Barcelona,999,2,999
4707,Google Pixel 8,2,2025-09-19 14:28:00,Barcelona,699,9,1398
4708,MacBook Pro,4,2025-08-18 15:04:00,Sevilla,1499,8,5996
4709,AirPods Pro,4,2025-04-15 17:26:00,Sevilla,249,4,996
4710,iPhone 15,4,2025-12-28 17:15:00,Valencia,999,12,3996
4711,AirPods Pro,1,2025-02-03 03:10:00,Valencia,249,2,249
4712,Monitor 4K,1,2025-08-02 23:10:00,Valencia,399,8,399
4713,Google Pixel 8,2,2025-12-01 20:05:00,Bilbao,699,12,1398
4714,Teclado Mecánico,2,2025-02-19 21:49:00,Madrid,120,2,240
4715,AirPods Pro,4,2025-10-11 23:00:00,Madrid,249,10,996
4716,Teclado Mecánico,4,2025-08-08 11:23:00,Barcelona,120,8,480
4717,MacBook Pro,2,2025-11-25 11:42:00,Madrid,1499,11,2998
4719,Google Pixel 8,1,2025-10-01 07:10:00,Sevilla,699,10,699
4720,Cargador USB-C,2,2025-04-17 21:27:00,Madrid,25,4,50
4721,MacBook Pro,4,2025-05-26 09:06:00,Bilbao,1499,5,5996
4722,AirPods Pro,3,2025-04-19 23:47:00,Valencia,249,4,747
4723,iPhone 15,1,2025-06-30 02:44:00,Bilbao,999,6,999
4724,AirPods Pro,4,2025-05-22 04:04:00,Bilbao,249,5,996
4725,Cargador USB-C,2,2025-03-12 06:12:00,Valencia,25,3,50
4726,AirPods Pro,3,2025-09-20 04:49:00,Sevilla,249,9,747
4727,MacBook Pro,3,2025-11-04 08:41:00,Bilbao,1499,11,4497
4728,Monitor 4K,3,2025-04-23 00:27:00,Valencia,399,4,1197
4729,MacBook Pro,2,2025-03-12 00:30:00,Sevilla,1499,3,2998
4730,MacBook Pro,2,2025-10-02 21:23:00,Madrid,1499,10,2998
4731,AirPods Pro,2,2025-10-25 08:39:00,Sevilla,249,10,498
4732,Cargador USB-C,1,2025-06-08 00:45:00,Valencia,25,6,25
4733,Cargador USB-C,4,2025-06-08 13:48:00,Valencia,25,6,100
4734,Cargador USB-C,1,2025-05-10 22:49:00,Barcelona,25,5,25
4735,AirPods Pro,1,2025-03-26 06:06:00,Valencia,249,3,249
4736,Google Pixel 8,4,2025-10-20 02:47:00,Madrid,699,10,2796
4737,AirPods Pro,2,2025-08-31 18:10:00,Bilbao,249,8,498
4738,AirPods Pro,2,2025-10-11 14:08:00,Barcelona,249,10,498
4739,MacBook Pro,1,2025-09-13 05:59:00,Valencia,1499,9,1499
4740,Monitor 4K,4,2025-01-03 11:59:00,Valencia,399,1,1596
4741,Teclado Mecánico,4,2025-10-05 09:38:00,Sevilla,120,10,480
4742,MacBook Pro,3,2025-07-13 05:48:00,Barcelona,1499,7,4497
4743,Monitor 4K,4,2025-03-29 23:01:00,Bilbao,399,3,1596
4744,MacBook Pro,2,2025-07-27 18:00:00,Bilbao,1499,7,2998
4745,Cargador USB-C,2,2025-03-26 03:07:00,Barcelona,25,3,50
4746,Google Pixel 8,3,2025-11-11 05:52:00,Sevilla,699,11,2097
4747,AirPods Pro,4,2025-02-22 19:25:00,Valencia,249,2,996
4748,Monitor 4K,1,2025-07-22 06:58:00,Madrid,399,7,399
4749,Monitor 4K,2,2025-06-11 14:56:00,Valencia,399,6,798
4750,iPhone 15,1,2025-11-09 14:06:00,Barcelona,999,11,999
4751,iPhone 15,4,2025-10-31 20:30:00,Madrid,999,10,3996
4752,Google Pixel 8,4,2025-06-16 05:41:00,Bilbao,699,6,2796
4753,Teclado Mecánico,1,2025-03-03 00:29:00,Bilbao,120,3,120
4754,Google Pixel 8,4,2025-03-20 21:24:00,Sevilla,699,3,2796
4755,iPhone 15,4,2025-03-15 15:21:00,Valencia,999,3,3996
4756,Teclado Mecánico,4,2025-02-26 02:14:00,Madrid,120,2,480
4757,iPhone 15,4,2025-02-03 21:14:00,Barcelona,999,2,3996
4758,Monitor 4K,4,2025-06-11 10:02:00,Sevilla,399,6,1596
4759,Teclado Mecánico,4,2025-05-31 07:42:00,Valencia,120,5,480
4760,Monitor 4K,1,2025-09-05 09:59:00,Bilbao,399,9,399
4761,MacBook Pro,3,2025-10-22 07:40:00,Bilbao,1499,10,4497
4762,Monitor 4K,1,2025-10-21 23:58:00,Bilbao,399,10,399
4764,AirPods Pro,1,2025-03-30 03:49:00,Bilbao,249,3,249
4765,iPhone 15,4,2025-05-04 13:01:00,Bilbao,999,5,3996
4766,Google Pixel 8,4,2025-01-15 23:07:00,Bilbao,699,1,2796
4767,Cargador USB-C,1,2025-05-09 02:57:00,Valencia,25,5,25
4768,iPhone 15,2,2025-06-29 11:09:00,Madrid,999,6,1998
4769,Monitor 4K,2,2025-07-21 19:04:00,Madrid,399,7,798
4770,iPhone 15,4,2025-05-10 00:44:00,Madrid,999,5,3996
4771,AirPods Pro,3,2025-08-24 06:38:00,Bilbao,249,8,747
4772,MacBook Pro,1,2025-05-30 09:33:00,Sevilla,1499,5,1499
4773,Cargador USB-C,2,2025-09-30 13:04:00,Valencia,25,9,50
4774,MacBook Pro,1,2025-07-26 14:47:00,Bilbao,1499,7,1499
4775,Cargador USB-C,3,2025-12-18 13:11:00,Valencia,25,12,75
4776,Teclado Mecánico,4,2025-07-26 18:43:00,Madrid,120,7,480
4777,MacBook Pro,2,2025-07-08 17:47:00,Madrid,1499,7,2998
4778,Cargador USB-C,4,2025-06-23 05:04:00,Bilbao,25,6,100
4779,MacBook Pro,2,2025-12-10 22:51:00,Valencia,1499,12,2998
4780,AirPods Pro,4,2025-10-09 08:52:00,Sevilla,249,10,996
4781,Cargador USB-C,3,2025-01-13 19:31:00,Bilbao,25,1,75
4782,Teclado Mecánico,3,2025-04-05 16:39:00,Madrid,120,4,360
4783,Google Pixel 8,1,2025-09-15 12:25:00,Valencia,699,9,699
4784,Teclado Mecánico,2,2025-04-09 08:28:00,Barcelona,120,4,240
4785,iPhone 15,2,2025-11-07 09:22:00,Sevilla,999,11,1998
4786,AirPods Pro,2,2025-04-07 02:41:00,Valencia,249,4,498
4787,AirPods Pro,3,2025-11-04 19:15:00,Sevilla,249,11,747
4788,Google Pixel 8,4,2025-04-30 08:06:00,Barcelona,699,4,2796
4789,Teclado Mecánico,2,2025-10-09 17:55:00,Barcelona,120,10,240
4790,AirPods Pro,4,2025-07-29 11:45:00,Madrid,249,7,996
4791,iPhone 15,2,2025-05-26 01:57:00,Sevilla,999,5,1998
4792,MacBook Pro,4,2025-07-08 10:41:00,Valencia,1499,7,5996
4793,Google Pixel 8,4,2025-05-16 07:47:00,Sevilla,699,5,2796
4794,Teclado Mecánico,2,2025-12-03 01:13:00,Madrid,120,12,240
4795,Google Pixel 8,2,2025-01-09 03:29:00,Sevilla,699,1,1398
4796,Cargador USB-C,1,2025-08-21 17:18:00,Bilbao,25,8,25
4797,Google Pixel 8,2,2025-12-20 14:10:00,Sevilla,699,12,1398
4798,MacBook Pro,2,2025-08-01 21:57:00,Sevilla,1499,8,2998
4799,Google Pixel 8,1,2025-12-22 09:23:00,Madrid,699,12,699
4800,Google Pixel 8,3,2025-07-05 10:56:00,Barcelona,699,7,2097
4801,MacBook Pro,3,2025-12-25 14:40:00,Bilbao,1499,12,4497
4802,Google Pixel 8,1,2025-04-20 05:26:00,Madrid,699,4,699
4803,Monitor 4K,3,2025-03-16 23:50:00,Valencia,399,3,1197
4804,iPhone 15,3,2025-09-05 11:39:00,Sevilla,999,9,2997
4805,Cargador USB-C,2,2025-05-08 04:44:00,Valencia,25,5,50
4806,MacBook Pro,2,2025-11-16 15:28:00,Barcelona,1499,11,2998
4807,Cargador USB-C,3,2025-07-20 19:35:00,Barcelona,25,7,75
4808,Monitor 4K,2,2025-08-31 14:40:00,Bilbao,399,8,798
4809,Monitor 4K,2,2025-10-05 21:37:00,Madrid,399,10,798
4810,MacBook Pro,4,2025-02-11 06:21:00,Madrid,1499,2,5996
4811,MacBook Pro,2,2025-01-07 18:25:00,Bilbao,1499,1,2998
4812,Teclado Mecánico,1,2025-01-15 14:19:00,Madrid,120,1,120
4813,MacBook Pro,1,2025-02-01 16:56:00,Bilbao,1499,2,1499
4814,Teclado Mecánico,4,2025-05-16 17:47:00,Valencia,120,5,480
4817,Teclado Mecánico,1,2025-03-13 00:11:00,Barcelona,120,3,120
4818,Cargador USB-C,4,2025-09-11 12:50:00,Barcelona,25,9,100
4819,MacBook Pro,2,2025-06-03 12:21:00,Bilbao,1499,6,2998
4820,Teclado Mecánico,1,2025-11-29 13:47:00,Barcelona,120,11,120
4821,AirPods Pro,4,2025-11-22 21:59:00,Valencia,249,11,996
4822,Cargador USB-C,4,2025-02-20 09:13:00,Barcelona,25,2,100
4824,MacBook Pro,4,2025-12-07 16:27:00,Barcelona,1499,12,5996
4825,Teclado Mecánico,3,2025-09-27 14:18:00,Sevilla,120,9,360
4826,iPhone 15,4,2025-07-26 04:12:00,Madrid,999,7,3996
4827,AirPods Pro,1,2025-06-01 09:01:00,Bilbao,249,6,249
4828,Monitor 4K,3,2025-08-25 05:33:00,Bilbao,399,8,1197
4830,Teclado Mecánico,4,2025-07-29 03:08:00,Bilbao,120,7,480
4831,iPhone 15,2,2025-08-05 00:41:00,Bilbao,999,8,1998
4832,Cargador USB-C,4,2025-03-15 21:46:00,Barcelona,25,3,100
4833,Google Pixel 8,3,2025-04-29 14:23:00,Madrid,699,4,2097
4834,iPhone 15,1,2025-05-10 09:50:00,Barcelona,999,5,999
4835,Teclado Mecánico,1,2025-02-22 13:58:00,Sevilla,120,2,120
4836,iPhone 15,4,2025-05-16 09:59:00,Madrid,999,5,3996
4837,Teclado Mecánico,1,2025-03-24 21:18:00,Madrid,120,3,120
4838,Teclado Mecánico,3,2025-08-05 07:26:00,Madrid,120,8,360
4839,Google Pixel 8,1,2025-09-25 16:32:00,Sevilla,699,9,699
4840,MacBook Pro,3,2025-01-23 23:51:00,Bilbao,1499,1,4497
4841,MacBook Pro,1,2025-12-25 18:49:00,Bilbao,1499,12,1499
4842,AirPods Pro,2,2025-05-27 13:40:00,Barcelona,249,5,498
4843,MacBook Pro,4,2025-10-31 09:20:00,Valencia,1499,10,5996
4844,MacBook Pro,2,2025-01-19 14:24:00,Valencia,1499,1,2998
4845,MacBook Pro,4,2025-04-14 05:59:00,Sevilla,1499,4,5996
4846,MacBook Pro,4,2025-09-11 19:39:00,Madrid,1499,9,5996
4847,Monitor 4K,1,2025-04-24 02:01:00,Barcelona,399,4,399
4848,AirPods Pro,3,2025-12-08 18:08:00,Valencia,249,12,747
4849,Teclado Mecánico,3,2025-04-05 10:30:00,Madrid,120,4,360
4850,Teclado Mecánico,1,2025-02-28 11:50:00,Barcelona,120,2,120
4851,Google Pixel 8,1,2025-08-10 21:14:00,Madrid,699,8,699
4852,AirPods Pro,1,2025-06-09 16:46:00,Bilbao,249,6,249
4853,AirPods Pro,4,2025-10-26 02:23:00,Bilbao,249,10,996
4854,Teclado Mecánico,3,2025-07-16 04:58:00,Madrid,120,7,360
4855,Google Pixel 8,4,2025-08-31 21:25:00,Madrid,699,8,2796
4856,Cargador USB-C,1,2025-09-13 10:55:00,Sevilla,25,9,25
4857,Google Pixel 8,4,2025-06-21 10:15:00,Madrid,699,6,2796
4858,Google Pixel 8,1,2025-12-13 12:31:00,Bilbao,699,12,699
4859,Teclado Mecánico,3,2025-11-14 07:43:00,Madrid,120,11,360
4860,Cargador USB-C,3,2025-02-20 00:20:00,Bilbao,25,2,75
4861,iPhone 15,2,2025-12-10 19:22:00,Sevilla,999,12,1998
4863,Cargador USB-C,3,2025-06-20 12:55:00,Barcelona,25,6,75
4864,MacBook Pro,4,2025-07-12 11:05:00,Barcelona,1499,7,5996
4865,Google Pixel 8,3,2025-02-27 05:55:00,Sevilla,699,2,2097
4866,Google Pixel 8,4,2025-09-19 23:11:00,Barcelona,699,9,2796
4867,AirPods Pro,1,2025-07-12 21:40:00,Valencia,249,7,249
4868,Cargador USB-C,2,2025-11-03 16:38:00,Sevilla,25,11,50
4869,Cargador USB-C,3,2025-02-19 20:20:00,Barcelona,25,2,75
4870,Cargador USB-C,4,2025-09-05 09:18:00,Bilbao,25,9,100
4871,Google Pixel 8,2,2025-12-17 17:29:00,Valencia,699,12,1398
4872,Cargador USB-C,2,2025-03-17 23:54:00,Madrid,25,3,50
4873,Monitor 4K,2,2025-06-23 08:59:00,Bilbao,399,6,798
4874,MacBook Pro,3,2025-08-15 10:07:00,Sevilla,1499,8,4497
4875,Teclado Mecánico,2,2025-02-09 17:55:00,Barcelona,120,2,240
4876,Cargador USB-C,1,2025-04-04 08:14:00,Bilbao,25,4,25
4877,AirPods Pro,4,2025-07-09 12:43:00,Valencia,249,7,996
4878,Monitor 4K,1,2025-06-25 04:03:00,Madrid,399,6,399
4879,Google Pixel 8,3,2025-12-16 21:59:00,Valencia,699,12,2097
4880,Teclado Mecánico,4,2025-12-30 17:13:00,Bilbao,120,12,480
4881,Monitor 4K,2,2025-01-25 20:32:00,Valencia,399,1,798
4882,Teclado Mecánico,2,2025-12-03 14:55:00,Barcelona,120,12,240
4883,Monitor 4K,4,2025-05-21 23:33:00,Bilbao,399,5,1596
4884,Teclado Mecánico,1,2025-05-08 15:31:00,Sevilla,120,5,120
4885,AirPods Pro,4,2025-05-27 21:34:00,Valencia,249,5,996
4886,AirPods Pro,2,2025-11-25 12:05:00,Bilbao,249,11,498
4887,iPhone 15,3,2025-02-05 16:05:00,Bilbao,999,2,2997
4888,Teclado Mecánico,1,2025-05-20 09:12:00,Valencia,120,5,120
4889,Teclado Mecánico,3,2025-12-27 03:19:00,Bilbao,120,12,360
4890,Teclado Mecánico,4,2025-02-06 19:16:00,Madrid,120,2,480
4891,Google Pixel 8,2,2025-09-24 22:36:00,Sevilla,699,9,1398
4892,AirPods Pro,3,2025-09-07 23:04:00,Bilbao,249,9,747
4893,AirPods Pro,2,2025-12-31 04:52:00,Valencia,249,12,498
4894,Cargador USB-C,2,2025-04-02 05:20:00,Sevilla,25,4,50
4895,iPhone 15,4,2025-03-19 17:12:00,Barcelona,999,3,3996
4896,Monitor 4K,2,2025-06-28 08:25:00,Sevilla,399,6,798
4897,Monitor 4K,3,2025-04-07 13:29:00,Barcelona,399,4,1197
4898,AirPods Pro,4,2025-02-26 00:53:00,Valencia,249,2,996
4899,iPhone 15,4,2025-03-12 01:02:00,Sevilla,999,3,3996
4900,Teclado Mecánico,4,2025-10-22 10:21:00,Madrid,120,10,480
4901,Monitor 4K,4,2025-08-18 04:35:00,Valencia,399,8,1596
4902,MacBook Pro,2,2025-10-09 22:14:00,Barcelona,1499,10,2998
4903,Teclado Mecánico,3,2025-01-13 07:00:00,Bilbao,120,1,360
4904,MacBook Pro,1,2025-11-27 14:31:00,Madrid,1499,11,1499
4905,Cargador USB-C,3,2025-12-27 05:52:00,Barcelona,25,12,75
4906,Cargador USB-C,4,2025-08-03 07:41:00,Madrid,25,8,100
4907,Google Pixel 8,3,2025-10-23 18:16:00,Bilbao,699,10,2097
4908,Google Pixel 8,2,2025-07-07 03:11:00,Barcelona,699,7,1398
4909,Cargador USB-C,3,2025-04-01 05:55:00,Madrid,25,4,75
4910,Google Pixel 8,4,2025-03-27 07:06:00,Barcelona,699,3,2796
4911,AirPods Pro,4,2025-12-06 09:02:00,Sevilla,249,12,996
4912,Monitor 4K,2,2025-10-26 07:42:00,Madrid,399,10,798
4913,Cargador USB-C,2,2025-02-21 22:06:00,Bilbao,25,2,50
4914,Teclado Mecánico,1,2025-03-23 03:22:00,Sevilla,120,3,120
4915,Google Pixel 8,3,2025-03-25 04:23:00,Bilbao,699,3,2097
4916,Teclado Mecánico,2,2025-11-04 14:00:00,Valencia,120,11,240
4917,Cargador USB-C,1,2025-10-29 13:39:00,Barcelona,25,10,25
4918,iPhone 15,1,2025-08-27 03:26:00,Sevilla,999,8,999
4919,AirPods Pro,2,2025-04-06 05:31:00,Madrid,249,4,498
4920,iPhone 15,1,2025-12-05 07:15:00,Sevilla,999,12,999
4921,AirPods Pro,4,2025-05-31 05:40:00,Bilbao,249,5,996
4922,Monitor 4K,1,2025-01-04 23:34:00,Bilbao,399,1,399
4923,AirPods Pro,3,2025-08-15 06:13:00,Bilbao,249,8,747
4924,Monitor 4K,2,2025-08-20 10:33:00,Sevilla,399,8,798
4925,iPhone 15,3,2025-06-25 08:26:00,Valencia,999,6,2997
4926,AirPods Pro,2,2025-11-13 21:00:00,Sevilla,249,11,498
4927,AirPods Pro,3,2025-09-12 06:13:00,Valencia,249,9,747
4928,Monitor 4K,3,2025-01-12 19:19:00,Madrid,399,1,1197
4929,Monitor 4K,2,2025-02-23 23:45:00,Madrid,399,2,798
4930,MacBook Pro,1,2025-08-27 02:37:00,Sevilla,1499,8,1499
4931,MacBook Pro,1,2025-03-21 10:03:00,Sevilla,1499,3,1499
4932,iPhone 15,1,2025-05-16 11:19:00,Valencia,999,5,999
4933,MacBook Pro,3,2025-08-25 11:36:00,Madrid,1499,8,4497
4934,Cargador USB-C,2,2025-09-14 01:05:00,Sevilla,25,9,50
4935,iPhone 15,3,2025-02-14 23:16:00,Barcelona,999,2,2997
4936,AirPods Pro,3,2025-03-07 19:57:00,Barcelona,249,3,747
4937,Teclado Mecánico,2,2025-05-25 00:00:00,Sevilla,120,5,240
4938,Cargador USB-C,3,2025-09-19 00:05:00,Barcelona,25,9,75
4939,MacBook Pro,4,2025-11-28 17:23:00,Madrid,1499,11,5996
4940,Cargador USB-C,1,2025-10-05 21:24:00,Sevilla,25,10,25
4941,AirPods Pro,3,2025-10-12 17:45:00,Bilbao,249,10,747
4942,iPhone 15,1,2025-06-16 03:29:00,Madrid,999,6,999
4943,Cargador USB-C,3,2025-10-22 22:59:00,Madrid,25,10,75
4944,Google Pixel 8,4,2025-12-01 13:45:00,Barcelona,699,12,2796
4945,MacBook Pro,1,2025-07-30 10:58:00,Sevilla,1499,7,1499
4947,AirPods Pro,4,2025-04-14 06:26:00,Sevilla,249,4,996
4948,Cargador USB-C,1,2025-01-08 14:34:00,Sevilla,25,1,25
4949,Cargador USB-C,4,2025-12-19 15:01:00,Barcelona,25,12,100
4950,Monitor 4K,2,2025-04-09 16:33:00,Barcelona,399,4,798
4951,iPhone 15,1,2025-09-02 12:47:00,Sevilla,999,9,999
4952,MacBook Pro,4,2025-08-23 02:06:00,Sevilla,1499,8,5996
4953,MacBook Pro,1,2025-04-03 03:38:00,Bilbao,1499,4,1499
4954,Cargador USB-C,2,2025-08-24 11:42:00,Madrid,25,8,50
4955,Google Pixel 8,4,2025-03-15 14:49:00,Barcelona,699,3,2796
4956,AirPods Pro,1,2025-07-20 07:51:00,Valencia,249,7,249
4957,Teclado Mecánico,1,2025-12-17 14:02:00,Bilbao,120,12,120
4958,Teclado Mecánico,2,2025-02-21 02:13:00,Valencia,120,2,240
4959,Cargador USB-C,2,2025-01-14 18:27:00,Sevilla,25,1,50
4960,MacBook Pro,3,2025-07-16 01:24:00,Bilbao,1499,7,4497
4961,Cargador USB-C,1,2025-11-01 00:18:00,Barcelona,25,11,25
4962,iPhone 15,1,2025-01-23 15:34:00,Valencia,999,1,999
4963,Monitor 4K,3,2025-12-22 05:09:00,Madrid,399,12,1197
4964,Monitor 4K,1,2025-03-01 21:35:00,Valencia,399,3,399
4965,MacBook Pro,2,2025-11-06 03:22:00,Madrid,1499,11,2998
4966,AirPods Pro,1,2025-03-20 14:45:00,Sevilla,249,3,249
4967,Teclado Mecánico,4,2025-03-16 21:57:00,Sevilla,120,3,480
4969,MacBook Pro,3,2025-08-04 01:16:00,Valencia,1499,8,4497
4970,MacBook Pro,2,2025-04-23 13:04:00,Bilbao,1499,4,2998
4971,AirPods Pro,1,2025-06-04 00:28:00,Bilbao,249,6,249
4972,Cargador USB-C,3,2025-12-20 23:56:00,Sevilla,25,12,75
4973,AirPods Pro,4,2025-11-04 07:05:00,Bilbao,249,11,996
4974,iPhone 15,4,2025-09-15 20:26:00,Valencia,999,9,3996
4975,Monitor 4K,4,2025-04-22 14:53:00,Barcelona,399,4,1596
4976,Cargador USB-C,3,2025-07-11 12:50:00,Madrid,25,7,75
4977,Cargador USB-C,2,2025-01-03 06:01:00,Valencia,25,1,50
4978,AirPods Pro,1,2025-01-26 08:55:00,Bilbao,249,1,249
4979,iPhone 15,4,2025-07-20 23:14:00,Barcelona,999,7,3996
4980,Google Pixel 8,4,2025-01-04 00:33:00,Bilbao,699,1,2796
4981,MacBook Pro,4,2025-06-17 01:10:00,Valencia,1499,6,5996
4982,iPhone 15,3,2025-05-01 22:27:00,Madrid,999,5,2997
4983,MacBook Pro,3,2025-12-27 09:02:00,Madrid,1499,12,4497
4984,iPhone 15,2,2025-07-17 20:50:00,Sevilla,999,7,1998
4985,Google Pixel 8,4,2025-09-07 05:18:00,Madrid,699,9,2796
4986,iPhone 15,3,2025-09-03 03:24:00,Bilbao,999,9,2997
4989,AirPods Pro,1,2025-02-12 17:18:00,Madrid,249,2,249
4990,MacBook Pro,1,2025-12-22 06:01:00,Bilbao,1499,12,1499
4991,Teclado Mecánico,4,2025-11-03 18:04:00,Valencia,120,11,480
4992,Monitor 4K,1,2025-01-27 01:08:00,Barcelona,399,1,399
4993,Monitor 4K,3,2025-01-15 18:05:00,Bilbao,399,1,1197
4994,Monitor 4K,2,2025-05-15 23:47:00,Bilbao,399,5,798
4995,Monitor 4K,1,2025-08-13 11:15:00,Sevilla,399,8,399
4996,AirPods Pro,3,2025-01-31 12:26:00,Madrid,249,1,747
4997,Teclado Mecánico,2,2025-12-13 10:43:00,Madrid,120,12,240
4998,AirPods Pro,2,2025-03-17 04:56:00,Barcelona,249,3,498
4999,MacBook Pro,4,2025-01-07 18:29:00,Barcelona,1499,1,5996
5000,Google Pixel 8,4,2025-05-21 20:42:00,Madrid,699,5,2796
5001,Teclado Mecánico,4,2025-06-18 13:50:00,Valencia,120,6,480
5002,Teclado Mecánico,4,2025-10-12 04:22:00,Madrid,120,10,480
5003,Monitor 4K,2,2025-02-18 06:14:00,Barcelona,399,2,798
5004,Monitor 4K,4,2025-01-04 08:46:00,Valencia,399,1,1596
5005,iPhone 15,2,2025-08-23 05:42:00,Madrid,999,8,1998
5006,Monitor 4K,4,2025-07-04 22:20:00,Bilbao,399,7,1596
5007,Teclado Mecánico,2,2025-06-06 23:33:00,Madrid,120,6,240
5008,iPhone 15,2,2025-02-05 03:58:00,Barcelona,999,2,1998
5009,AirPods Pro,3,2025-02-01 01:21:00,Sevilla,249,2,747
5010,iPhone 15,4,2025-07-23 15:47:00,Sevilla,999,7,3996
5011,Teclado Mecánico,1,2025-10-11 17:44:00,Valencia,120,10,120
5012,Cargador USB-C,3,2025-12-25 16:53:00,Sevilla,25,12,75
5013,MacBook Pro,1,2025-09-05 21:27:00,Barcelona,1499,9,1499
5016,Teclado Mecánico,3,2025-01-25 22:12:00,Madrid,120,1,360
5017,Teclado Mecánico,3,2025-08-20 15:35:00,Barcelona,120,8,360
5018,AirPods Pro,3,2025-09-29 15:37:00,Valencia,249,9,747
5019,Google Pixel 8,4,2025-10-05 01:28:00,Barcelona,699,10,2796
5020,AirPods Pro,2,2025-01-15 02:29:00,Madrid,249,1,498
5021,MacBook Pro,2,2025-09-26 23:20:00,Bilbao,1499,9,2998
5022,iPhone 15,2,2025-02-18 08:56:00,Bilbao,999,2,1998
5023,Cargador USB-C,4,2025-07-17 23:52:00,Barcelona,25,7,100
5024,iPhone 15,1,2025-06-13 08:26:00,Madrid,999,6,999
5025,MacBook Pro,2,2025-08-12 14:53:00,Bilbao,1499,8,2998
5026,MacBook Pro,2,2025-08-03 17:04:00,Valencia,1499,8,2998
5027,Teclado Mecánico,2,2025-12-06 21:42:00,Valencia,120,12,240
5028,MacBook Pro,4,2025-01-13 02:09:00,Madrid,1499,1,5996
5029,AirPods Pro,2,2025-09-13 04:15:00,Sevilla,249,9,498
5030,Monitor 4K,2,2025-10-11 13:22:00,Valencia,399,10,798
5031,Teclado Mecánico,1,2025-09-12 00:07:00,Sevilla,120,9,120
5032,iPhone 15,4,2025-01-22 04:18:00,Madrid,999,1,3996
5034,Teclado Mecánico,2,2025-08-30 16:34:00,Valencia,120,8,240
5036,Google Pixel 8,3,2025-04-30 15:55:00,Barcelona,699,4,2097
5037,Cargador USB-C,1,2025-07-27 14:15:00,Valencia,25,7,25
5038,iPhone 15,1,2025-01-08 00:27:00,Madrid,999,1,999
5039,Teclado Mecánico,3,2025-05-09 04:52:00,Sevilla,120,5,360
5040,iPhone 15,4,2025-09-09 01:25:00,Barcelona,999,9,3996
5041,Cargador USB-C,4,2025-12-31 03:12:00,Madrid,25,12,100
5042,iPhone 15,3,2025-02-24 14:05:00,Sevilla,999,2,2997
5043,AirPods Pro,2,2025-11-11 12:48:00,Bilbao,249,11,498
5044,Google Pixel 8,2,2025-09-12 14:48:00,Valencia,699,9,1398
5045,MacBook Pro,3,2025-07-05 07:20:00,Valencia,1499,7,4497
5046,Monitor 4K,4,2025-08-26 15:32:00,Valencia,399,8,1596
5047,Google Pixel 8,4,2025-01-13 05:41:00,Valencia,699,1,2796
5048,Google Pixel 8,2,2025-10-18 22:06:00,Barcelona,699,10,1398
5049,MacBook Pro,2,2025-01-20 09:56:00,Bilbao,1499,1,2998
5050,Cargador USB-C,3,2025-12-06 04:36:00,Bilbao,25,12,75
5051,Teclado Mecánico,2,2025-04-10 12:59:00,Bilbao,120,4,240
5052,Google Pixel 8,3,2025-04-07 16:26:00,Barcelona,699,4,2097
5053,iPhone 15,3,2025-06-02 22:18:00,Bilbao,999,6,2997
5054,Monitor 4K,1,2025-06-13 16:07:00,Bilbao,399,6,399
5055,Teclado Mecánico,2,2025-06-06 05:19:00,Valencia,120,6,240
5056,Cargador USB-C,3,2025-11-30 17:09:00,Barcelona,25,11,75
5057,AirPods Pro,3,2025-05-05 03:13:00,Valencia,249,5,747
5058,iPhone 15,3,2025-05-28 10:28:00,Bilbao,999,5,2997
5059,MacBook Pro,3,2025-12-16 13:25:00,Bilbao,1499,12,4497
5060,Monitor 4K,3,2025-09-18 15:58:00,Madrid,399,9,1197
5061,iPhone 15,3,2025-10-31 17:34:00,Madrid,999,10,2997
5062,Cargador USB-C,3,2025-07-14 18:43:00,Barcelona,25,7,75
5063,Google Pixel 8,3,2025-09-06 00:55:00,Bilbao,699,9,2097
5064,Google Pixel 8,4,2025-01-22 00:17:00,Bilbao,699,1,2796
5065,iPhone 15,1,2025-05-10 16:05:00,Madrid,999,5,999
5066,Teclado Mecánico,1,2025-01-18 14:39:00,Sevilla,120,1,120
5067,MacBook Pro,1,2025-12-03 03:10:00,Sevilla,1499,12,1499
5068,iPhone 15,4,2025-05-06 14:53:00,Madrid,999,5,3996
5069,Google Pixel 8,3,2025-03-06 07:19:00,Valencia,699,3,2097
5070,Cargador USB-C,2,2025-07-25 01:52:00,Sevilla,25,7,50
5071,Teclado Mecánico,1,2025-11-30 21:26:00,Valencia,120,11,120
5072,MacBook Pro,1,2025-08-20 04:00:00,Bilbao,1499,8,1499
5073,Cargador USB-C,2,2025-02-10 08:00:00,Barcelona,25,2,50
5074,AirPods Pro,4,2025-09-16 12:12:00,Madrid,249,9,996
5075,Monitor 4K,3,2025-12-05 08:18:00,Sevilla,399,12,1197
5076,iPhone 15,3,2025-06-02 18:14:00,Bilbao,999,6,2997
5077,MacBook Pro,2,2025-07-15 04:05:00,Valencia,1499,7,2998
5078,Monitor 4K,2,2025-05-02 18:50:00,Bilbao,399,5,798
5079,AirPods Pro,1,2025-08-08 01:08:00,Barcelona,249,8,249
5080,AirPods Pro,1,2025-01-11 05:14:00,Sevilla,249,1,249
5081,Monitor 4K,4,2025-12-23 08:57:00,Sevilla,399,12,1596
5082,Google Pixel 8,3,2025-03-04 18:01:00,Bilbao,699,3,2097
5083,Google Pixel 8,4,2025-07-12 22:21:00,Sevilla,699,7,2796
5084,iPhone 15,3,2025-01-27 03:26:00,Barcelona,999,1,2997
5085,MacBook Pro,3,2025-04-24 14:30:00,Bilbao,1499,4,4497
5086,Google Pixel 8,2,2025-12-24 22:16:00,Bilbao,699,12,1398
5087,Monitor 4K,2,2025-09-19 01:58:00,Madrid,399,9,798
5088,Monitor 4K,2,2025-12-27 05:19:00,Sevilla,399,12,798
5089,Google Pixel 8,1,2025-08-15 08:07:00,Valencia,699,8,699
5090,Teclado Mecánico,4,2025-01-20 08:11:00,Bilbao,120,1,480
5093,Google Pixel 8,3,2025-09-11 12:26:00,Bilbao,699,9,2097
5094,Google Pixel 8,2,2025-04-13 01:35:00,Bilbao,699,4,1398
5095,iPhone 15,1,2025-08-01 11:01:00,Valencia,999,8,999
5096,AirPods Pro,2,2025-03-07 01:24:00,Valencia,249,3,498
5097,Monitor 4K,3,2025-12-28 10:07:00,Madrid,399,12,1197
5098,AirPods Pro,1,2025-01-24 12:22:00,Valencia,249,1,249
5099,Teclado Mecánico,3,2025-04-07 18:11:00,Bilbao,120,4,360
5100,MacBook Pro,2,2025-04-30 02:37:00,Valencia,1499,4,2998
5101,MacBook Pro,2,2025-04-25 19:45:00,Bilbao,1499,4,2998
5102,Teclado Mecánico,3,2025-11-11 15:24:00,Madrid,120,11,360
5103,AirPods Pro,4,2025-11-04 02:46:00,Valencia,249,11,996
5104,Teclado Mecánico,4,2025-06-25 12:42:00,Sevilla,120,6,480
5105,Monitor 4K,2,2025-10-23 03:46:00,Madrid,399,10,798
5106,iPhone 15,1,2025-08-24 05:45:00,Madrid,999,8,999
5107,Cargador USB-C,2,2025-11-28 19:17:00,Barcelona,25,11,50
5108,iPhone 15,1,2025-03-02 05:51:00,Valencia,999,3,999
5109,Google Pixel 8,4,2025-05-02 22:07:00,Madrid,699,5,2796
5110,MacBook Pro,1,2025-11-09 03:52:00,Madrid,1499,11,1499
5111,Teclado Mecánico,1,2025-04-03 19:22:00,Barcelona,120,4,120
5112,MacBook Pro,2,2025-03-14 13:55:00,Barcelona,1499,3,2998
5113,Google Pixel 8,3,2025-06-29 07:28:00,Madrid,699,6,2097
5114,Teclado Mecánico,2,2025-02-16 02:52:00,Madrid,120,2,240
5115,Monitor 4K,4,2025-07-17 21:27:00,Sevilla,399,7,1596
5116,MacBook Pro,1,2025-10-09 16:56:00,Bilbao,1499,10,1499
5117,Cargador USB-C,4,2025-01-04 18:00:00,Barcelona,25,1,100
5118,MacBook Pro,3,2025-01-12 08:39:00,Barcelona,1499,1,4497
5119,Google Pixel 8,3,2025-05-04 04:08:00,Sevilla,699,5,2097
5120,MacBook Pro,2,2025-03-02 05:13:00,Barcelona,1499,3,2998
5121,AirPods Pro,2,2025-03-03 15:56:00,Bilbao,249,3,498
5122,iPhone 15,2,2025-04-07 10:15:00,Bilbao,999,4,1998
5123,MacBook Pro,4,2025-12-12 22:55:00,Sevilla,1499,12,5996
5124,Google Pixel 8,4,2025-06-11 09:38:00,Valencia,699,6,2796
5125,Cargador USB-C,3,2025-04-01 13:47:00,Bilbao,25,4,75
5126,Teclado Mecánico,2,2025-10-09 06:39:00,Sevilla,120,10,240
5127,MacBook Pro,3,2025-12-26 04:04:00,Barcelona,1499,12,4497
5128,AirPods Pro,4,2025-11-17 13:16:00,Madrid,249,11,996
5129,iPhone 15,1,2025-03-30 12:55:00,Bilbao,999,3,999
5130,Teclado Mecánico,1,2025-04-26 22:32:00,Sevilla,120,4,120
5131,Monitor 4K,3,2025-05-06 02:08:00,Bilbao,399,5,1197
5132,iPhone 15,1,2025-03-08 10:49:00,Madrid,999,3,999
5133,Google Pixel 8,2,2025-11-13 21:41:00,Madrid,699,11,1398
5134,Google Pixel 8,3,2025-08-26 04:28:00,Madrid,699,8,2097
5135,Teclado Mecánico,3,2025-09-23 11:41:00,Madrid,120,9,360
5136,Monitor 4K,1,2025-01-18 03:46:00,Bilbao,399,1,399
5137,AirPods Pro,4,2025-01-18 10:21:00,Valencia,249,1,996
5138,AirPods Pro,4,2025-02-05 00:57:00,Valencia,249,2,996
5139,Cargador USB-C,1,2025-11-03 18:39:00,Bilbao,25,11,25
5140,Google Pixel 8,3,2025-07-06 10:39:00,Sevilla,699,7,2097
5141,Teclado Mecánico,1,2025-08-17 03:12:00,Sevilla,120,8,120
5142,Cargador USB-C,3,2025-07-08 12:03:00,Sevilla,25,7,75
5143,Monitor 4K,1,2025-08-10 07:10:00,Valencia,399,8,399
5144,AirPods Pro,1,2025-01-20 12:49:00,Valencia,249,1,249
5145,AirPods Pro,1,2025-04-18 16:28:00,Barcelona,249,4,249
5146,iPhone 15,2,2025-10-08 08:20:00,Madrid,999,10,1998
5147,Google Pixel 8,3,2025-02-25 12:34:00,Valencia,699,2,2097
5148,Google Pixel 8,3,2025-01-08 15:29:00,Bilbao,699,1,2097
5149,Google Pixel 8,4,2025-11-21 11:09:00,Bilbao,699,11,2796
5150,Google Pixel 8,2,2025-11-06 07:05:00,Madrid,699,11,1398
5151,Cargador USB-C,3,2025-07-12 03:42:00,Madrid,25,7,75
5152,AirPods Pro,2,2025-11-07 03:38:00,Madrid,249,11,498
5153,iPhone 15,3,2025-11-04 04:46:00,Bilbao,999,11,2997
5154,iPhone 15,3,2025-02-22 21:03:00,Madrid,999,2,2997
5155,Google Pixel 8,2,2025-12-20 13:14:00,Sevilla,699,12,1398
5156,iPhone 15,4,2025-02-17 02:25:00,Barcelona,999,2,3996
5157,Teclado Mecánico,2,2025-07-15 20:39:00,Valencia,120,7,240
5159,Google Pixel 8,1,2025-10-19 23:58:00,Bilbao,699,10,699
5160,MacBook Pro,2,2025-12-29 21:39:00,Valencia,1499,12,2998
5161,AirPods Pro,4,2025-01-22 20:16:00,Valencia,249,1,996
5162,Monitor 4K,3,2025-09-24 10:43:00,Sevilla,399,9,1197
5163,Google Pixel 8,4,2025-04-01 05:47:00,Madrid,699,4,2796
5164,Monitor 4K,1,2025-04-10 13:20:00,Barcelona,399,4,399
5165,AirPods Pro,1,2025-12-04 22:58:00,Madrid,249,12,249
5166,Teclado Mecánico,2,2025-01-30 12:26:00,Bilbao,120,1,240
5167,Teclado Mecánico,4,2025-10-27 11:31:00,Sevilla,120,10,480
5168,Google Pixel 8,1,2025-04-04 13:47:00,Valencia,699,4,699
5169,MacBook Pro,4,2025-05-12 02:31:00,Madrid,1499,5,5996
5170,AirPods Pro,3,2025-11-23 19:20:00,Sevilla,249,11,747
5171,Cargador USB-C,2,2025-12-14 09:02:00,Barcelona,25,12,50
5172,MacBook Pro,2,2025-05-07 11:21:00,Sevilla,1499,5,2998
5173,AirPods Pro,4,2025-10-05 01:37:00,Barcelona,249,10,996
5174,AirPods Pro,3,2025-06-16 03:55:00,Barcelona,249,6,747
5175,Teclado Mecánico,1,2025-01-26 22:50:00,Barcelona,120,1,120
5176,Google Pixel 8,2,2025-09-03 22:39:00,Barcelona,699,9,1398
5177,Cargador USB-C,3,2025-03-14 14:59:00,Barcelona,25,3,75
5178,Cargador USB-C,1,2025-11-25 21:32:00,Valencia,25,11,25
5179,iPhone 15,2,2025-10-29 17:28:00,Bilbao,999,10,1998
5180,Monitor 4K,3,2025-02-27 01:58:00,Madrid,399,2,1197
5181,AirPods Pro,1,2025-07-30 22:58:00,Barcelona,249,7,249
5182,Cargador USB-C,4,2025-02-18 01:37:00,Sevilla,25,2,100
5183,iPhone 15,2,2025-12-22 03:27:00,Madrid,999,12,1998
5184,MacBook Pro,4,2025-04-04 07:26:00,Madrid,1499,4,5996
5186,AirPods Pro,1,2025-04-01 09:42:00,Sevilla,249,4,249
5187,Monitor 4K,3,2025-05-15 13:08:00,Madrid,399,5,1197
5188,Cargador USB-C,2,2025-05-22 22:20:00,Bilbao,25,5,50
5189,Monitor 4K,1,2025-02-03 11:01:00,Valencia,399,2,399
5190,Teclado Mecánico,4,2025-04-01 19:22:00,Sevilla,120,4,480
5191,AirPods Pro,3,2025-07-24 08:37:00,Sevilla,249,7,747
5192,Teclado Mecánico,2,2025-06-30 19:46:00,Bilbao,120,6,240
5193,MacBook Pro,1,2025-03-25 21:34:00,Madrid,1499,3,1499
5194,Monitor 4K,2,2025-02-10 10:14:00,Madrid,399,2,798
5195,Google Pixel 8,2,2025-12-17 20:29:00,Sevilla,699,12,1398
5196,Google Pixel 8,2,2025-08-05 22:36:00,Bilbao,699,8,1398
5198,Teclado Mecánico,4,2025-01-02 02:11:00,Barcelona,120,1,480
5199,Monitor 4K,3,2025-06-17 11:10:00,Valencia,399,6,1197
5200,Cargador USB-C,4,2025-10-09 16:49:00,Madrid,25,10,100
5201,Google Pixel 8,1,2025-03-16 12:47:00,Valencia,699,3,699
5202,iPhone 15,2,2025-01-08 02:01:00,Madrid,999,1,1998
5204,Teclado Mecánico,1,2025-05-10 04:31:00,Barcelona,120,5,120
5205,Teclado Mecánico,4,2025-07-27 07:47:00,Madrid,120,7,480
5206,Google Pixel 8,2,2025-09-14 16:03:00,Madrid,699,9,1398
5207,Google Pixel 8,2,2025-03-30 10:30:00,Bilbao,699,3,1398
5208,Cargador USB-C,3,2025-01-04 11:13:00,Barcelona,25,1,75
5209,Google Pixel 8,2,2025-03-14 02:39:00,Madrid,699,3,1398
5210,MacBook Pro,4,2025-07-05 00:44:00,Sevilla,1499,7,5996
5211,AirPods Pro,4,2025-07-30 18:37:00,Valencia,249,7,996
5212,Teclado Mecánico,4,2025-07-04 06:32:00,Madrid,120,7,480
5213,Teclado Mecánico,2,2025-02-05 06:43:00,Madrid,120,2,240
5214,Teclado Mecánico,4,2025-02-04 03:27:00,Bilbao,120,2,480
5215,AirPods Pro,3,2025-02-02 06:39:00,Valencia,249,2,747
5216,Teclado Mecánico,3,2025-03-18 06:07:00,Sevilla,120,3,360
5217,iPhone 15,4,2025-01-29 21:02:00,Bilbao,999,1,3996
5218,MacBook Pro,4,2025-01-05 10:43:00,Valencia,1499,1,5996
5219,Teclado Mecánico,1,2025-11-02 15:05:00,Madrid,120,11,120
5220,AirPods Pro,1,2025-08-08 07:50:00,Madrid,249,8,249
5221,iPhone 15,1,2025-09-18 17:07:00,Sevilla,999,9,999
5222,Google Pixel 8,2,2025-04-02 11:47:00,Barcelona,699,4,1398
5223,MacBook Pro,4,2025-03-12 16:22:00,Sevilla,1499,3,5996
5224,iPhone 15,1,2025-04-03 14:27:00,Madrid,999,4,999
5225,Google Pixel 8,1,2025-07-09 19:28:00,Sevilla,699,7,699
5226,Teclado Mecánico,4,2025-10-13 08:04:00,Barcelona,120,10,480
5227,iPhone 15,4,2025-08-17 02:17:00,Bilbao,999,8,3996
5228,Teclado Mecánico,3,2025-06-13 01:25:00,Sevilla,120,6,360
5229,Google Pixel 8,4,2025-10-03 15:53:00,Valencia,699,10,2796
5230,Google Pixel 8,4,2025-04-01 01:33:00,Madrid,699,4,2796
5231,iPhone 15,4,2025-10-08 00:20:00,Sevilla,999,10,3996
5232,Teclado Mecánico,1,2025-12-23 08:04:00,Barcelona,120,12,120
5233,Monitor 4K,1,2025-06-27 04:00:00,Valencia,399,6,399
5234,AirPods Pro,4,2025-10-10 12:39:00,Barcelona,249,10,996
5235,iPhone 15,3,2025-05-27 03:39:00,Bilbao,999,5,2997
5236,Teclado Mecánico,4,2025-12-11 16:49:00,Madrid,120,12,480
5237,Google Pixel 8,1,2025-11-15 01:10:00,Valencia,699,11,699
5238,AirPods Pro,2,2025-11-05 11:37:00,Sevilla,249,11,498
5239,AirPods Pro,2,2025-02-26 21:24:00,Valencia,249,2,498
5240,Cargador USB-C,1,2025-04-26 23:17:00,Barcelona,25,4,25
5241,AirPods Pro,1,2025-11-01 13:29:00,Barcelona,249,11,249
5242,Google Pixel 8,4,2025-08-09 22:37:00,Barcelona,699,8,2796
5243,AirPods Pro,1,2025-07-27 11:29:00,Sevilla,249,7,249
5244,iPhone 15,3,2025-10-24 16:49:00,Valencia,999,10,2997
5245,AirPods Pro,3,2025-05-31 06:01:00,Bilbao,249,5,747
5246,AirPods Pro,1,2025-02-14 12:07:00,Valencia,249,2,249
5247,Cargador USB-C,4,2025-10-31 16:20:00,Sevilla,25,10,100
5248,Monitor 4K,1,2025-09-23 05:25:00,Madrid,399,9,399
5249,Cargador USB-C,1,2025-05-14 23:10:00,Bilbao,25,5,25
5250,iPhone 15,1,2025-07-22 20:25:00,Barcelona,999,7,999
5251,MacBook Pro,4,2025-08-08 04:03:00,Barcelona,1499,8,5996
5252,Teclado Mecánico,4,2025-07-18 02:21:00,Valencia,120,7,480
5253,AirPods Pro,1,2025-04-16 02:49:00,Sevilla,249,4,249
5254,Cargador USB-C,4,2025-04-08 18:14:00,Valencia,25,4,100
5255,MacBook Pro,2,2025-09-05 22:34:00,Barcelona,1499,9,2998
5256,AirPods Pro,3,2025-01-15 19:51:00,Bilbao,249,1,747
5257,MacBook Pro,2,2025-09-24 05:30:00,Valencia,1499,9,2998
5258,AirPods Pro,4,2025-04-06 06:26:00,Bilbao,249,4,996
5259,MacBook Pro,1,2025-11-22 01:12:00,Barcelona,1499,11,1499
5260,iPhone 15,2,2025-09-29 02:11:00,Barcelona,999,9,1998
5261,MacBook Pro,2,2025-07-17 11:17:00,Bilbao,1499,7,2998
5262,Google Pixel 8,2,2025-05-21 07:55:00,Valencia,699,5,1398
5263,Cargador USB-C,1,2025-04-20 01:32:00,Valencia,25,4,25
5264,MacBook Pro,4,2025-08-14 20:39:00,Bilbao,1499,8,5996
5265,Teclado Mecánico,4,2025-09-11 00:20:00,Valencia,120,9,480
5266,Monitor 4K,4,2025-08-29 16:09:00,Madrid,399,8,1596
5267,Cargador USB-C,2,2025-07-18 05:54:00,Madrid,25,7,50
5268,Cargador USB-C,4,2025-03-19 10:13:00,Sevilla,25,3,100
5269,iPhone 15,2,2025-09-23 00:28:00,Bilbao,999,9,1998
5270,MacBook Pro,2,2025-03-24 22:27:00,Madrid,1499,3,2998
5271,Cargador USB-C,3,2025-01-23 22:19:00,Sevilla,25,1,75
5272,AirPods Pro,3,2025-11-28 10:21:00,Valencia,249,11,747
5273,Monitor 4K,2,2025-07-23 13:35:00,Valencia,399,7,798
5274,Teclado Mecánico,3,2025-01-29 22:42:00,Madrid,120,1,360
5275,iPhone 15,3,2025-09-27 09:02:00,Bilbao,999,9,2997
5276,MacBook Pro,3,2025-12-08 20:59:00,Valencia,1499,12,4497
5277,Google Pixel 8,3,2025-07-23 17:24:00,Madrid,699,7,2097
5278,Cargador USB-C,2,2025-12-25 21:16:00,Sevilla,25,12,50
5279,iPhone 15,4,2025-04-20 16:59:00,Madrid,999,4,3996
5280,Google Pixel 8,3,2025-12-10 00:17:00,Madrid,699,12,2097
5281,AirPods Pro,4,2025-11-17 05:06:00,Madrid,249,11,996
5282,Monitor 4K,1,2025-08-08 19:14:00,Valencia,399,8,399
5283,Cargador USB-C,4,2025-06-17 15:33:00,Barcelona,25,6,100
5284,iPhone 15,4,2025-05-11 21:10:00,Bilbao,999,5,3996
5285,iPhone 15,2,2025-05-27 12:03:00,Barcelona,999,5,1998
5286,Teclado Mecánico,4,2025-11-29 16:39:00,Barcelona,120,11,480
5287,Cargador USB-C,3,2025-01-13 20:37:00,Madrid,25,1,75
5288,iPhone 15,4,2025-10-23 04:19:00,Bilbao,999,10,3996
5289,Monitor 4K,2,2025-10-22 11:45:00,Sevilla,399,10,798
5290,Google Pixel 8,1,2025-10-26 23:42:00,Sevilla,699,10,699
5291,Teclado Mecánico,3,2025-02-04 14:40:00,Madrid,120,2,360
5292,Monitor 4K,3,2025-06-20 18:54:00,Barcelona,399,6,1197
5293,Cargador USB-C,2,2025-01-14 04:07:00,Sevilla,25,1,50
5294,iPhone 15,3,2025-03-13 23:58:00,Valencia,999,3,2997
5295,Teclado Mecánico,4,2025-05-23 08:27:00,Sevilla,120,5,480
5296,Google Pixel 8,4,2025-09-25 00:19:00,Valencia,699,9,2796
5297,Cargador USB-C,2,2025-07-23 07:54:00,Madrid,25,7,50
5298,Cargador USB-C,3,2025-12-20 12:53:00,Madrid,25,12,75
5299,Teclado Mecánico,2,2025-03-15 00:43:00,Barcelona,120,3,240
5300,MacBook Pro,1,2025-09-06 04:05:00,Madrid,1499,9,1499
5301,Monitor 4K,4,2025-06-25 11:48:00,Barcelona,399,6,1596
5302,Cargador USB-C,2,2025-01-25 21:29:00,Sevilla,25,1,50
5303,MacBook Pro,1,2025-12-28 18:51:00,Barcelona,1499,12,1499
5304,MacBook Pro,1,2025-05-01 10:11:00,Barcelona,1499,5,1499
5305,iPhone 15,3,2025-04-19 04:55:00,Sevilla,999,4,2997
5306,Google Pixel 8,2,2025-02-22 16:26:00,Sevilla,699,2,1398
5307,MacBook Pro,2,2025-10-02 22:13:00,Bilbao,1499,10,2998
5308,Monitor 4K,1,2025-05-16 06:10:00,Madrid,399,5,399
5310,Monitor 4K,1,2025-09-10 11:27:00,Valencia,399,9,399
5311,iPhone 15,2,2025-02-11 21:04:00,Barcelona,999,2,1998
5312,Teclado Mecánico,3,2025-03-24 23:46:00,Madrid,120,3,360
5313,Teclado Mecánico,2,2025-04-09 09:57:00,Sevilla,120,4,240
5314,Google Pixel 8,1,2025-11-08 07:48:00,Sevilla,699,11,699
5315,Cargador USB-C,2,2025-06-12 23:17:00,Madrid,25,6,50
5316,MacBook Pro,2,2025-05-18 22:12:00,Sevilla,1499,5,2998
5317,Monitor 4K,4,2025-08-11 16:52:00,Madrid,399,8,1596
5318,iPhone 15,3,2025-12-15 11:20:00,Sevilla,999,12,2997
5319,Teclado Mecánico,1,2025-03-15 13:27:00,Barcelona,120,3,120
5320,Cargador USB-C,4,2025-05-18 17:36:00,Madrid,25,5,100
5321,MacBook Pro,1,2025-12-24 12:16:00,Barcelona,1499,12,1499
5323,AirPods Pro,4,2025-02-21 05:53:00,Barcelona,249,2,996
5324,Teclado Mecánico,2,2025-04-29 12:05:00,Madrid,120,4,240
5325,AirPods Pro,2,2025-12-07 21:58:00,Madrid,249,12,498
5326,Monitor 4K,3,2025-12-01 00:26:00,Bilbao,399,12,1197
5327,Google Pixel 8,1,2025-12-27 06:14:00,Barcelona,699,12,699
5328,Cargador USB-C,2,2025-08-28 08:08:00,Barcelona,25,8,50
5329,Cargador USB-C,4,2025-03-08 00:05:00,Sevilla,25,3,100
5330,iPhone 15,2,2025-06-13 09:44:00,Madrid,999,6,1998
5331,Monitor 4K,4,2025-05-05 08:46:00,Bilbao,399,5,1596
5332,MacBook Pro,1,2025-03-04 00:30:00,Madrid,1499,3,1499
5333,Monitor 4K,1,2025-12-23 05:55:00,Valencia,399,12,399
5334,iPhone 15,4,2025-08-15 21:21:00,Madrid,999,8,3996
5335,Google Pixel 8,3,2025-03-20 05:12:00,Barcelona,699,3,2097
5336,MacBook Pro,2,2025-03-11 17:07:00,Madrid,1499,3,2998
5337,Monitor 4K,4,2025-01-05 18:05:00,Sevilla,399,1,1596
5338,Google Pixel 8,3,2025-03-19 05:16:00,Madrid,699,3,2097
5339,Monitor 4K,4,2025-07-17 23:36:00,Sevilla,399,7,1596
5340,MacBook Pro,4,2025-02-06 04:28:00,Bilbao,1499,2,5996
5341,MacBook Pro,2,2025-07-23 14:35:00,Valencia,1499,7,2998
5342,Google Pixel 8,4,2025-05-27 13:00:00,Bilbao,699,5,2796
5344,Cargador USB-C,2,2025-06-14 14:56:00,Sevilla,25,6,50
5345,AirPods Pro,3,2025-09-06 15:33:00,Sevilla,249,9,747
5346,iPhone 15,1,2025-08-24 10:05:00,Valencia,999,8,999
5347,Teclado Mecánico,3,2025-11-22 01:25:00,Bilbao,120,11,360
5348,Google Pixel 8,3,2025-01-10 13:08:00,Madrid,699,1,2097
5350,AirPods Pro,2,2025-09-05 09:19:00,Sevilla,249,9,498
5351,iPhone 15,2,2025-03-24 11:20:00,Madrid,999,3,1998
5352,iPhone 15,2,2025-01-20 01:13:00,Sevilla,999,1,1998
5353,MacBook Pro,4,2025-07-01 17:08:00,Bilbao,1499,7,5996
5354,iPhone 15,3,2025-03-06 11:48:00,Barcelona,999,3,2997
5355,Google Pixel 8,1,2025-07-16 03:30:00,Barcelona,699,7,699
5356,Google Pixel 8,3,2025-06-16 10:59:00,Bilbao,699,6,2097
5357,MacBook Pro,3,2025-10-20 12:38:00,Valencia,1499,10,4497
5358,Cargador USB-C,4,2025-10-14 11:36:00,Sevilla,25,10,100
5359,Google Pixel 8,4,2025-09-16 01:52:00,Valencia,699,9,2796
5360,iPhone 15,3,2025-05-03 06:39:00,Valencia,999,5,2997
5361,AirPods Pro,2,2025-08-22 00:13:00,Bilbao,249,8,498
5364,Teclado Mecánico,4,2025-07-19 22:05:00,Bilbao,120,7,480
5365,Monitor 4K,1,2025-05-17 11:33:00,Valencia,399,5,399
5366,iPhone 15,1,2025-10-16 09:39:00,Barcelona,999,10,999
5367,iPhone 15,1,2025-04-18 09:47:00,Valencia,999,4,999
5368,Cargador USB-C,1,2025-02-05 03:56:00,Valencia,25,2,25
5369,Monitor 4K,2,2025-09-26 18:04:00,Valencia,399,9,798
5370,AirPods Pro,2,2025-01-01 22:20:00,Valencia,249,1,498
5371,Monitor 4K,1,2025-04-20 12:19:00,Valencia,399,4,399
5372,Cargador USB-C,1,2025-09-10 12:25:00,Madrid,25,9,25
5373,Teclado Mecánico,3,2025-10-14 16:07:00,Sevilla,120,10,360
5374,Monitor 4K,1,2025-08-26 20:46:00,Madrid,399,8,399
5375,Cargador USB-C,3,2025-09-02 17:21:00,Madrid,25,9,75
5376,iPhone 15,4,2025-03-05 22:36:00,Bilbao,999,3,3996
5377,Teclado Mecánico,1,2025-05-17 20:09:00,Bilbao,120,5,120
5378,AirPods Pro,4,2025-06-10 15:15:00,Sevilla,249,6,996
5379,iPhone 15,1,2025-04-12 01:49:00,Sevilla,999,4,999
5380,Monitor 4K,4,2025-06-04 10:33:00,Madrid,399,6,1596
5381,Cargador USB-C,2,2025-02-10 14:06:00,Bilbao,25,2,50
5382,Google Pixel 8,1,2025-08-05 00:54:00,Madrid,699,8,699
5383,MacBook Pro,2,2025-07-18 06:59:00,Valencia,1499,7,2998
5384,Monitor 4K,1,2025-06-09 11:38:00,Valencia,399,6,399
5385,Cargador USB-C,2,2025-08-26 11:36:00,Barcelona,25,8,50
5386,AirPods Pro,1,2025-02-08 10:34:00,Barcelona,249,2,249
5387,Google Pixel 8,2,2025-03-01 06:02:00,Bilbao,699,3,1398
5388,Monitor 4K,4,2025-11-13 08:46:00,Barcelona,399,11,1596
5389,Monitor 4K,4,2025-02-28 03:31:00,Madrid,399,2,1596
5390,Teclado Mecánico,2,2025-05-03 16:59:00,Valencia,120,5,240
5392,Google Pixel 8,3,2025-07-09 23:25:00,Barcelona,699,7,2097
5393,AirPods Pro,3,2025-12-13 10:50:00,Madrid,249,12,747
5395,Monitor 4K,4,2025-07-24 20:22:00,Bilbao,399,7,1596
5396,AirPods Pro,2,2025-12-22 17:10:00,Sevilla,249,12,498
5397,Teclado Mecánico,3,2025-05-30 09:58:00,Sevilla,120,5,360
5398,MacBook Pro,2,2025-10-13 23:53:00,Bilbao,1499,10,2998
5399,Monitor 4K,1,2025-01-21 17:05:00,Bilbao,399,1,399
5400,Google Pixel 8,3,2025-07-16 11:59:00,Valencia,699,7,2097
5401,MacBook Pro,4,2025-05-25 19:03:00,Sevilla,1499,5,5996
5402,Teclado Mecánico,3,2025-03-09 21:55:00,Bilbao,120,3,360
5403,MacBook Pro,1,2025-06-25 04:09:00,Madrid,1499,6,1499
5404,Google Pixel 8,1,2025-02-09 03:13:00,Bilbao,699,2,699
5405,MacBook Pro,2,2025-03-21 07:44:00,Bilbao,1499,3,2998
5406,Monitor 4K,1,2025-11-09 12:01:00,Barcelona,399,11,399
5407,iPhone 15,1,2025-10-15 05:18:00,Barcelona,999,10,999
5408,Google Pixel 8,3,2025-06-03 14:00:00,Bilbao,699,6,2097
5409,Monitor 4K,4,2025-12-25 11:57:00,Bilbao,399,12,1596
5410,Monitor 4K,2,2025-03-07 21:43:00,Valencia,399,3,798
5411,AirPods Pro,2,2025-06-01 19:11:00,Valencia,249,6,498
5412,Google Pixel 8,1,2025-06-13 23:34:00,Bilbao,699,6,699
5413,Teclado Mecánico,3,2025-06-30 01:17:00,Madrid,120,6,360
5414,Monitor 4K,2,2025-06-17 06:51:00,Valencia,399,6,798
5415,Teclado Mecánico,2,2025-03-01 08:23:00,Bilbao,120,3,240
5416,iPhone 15,2,2025-12-11 17:57:00,Madrid,999,12,1998
5417,Teclado Mecánico,1,2025-06-27 22:00:00,Sevilla,120,6,120
5418,Monitor 4K,2,2025-12-03 18:19:00,Sevilla,399,12,798
5419,AirPods Pro,2,2025-09-25 08:03:00,Bilbao,249,9,498
5420,Monitor 4K,1,2025-05-31 06:01:00,Barcelona,399,5,399
5421,MacBook Pro,3,2025-12-10 06:37:00,Madrid,1499,12,4497
5422,iPhone 15,1,2025-10-06 13:38:00,Madrid,999,10,999
5423,Google Pixel 8,4,2025-01-31 11:01:00,Barcelona,699,1,2796
5424,MacBook Pro,2,2025-01-31 16:23:00,Valencia,1499,1,2998
5425,iPhone 15,3,2025-09-20 20:56:00,Valencia,999,9,2997
5426,AirPods Pro,4,2025-09-07 13:37:00,Sevilla,249,9,996
5427,Cargador USB-C,3,2025-06-18 06:30:00,Sevilla,25,6,75
5428,Monitor 4K,2,2025-02-01 14:10:00,Madrid,399,2,798
5429,Google Pixel 8,1,2025-06-21 14:01:00,Sevilla,699,6,699
5430,Teclado Mecánico,2,2025-02-01 13:13:00,Barcelona,120,2,240
5431,Cargador USB-C,1,2025-04-19 08:41:00,Sevilla,25,4,25
5433,Cargador USB-C,1,2025-12-21 02:24:00,Sevilla,25,12,25
5434,Teclado Mecánico,2,2025-08-14 20:22:00,Sevilla,120,8,240
5435,iPhone 15,3,2025-01-18 23:41:00,Barcelona,999,1,2997
5436,Monitor 4K,3,2025-08-09 04:13:00,Sevilla,399,8,1197
5437,Monitor 4K,1,2025-04-04 15:16:00,Madrid,399,4,399
5438,Teclado Mecánico,2,2025-02-05 19:45:00,Valencia,120,2,240
5439,MacBook Pro,3,2025-01-16 15:54:00,Bilbao,1499,1,4497
5440,MacBook Pro,2,2025-02-03 05:56:00,Sevilla,1499,2,2998
5441,Cargador USB-C,4,2025-10-22 19:16:00,Bilbao,25,10,100
5442,MacBook Pro,1,2025-09-23 01:56:00,Bilbao,1499,9,1499
5443,AirPods Pro,3,2025-03-26 09:10:00,Bilbao,249,3,747
5444,Monitor 4K,3,2025-11-19 03:08:00,Valencia,399,11,1197
5445,iPhone 15,2,2025-08-23 04:14:00,Barcelona,999,8,1998
5446,Monitor 4K,1,2025-10-14 07:50:00,Madrid,399,10,399
5447,Google Pixel 8,1,2025-08-02 13:21:00,Barcelona,699,8,699
5448,Cargador USB-C,3,2025-09-19 07:57:00,Madrid,25,9,75
5449,Cargador USB-C,3,2025-11-23 19:34:00,Madrid,25,11,75
5450,AirPods Pro,2,2025-10-16 10:54:00,Sevilla,249,10,498
5451,iPhone 15,1,2025-10-24 23:57:00,Madrid,999,10,999
5452,Teclado Mecánico,1,2025-06-03 00:52:00,Sevilla,120,6,120
5453,Monitor 4K,2,2025-05-07 09:29:00,Barcelona,399,5,798
5454,iPhone 15,3,2025-10-19 03:28:00,Madrid,999,10,2997
5455,Cargador USB-C,2,2025-03-01 07:28:00,Valencia,25,3,50
5456,Cargador USB-C,2,2025-05-29 11:38:00,Bilbao,25,5,50
5457,iPhone 15,3,2025-04-21 05:11:00,Bilbao,999,4,2997
5458,Google Pixel 8,1,2025-11-03 13:42:00,Madrid,699,11,699
5459,Teclado Mecánico,1,2025-01-23 13:14:00,Barcelona,120,1,120
5460,Google Pixel 8,3,2025-04-01 01:23:00,Bilbao,699,4,2097
5461,Google Pixel 8,1,2025-03-06 20:04:00,Valencia,699,3,699
5462,Google Pixel 8,4,2025-11-28 19:08:00,Madrid,699,11,2796
5463,MacBook Pro,3,2025-01-18 11:25:00,Barcelona,1499,1,4497
5464,AirPods Pro,1,2025-06-27 03:13:00,Madrid,249,6,249
5465,AirPods Pro,2,2025-02-11 00:03:00,Madrid,249,2,498
5466,Google Pixel 8,2,2025-06-01 06:03:00,Sevilla,699,6,1398
5467,Monitor 4K,4,2025-11-14 12:05:00,Sevilla,399,11,1596
5469,Teclado Mecánico,2,2025-01-20 12:08:00,Valencia,120,1,240
5470,MacBook Pro,4,2025-09-21 03:31:00,Sevilla,1499,9,5996
5471,MacBook Pro,1,2025-09-12 20:51:00,Valencia,1499,9,1499
5472,MacBook Pro,1,2025-02-25 06:03:00,Barcelona,1499,2,1499
5473,MacBook Pro,1,2025-11-18 20:48:00,Bilbao,1499,11,1499
5474,Monitor 4K,3,2025-05-03 02:25:00,Madrid,399,5,1197
5475,Monitor 4K,2,2025-12-08 12:15:00,Barcelona,399,12,798
5476,AirPods Pro,3,2025-01-10 06:30:00,Valencia,249,1,747
5477,Google Pixel 8,2,2025-11-04 06:00:00,Madrid,699,11,1398
5478,iPhone 15,3,2025-05-26 00:00:00,Barcelona,999,5,2997
5479,iPhone 15,2,2025-03-10 10:10:00,Madrid,999,3,1998
5480,iPhone 15,1,2025-04-18 12:27:00,Sevilla,999,4,999
5481,MacBook Pro,2,2025-04-01 05:58:00,Bilbao,1499,4,2998
5482,Monitor 4K,4,2025-05-12 11:09:00,Sevilla,399,5,1596
5483,Cargador USB-C,2,2025-05-04 16:14:00,Bilbao,25,5,50
5484,Teclado Mecánico,4,2025-06-03 15:55:00,Sevilla,120,6,480
5485,AirPods Pro,3,2025-04-12 00:05:00,Sevilla,249,4,747
5486,iPhone 15,3,2025-05-20 03:10:00,Valencia,999,5,2997
5487,Monitor 4K,3,2025-12-17 00:01:00,Bilbao,399,12,1197
5488,iPhone 15,4,2025-08-06 07:36:00,Madrid,999,8,3996
5489,Cargador USB-C,2,2025-02-02 08:16:00,Bilbao,25,2,50
5490,iPhone 15,2,2025-08-29 04:01:00,Sevilla,999,8,1998
5491,Teclado Mecánico,4,2025-02-14 22:53:00,Sevilla,120,2,480
5493,AirPods Pro,2,2025-07-04 21:10:00,Valencia,249,7,498
5494,Monitor 4K,2,2025-05-16 22:08:00,Madrid,399,5,798
5495,AirPods Pro,4,2025-03-21 05:25:00,Valencia,249,3,996
5496,AirPods Pro,1,2025-08-05 08:58:00,Madrid,249,8,249
5497,iPhone 15,4,2025-06-17 13:58:00,Barcelona,999,6,3996
5498,Monitor 4K,4,2025-11-01 12:50:00,Bilbao,399,11,1596
5499,Cargador USB-C,2,2025-01-22 18:15:00,Bilbao,25,1,50
5500,iPhone 15,3,2025-06-12 15:46:00,Valencia,999,6,2997
5501,MacBook Pro,3,2025-07-05 23:44:00,Barcelona,1499,7,4497
5502,AirPods Pro,3,2025-07-28 19:46:00,Bilbao,249,7,747
5503,Cargador USB-C,4,2025-01-31 07:44:00,Madrid,25,1,100
5504,AirPods Pro,3,2025-01-02 10:07:00,Bilbao,249,1,747
5505,Teclado Mecánico,3,2025-02-15 17:42:00,Barcelona,120,2,360
5506,Google Pixel 8,4,2025-11-28 15:35:00,Madrid,699,11,2796
5507,Monitor 4K,4,2025-01-05 03:46:00,Valencia,399,1,1596
5508,MacBook Pro,1,2025-11-16 16:08:00,Barcelona,1499,11,1499
5509,Monitor 4K,3,2025-12-17 12:48:00,Valencia,399,12,1197
5510,AirPods Pro,4,2025-03-09 01:43:00,Sevilla,249,3,996
5511,iPhone 15,4,2025-05-19 14:56:00,Valencia,999,5,3996
5512,iPhone 15,2,2025-05-22 22:40:00,Madrid,999,5,1998
5513,AirPods Pro,4,2025-09-05 07:50:00,Bilbao,249,9,996
5514,MacBook Pro,4,2025-12-14 00:49:00,Madrid,1499,12,5996
5515,Monitor 4K,2,2025-10-12 02:13:00,Bilbao,399,10,798
5516,AirPods Pro,1,2025-08-22 19:28:00,Barcelona,249,8,249
5517,Teclado Mecánico,3,2025-10-16 01:55:00,Sevilla,120,10,360
5518,Google Pixel 8,3,2025-03-12 13:35:00,Bilbao,699,3,2097
5519,Teclado Mecánico,3,2025-09-23 04:07:00,Sevilla,120,9,360
5520,iPhone 15,3,2025-06-18 10:58:00,Valencia,999,6,2997
5521,AirPods Pro,2,2025-11-27 10:10:00,Sevilla,249,11,498
5522,AirPods Pro,2,2025-05-27 23:18:00,Barcelona,249,5,498
5523,Google Pixel 8,1,2025-03-21 14:23:00,Sevilla,699,3,699
5524,iPhone 15,2,2025-01-26 18:00:00,Madrid,999,1,1998
5525,MacBook Pro,4,2025-04-20 06:45:00,Barcelona,1499,4,5996
5526,MacBook Pro,1,2025-06-07 02:44:00,Bilbao,1499,6,1499
5527,iPhone 15,4,2025-04-13 10:48:00,Valencia,999,4,3996
5528,iPhone 15,1,2025-07-22 08:24:00,Bilbao,999,7,999
5529,Monitor 4K,2,2025-09-04 07:15:00,Madrid,399,9,798
5530,Monitor 4K,4,2025-12-10 20:58:00,Barcelona,399,12,1596
5531,Cargador USB-C,2,2025-04-23 09:44:00,Madrid,25,4,50
5532,iPhone 15,1,2025-08-25 12:12:00,Barcelona,999,8,999
5533,Monitor 4K,2,2025-03-24 01:09:00,Madrid,399,3,798
5534,iPhone 15,4,2025-10-11 03:11:00,Valencia,999,10,3996
5535,Cargador USB-C,2,2025-07-30 05:56:00,Bilbao,25,7,50
5536,iPhone 15,2,2025-03-14 14:40:00,Madrid,999,3,1998
5537,Google Pixel 8,1,2025-04-26 03:14:00,Sevilla,699,4,699
5538,Teclado Mecánico,4,2025-11-18 00:28:00,Valencia,120,11,480
5539,Cargador USB-C,1,2025-07-11 18:28:00,Bilbao,25,7,25
5540,MacBook Pro,2,2025-09-21 12:40:00,Barcelona,1499,9,2998
5541,Teclado Mecánico,2,2025-06-17 11:44:00,Barcelona,120,6,240
5542,Monitor 4K,4,2025-07-03 17:22:00,Madrid,399,7,1596
5543,iPhone 15,1,2025-11-05 19:22:00,Bilbao,999,11,999
5544,Monitor 4K,1,2025-09-25 18:39:00,Valencia,399,9,399
5545,Cargador USB-C,1,2025-09-27 06:36:00,Barcelona,25,9,25
5546,MacBook Pro,1,2025-12-23 16:41:00,Bilbao,1499,12,1499
5547,Monitor 4K,2,2025-04-19 15:27:00,Madrid,399,4,798
5548,Teclado Mecánico,3,2025-09-03 16:02:00,Barcelona,120,9,360
5549,AirPods Pro,2,2025-03-06 14:53:00,Madrid,249,3,498
5550,AirPods Pro,4,2025-09-11 12:58:00,Bilbao,249,9,996
5551,Teclado Mecánico,3,2025-03-25 02:03:00,Valencia,120,3,360
5552,Monitor 4K,3,2025-09-25 08:38:00,Sevilla,399,9,1197
5553,MacBook Pro,1,2025-08-30 06:16:00,Barcelona,1499,8,1499
5554,MacBook Pro,3,2025-03-12 22:13:00,Sevilla,1499,3,4497
5555,Monitor 4K,3,2025-07-09 01:38:00,Sevilla,399,7,1197
5556,Teclado Mecánico,3,2025-07-24 00:53:00,Valencia,120,7,360
5557,AirPods Pro,2,2025-10-09 10:23:00,Valencia,249,10,498
5558,Cargador USB-C,4,2025-02-02 18:49:00,Bilbao,25,2,100
5559,Monitor 4K,3,2025-05-31 13:33:00,Sevilla,399,5,1197
5560,iPhone 15,2,2025-01-14 10:44:00,Valencia,999,1,1998
5561,iPhone 15,4,2025-11-30 19:42:00,Sevilla,999,11,3996
5562,Teclado Mecánico,2,2025-12-05 06:13:00,Valencia,120,12,240
5563,Google Pixel 8,1,2025-12-08 21:41:00,Sevilla,699,12,699
5564,Monitor 4K,4,2025-08-04 04:17:00,Barcelona,399,8,1596
5565,Monitor 4K,3,2025-10-21 18:11:00,Madrid,399,10,1197
5566,Monitor 4K,1,2025-07-19 00:03:00,Madrid,399,7,399
5567,AirPods Pro,4,2025-12-05 04:41:00,Barcelona,249,12,996
5568,iPhone 15,2,2025-11-29 23:51:00,Barcelona,999,11,1998
5569,Teclado Mecánico,3,2025-04-06 11:53:00,Sevilla,120,4,360
5570,MacBook Pro,4,2025-08-12 19:06:00,Madrid,1499,8,5996
5571,Google Pixel 8,2,2025-07-24 11:46:00,Valencia,699,7,1398
5573,Teclado Mecánico,4,2025-11-28 03:56:00,Barcelona,120,11,480
5574,iPhone 15,2,2025-07-05 15:51:00,Madrid,999,7,1998
5575,iPhone 15,4,2025-01-29 08:45:00,Sevilla,999,1,3996
5576,Cargador USB-C,1,2025-04-04 03:41:00,Madrid,25,4,25
5577,Monitor 4K,4,2025-07-09 18:47:00,Bilbao,399,7,1596
5578,Cargador USB-C,2,2025-07-10 10:01:00,Barcelona,25,7,50
5579,iPhone 15,3,2025-08-04 22:37:00,Sevilla,999,8,2997
5580,Monitor 4K,2,2025-01-21 19:53:00,Bilbao,399,1,798
5581,Monitor 4K,3,2025-03-04 14:06:00,Sevilla,399,3,1197
5582,AirPods Pro,2,2025-02-11 08:23:00,Bilbao,249,2,498
5583,Teclado Mecánico,1,2025-09-03 04:22:00,Sevilla,120,9,120
5584,Cargador USB-C,3,2025-05-03 17:23:00,Madrid,25,5,75
5585,MacBook Pro,3,2025-12-18 21:26:00,Valencia,1499,12,4497
5586,MacBook Pro,3,2025-10-01 07:37:00,Bilbao,1499,10,4497
5587,Google Pixel 8,2,2025-08-05 04:17:00,Madrid,699,8,1398
5588,Teclado Mecánico,3,2025-07-25 14:25:00,Barcelona,120,7,360
5589,Monitor 4K,2,2025-01-22 12:03:00,Madrid,399,1,798
5590,iPhone 15,4,2025-03-08 08:15:00,Madrid,999,3,3996
5591,Teclado Mecánico,2,2025-07-31 05:54:00,Valencia,120,7,240
5592,AirPods Pro,1,2025-08-31 18:22:00,Bilbao,249,8,249
5593,Teclado Mecánico,2,2025-02-25 10:27:00,Bilbao,120,2,240
5594,Monitor 4K,1,2025-06-15 02:52:00,Barcelona,399,6,399
5595,MacBook Pro,2,2025-11-21 16:30:00,Bilbao,1499,11,2998
5596,Cargador USB-C,4,2025-04-25 19:07:00,Barcelona,25,4,100
5597,Teclado Mecánico,4,2025-08-28 18:29:00,Valencia,120,8,480
5598,Cargador USB-C,3,2025-09-19 02:12:00,Valencia,25,9,75
5599,Teclado Mecánico,3,2025-08-27 23:02:00,Valencia,120,8,360
5600,iPhone 15,2,2025-04-29 16:30:00,Madrid,999,4,1998
5601,Teclado Mecánico,4,2025-06-28 23:38:00,Valencia,120,6,480
5603,MacBook Pro,1,2025-07-12 12:56:00,Sevilla,1499,7,1499
5605,AirPods Pro,2,2025-06-05 00:44:00,Madrid,249,6,498
5606,Monitor 4K,1,2025-11-21 21:07:00,Sevilla,399,11,399
5607,Cargador USB-C,4,2025-01-01 20:41:00,Sevilla,25,1,100
5608,Teclado Mecánico,2,2025-10-26 07:36:00,Bilbao,120,10,240
5609,Google Pixel 8,3,2025-05-24 02:38:00,Valencia,699,5,2097
5610,Cargador USB-C,3,2025-05-22 21:19:00,Barcelona,25,5,75
5611,iPhone 15,2,2025-01-22 07:54:00,Sevilla,999,1,1998
5612,Teclado Mecánico,1,2025-02-25 06:36:00,Bilbao,120,2,120
5613,Google Pixel 8,4,2025-10-26 11:28:00,Madrid,699,10,2796
5614,Teclado Mecánico,1,2025-09-23 23:33:00,Bilbao,120,9,120
5615,iPhone 15,2,2025-09-21 10:19:00,Bilbao,999,9,1998
5616,Monitor 4K,2,2025-05-05 01:19:00,Valencia,399,5,798
5617,AirPods Pro,3,2025-10-28 07:09:00,Sevilla,249,10,747
5618,Cargador USB-C,1,2025-01-25 10:03:00,Sevilla,25,1,25
5619,Teclado Mecánico,3,2025-05-04 07:27:00,Bilbao,120,5,360
5620,MacBook Pro,2,2025-03-17 22:32:00,Bilbao,1499,3,2998
5621,Google Pixel 8,4,2025-11-23 13:29:00,Bilbao,699,11,2796
5622,Teclado Mecánico,1,2025-08-17 12:53:00,Barcelona,120,8,120
5623,iPhone 15,3,2025-07-17 14:35:00,Bilbao,999,7,2997
5624,Monitor 4K,2,2025-10-20 07:51:00,Sevilla,399,10,798
5625,Monitor 4K,1,2025-05-11 09:49:00,Valencia,399,5,399
5626,Monitor 4K,1,2025-11-19 00:26:00,Valencia,399,11,399
5627,Teclado Mecánico,2,2025-04-26 14:28:00,Barcelona,120,4,240
5628,Google Pixel 8,4,2025-04-28 18:07:00,Valencia,699,4,2796
5630,Monitor 4K,2,2025-09-03 04:54:00,Madrid,399,9,798
5631,Monitor 4K,4,2025-06-17 17:02:00,Sevilla,399,6,1596
5632,MacBook Pro,1,2025-08-15 01:08:00,Barcelona,1499,8,1499
5633,Cargador USB-C,4,2025-07-27 22:23:00,Barcelona,25,7,100
5634,Google Pixel 8,3,2025-06-30 08:08:00,Sevilla,699,6,2097
5635,MacBook Pro,2,2025-08-05 13:00:00,Valencia,1499,8,2998
5636,MacBook Pro,3,2025-01-04 12:04:00,Valencia,1499,1,4497
5637,Teclado Mecánico,4,2025-11-16 07:01:00,Valencia,120,11,480
5638,Monitor 4K,3,2025-02-24 19:45:00,Madrid,399,2,1197
5639,MacBook Pro,1,2025-08-25 17:57:00,Valencia,1499,8,1499
5640,Teclado Mecánico,1,2025-07-27 11:13:00,Sevilla,120,7,120
5641,Cargador USB-C,4,2025-06-21 20:19:00,Bilbao,25,6,100
5642,Cargador USB-C,3,2025-03-03 20:18:00,Sevilla,25,3,75
5645,Teclado Mecánico,3,2025-11-13 11:18:00,Barcelona,120,11,360
5646,MacBook Pro,1,2025-10-10 15:06:00,Madrid,1499,10,1499
5647,MacBook Pro,4,2025-07-02 05:22:00,Bilbao,1499,7,5996
5648,iPhone 15,4,2025-02-05 23:44:00,Madrid,999,2,3996
5649,Google Pixel 8,1,2025-08-07 23:22:00,Bilbao,699,8,699
5650,MacBook Pro,3,2025-09-10 20:49:00,Sevilla,1499,9,4497
5651,MacBook Pro,4,2025-11-22 23:47:00,Valencia,1499,11,5996
5652,Teclado Mecánico,1,2025-02-26 12:57:00,Barcelona,120,2,120
5653,Cargador USB-C,3,2025-01-18 01:58:00,Bilbao,25,1,75
5654,Cargador USB-C,2,2025-08-01 07:47:00,Bilbao,25,8,50
5655,iPhone 15,1,2025-03-18 06:29:00,Valencia,999,3,999
5656,AirPods Pro,2,2025-07-18 16:34:00,Valencia,249,7,498
5657,Teclado Mecánico,1,2025-04-04 11:06:00,Madrid,120,4,120
5658,AirPods Pro,4,2025-02-12 04:53:00,Sevilla,249,2,996
5659,Teclado Mecánico,3,2025-11-10 00:32:00,Sevilla,120,11,360
5660,iPhone 15,4,2025-02-10 14:34:00,Madrid,999,2,3996
5661,MacBook Pro,3,2025-05-22 06:07:00,Valencia,1499,5,4497
5662,Google Pixel 8,4,2025-02-05 15:28:00,Sevilla,699,2,2796
5663,Google Pixel 8,1,2025-03-26 10:54:00,Valencia,699,3,699
5664,Monitor 4K,2,2025-12-28 19:03:00,Bilbao,399,12,798
5665,Google Pixel 8,2,2025-12-02 08:05:00,Sevilla,699,12,1398
5666,Google Pixel 8,4,2025-07-20 16:53:00,Bilbao,699,7,2796
5668,iPhone 15,2,2025-04-18 11:43:00,Sevilla,999,4,1998
5669,MacBook Pro,4,2025-05-24 02:21:00,Barcelona,1499,5,5996
5670,Monitor 4K,2,2025-04-20 08:48:00,Barcelona,399,4,798
5671,Cargador USB-C,1,2025-07-29 09:29:00,Bilbao,25,7,25
5673,Google Pixel 8,3,2025-11-22 11:29:00,Madrid,699,11,2097
5674,iPhone 15,2,2025-12-28 15:30:00,Bilbao,999,12,1998
5675,MacBook Pro,4,2025-08-09 20:09:00,Sevilla,1499,8,5996
5676,Cargador USB-C,2,2025-10-20 21:35:00,Madrid,25,10,50
5677,Cargador USB-C,3,2025-10-14 18:56:00,Madrid,25,10,75
5678,Cargador USB-C,1,2025-07-04 15:17:00,Madrid,25,7,25
5679,Google Pixel 8,3,2025-07-06 16:45:00,Valencia,699,7,2097
5681,AirPods Pro,4,2025-09-15 07:02:00,Barcelona,249,9,996
5682,Monitor 4K,3,2025-05-26 04:26:00,Madrid,399,5,1197
5683,MacBook Pro,4,2025-08-27 04:37:00,Bilbao,1499,8,5996
5684,Teclado Mecánico,3,2025-03-02 08:19:00,Madrid,120,3,360
5685,Monitor 4K,4,2025-04-15 19:11:00,Barcelona,399,4,1596
5686,iPhone 15,3,2025-02-15 00:09:00,Madrid,999,2,2997
5687,AirPods Pro,4,2025-05-13 02:21:00,Barcelona,249,5,996
5688,Google Pixel 8,4,2025-08-06 19:18:00,Valencia,699,8,2796
5689,Monitor 4K,4,2025-01-13 10:01:00,Barcelona,399,1,1596
5690,Teclado Mecánico,2,2025-01-09 02:09:00,Valencia,120,1,240
5691,MacBook Pro,2,2025-08-18 03:50:00,Bilbao,1499,8,2998
5692,Monitor 4K,3,2025-03-02 10:35:00,Madrid,399,3,1197
5693,MacBook Pro,1,2025-05-04 06:44:00,Madrid,1499,5,1499
5694,AirPods Pro,1,2025-07-29 05:11:00,Bilbao,249,7,249
5695,Google Pixel 8,4,2025-11-30 21:19:00,Madrid,699,11,2796
5696,Google Pixel 8,1,2025-01-08 06:54:00,Barcelona,699,1,699
5698,Teclado Mecánico,2,2025-12-16 17:44:00,Bilbao,120,12,240
5699,Teclado Mecánico,2,2025-08-27 02:03:00,Bilbao,120,8,240
5700,AirPods Pro,1,2025-07-17 22:20:00,Barcelona,249,7,249
5701,Google Pixel 8,4,2025-05-19 12:09:00,Madrid,699,5,2796
5702,iPhone 15,3,2025-01-09 22:31:00,Madrid,999,1,2997
5703,Google Pixel 8,2,2025-08-10 05:06:00,Madrid,699,8,1398
5704,Teclado Mecánico,1,2025-06-20 14:49:00,Sevilla,120,6,120
5705,Teclado Mecánico,4,2025-12-08 10:15:00,Barcelona,120,12,480
5706,Cargador USB-C,2,2025-06-13 17:47:00,Bilbao,25,6,50
5707,Google Pixel 8,2,2025-04-19 10:01:00,Madrid,699,4,1398
5708,Monitor 4K,2,2025-08-29 19:16:00,Madrid,399,8,798
5709,Teclado Mecánico,3,2025-10-27 17:09:00,Sevilla,120,10,360
5710,Teclado Mecánico,2,2025-05-02 13:18:00,Madrid,120,5,240
5712,Google Pixel 8,1,2025-12-16 16:47:00,Bilbao,699,12,699
5713,iPhone 15,4,2025-07-25 12:46:00,Sevilla,999,7,3996
5714,Teclado Mecánico,2,2025-08-03 04:58:00,Madrid,120,8,240
5715,AirPods Pro,1,2025-12-09 18:09:00,Valencia,249,12,249
5716,AirPods Pro,3,2025-04-10 02:06:00,Madrid,249,4,747
5717,Cargador USB-C,1,2025-09-14 09:30:00,Bilbao,25,9,25
5718,Teclado Mecánico,2,2025-11-20 14:19:00,Sevilla,120,11,240
5719,Teclado Mecánico,4,2025-08-20 12:43:00,Bilbao,120,8,480
5720,MacBook Pro,1,2025-11-07 21:35:00,Sevilla,1499,11,1499
5722,AirPods Pro,2,2025-07-31 19:40:00,Madrid,249,7,498
5723,Google Pixel 8,4,2025-10-01 20:29:00,Valencia,699,10,2796
5724,MacBook Pro,3,2025-05-12 23:11:00,Sevilla,1499,5,4497
5725,MacBook Pro,3,2025-02-21 16:09:00,Barcelona,1499,2,4497
5726,Cargador USB-C,2,2025-04-23 17:33:00,Madrid,25,4,50
5728,Google Pixel 8,3,2025-04-28 21:07:00,Barcelona,699,4,2097
5729,Google Pixel 8,1,2025-03-30 03:01:00,Sevilla,699,3,699
5730,iPhone 15,1,2025-03-01 20:17:00,Valencia,999,3,999
5732,Teclado Mecánico,3,2025-11-15 03:27:00,Valencia,120,11,360
5733,Google Pixel 8,4,2025-05-09 20:58:00,Madrid,699,5,2796
5734,Google Pixel 8,3,2025-02-07 00:45:00,Sevilla,699,2,2097
5735,Monitor 4K,4,2025-01-02 11:52:00,Madrid,399,1,1596
5736,Monitor 4K,1,2025-05-27 19:54:00,Valencia,399,5,399
5737,Teclado Mecánico,2,2025-12-24 11:32:00,Barcelona,120,12,240
5738,Monitor 4K,1,2025-01-16 11:29:00,Sevilla,399,1,399
5739,AirPods Pro,1,2025-05-04 04:49:00,Barcelona,249,5,249
5740,iPhone 15,1,2025-04-10 12:16:00,Madrid,999,4,999
5741,Monitor 4K,1,2025-10-31 09:54:00,Sevilla,399,10,399
5742,Monitor 4K,4,2025-07-02 00:11:00,Madrid,399,7,1596
5743,iPhone 15,3,2025-06-25 23:33:00,Bilbao,999,6,2997
5744,AirPods Pro,3,2025-07-06 01:55:00,Valencia,249,7,747
5745,AirPods Pro,3,2025-05-06 20:20:00,Bilbao,249,5,747
5746,iPhone 15,4,2025-04-17 01:23:00,Madrid,999,4,3996
5747,AirPods Pro,3,2025-03-24 05:46:00,Bilbao,249,3,747
5748,iPhone 15,1,2025-08-12 13:47:00,Valencia,999,8,999
5749,Cargador USB-C,3,2025-06-05 11:08:00,Madrid,25,6,75
5750,Cargador USB-C,4,2025-03-16 02:34:00,Sevilla,25,3,100
5751,Teclado Mecánico,1,2025-04-06 05:38:00,Madrid,120,4,120
5752,Monitor 4K,3,2025-01-19 05:06:00,Valencia,399,1,1197
5753,Teclado Mecánico,1,2025-10-04 00:06:00,Valencia,120,10,120
5755,AirPods Pro,1,2025-10-28 15:06:00,Madrid,249,10,249
5756,AirPods Pro,3,2025-12-27 14:21:00,Madrid,249,12,747
5757,iPhone 15,1,2025-11-07 23:05:00,Madrid,999,11,999
5758,Monitor 4K,4,2025-12-17 09:28:00,Madrid,399,12,1596
5759,Teclado Mecánico,1,2025-04-14 16:15:00,Valencia,120,4,120
5760,Monitor 4K,4,2025-09-12 21:29:00,Sevilla,399,9,1596
5761,AirPods Pro,2,2025-09-09 14:50:00,Bilbao,249,9,498
5762,Google Pixel 8,3,2025-09-17 22:19:00,Barcelona,699,9,2097
5763,Cargador USB-C,4,2025-04-12 19:36:00,Bilbao,25,4,100
5764,iPhone 15,1,2025-12-06 07:25:00,Valencia,999,12,999
5765,MacBook Pro,3,2025-05-10 02:07:00,Madrid,1499,5,4497
5766,Teclado Mecánico,3,2025-04-07 01:33:00,Bilbao,120,4,360
5767,Teclado Mecánico,2,2025-06-19 01:02:00,Sevilla,120,6,240
5768,Teclado Mecánico,1,2025-03-12 12:37:00,Barcelona,120,3,120
5769,Teclado Mecánico,4,2025-06-25 20:40:00,Valencia,120,6,480
5770,AirPods Pro,1,2025-08-28 12:59:00,Bilbao,249,8,249
5771,iPhone 15,4,2025-07-04 03:25:00,Sevilla,999,7,3996
5772,Cargador USB-C,3,2025-10-03 00:59:00,Madrid,25,10,75
5773,MacBook Pro,3,2025-03-30 04:35:00,Valencia,1499,3,4497
5774,Monitor 4K,2,2025-12-10 03:12:00,Madrid,399,12,798
5775,iPhone 15,2,2025-12-12 20:02:00,Bilbao,999,12,1998
5777,Google Pixel 8,1,2025-07-09 08:00:00,Madrid,699,7,699
5778,iPhone 15,4,2025-11-01 09:48:00,Sevilla,999,11,3996
5779,Teclado Mecánico,1,2025-07-12 23:05:00,Bilbao,120,7,120
5780,Monitor 4K,3,2025-04-17 05:04:00,Sevilla,399,4,1197
5781,Teclado Mecánico,3,2025-08-22 07:20:00,Madrid,120,8,360
5782,MacBook Pro,1,2025-10-11 23:54:00,Barcelona,1499,10,1499
5783,Monitor 4K,1,2025-04-17 01:11:00,Bilbao,399,4,399
5784,Cargador USB-C,4,2025-07-21 02:52:00,Madrid,25,7,100
5785,AirPods Pro,4,2025-09-06 18:50:00,Sevilla,249,9,996
5786,MacBook Pro,3,2025-04-11 05:29:00,Barcelona,1499,4,4497
5789,Monitor 4K,4,2025-01-22 20:38:00,Madrid,399,1,1596
5790,iPhone 15,2,2025-04-28 17:24:00,Valencia,999,4,1998
5791,AirPods Pro,3,2025-05-10 06:15:00,Bilbao,249,5,747
5792,AirPods Pro,3,2025-02-15 00:40:00,Madrid,249,2,747
5793,Monitor 4K,2,2025-05-06 17:36:00,Sevilla,399,5,798
5794,Teclado Mecánico,3,2025-02-01 09:25:00,Barcelona,120,2,360
5795,AirPods Pro,4,2025-07-28 16:30:00,Madrid,249,7,996
5796,Cargador USB-C,2,2025-05-14 10:55:00,Sevilla,25,5,50
5797,AirPods Pro,4,2025-03-14 17:13:00,Sevilla,249,3,996
5798,Monitor 4K,3,2025-11-24 13:43:00,Bilbao,399,11,1197
5799,Teclado Mecánico,2,2025-01-28 22:34:00,Madrid,120,1,240
5800,Teclado Mecánico,4,2025-03-16 21:23:00,Sevilla,120,3,480
5801,Teclado Mecánico,3,2025-10-17 11:13:00,Madrid,120,10,360
5803,Google Pixel 8,4,2025-10-09 15:10:00,Barcelona,699,10,2796
5804,AirPods Pro,4,2025-09-29 03:18:00,Madrid,249,9,996
5805,Cargador USB-C,4,2025-02-18 01:56:00,Barcelona,25,2,100
5806,iPhone 15,3,2025-12-06 11:49:00,Madrid,999,12,2997
5807,MacBook Pro,2,2025-06-20 07:58:00,Bilbao,1499,6,2998
5808,Teclado Mecánico,1,2025-03-14 07:04:00,Valencia,120,3,120
5809,AirPods Pro,4,2025-03-30 09:42:00,Barcelona,249,3,996
5810,Monitor 4K,3,2025-10-25 19:21:00,Sevilla,399,10,1197
5811,iPhone 15,4,2025-01-29 20:49:00,Barcelona,999,1,3996
5812,Monitor 4K,1,2025-08-17 01:34:00,Bilbao,399,8,399
5813,MacBook Pro,1,2025-06-16 21:23:00,Sevilla,1499,6,1499
5814,Teclado Mecánico,4,2025-01-10 09:39:00,Madrid,120,1,480
5815,iPhone 15,2,2025-11-17 06:47:00,Barcelona,999,11,1998
5816,iPhone 15,1,2025-08-01 10:11:00,Madrid,999,8,999
5817,Cargador USB-C,4,2025-08-19 23:05:00,Barcelona,25,8,100
5818,Monitor 4K,2,2025-03-19 17:17:00,Valencia,399,3,798
5820,Teclado Mecánico,4,2025-06-23 22:49:00,Sevilla,120,6,480
5821,Monitor 4K,3,2025-01-22 10:11:00,Madrid,399,1,1197
5822,Cargador USB-C,4,2025-07-18 03:50:00,Sevilla,25,7,100
5823,Cargador USB-C,3,2025-08-21 06:36:00,Sevilla,25,8,75
5824,Monitor 4K,3,2025-03-07 04:15:00,Bilbao,399,3,1197
5825,Monitor 4K,1,2025-10-25 21:27:00,Barcelona,399,10,399
5826,Monitor 4K,2,2025-07-23 05:58:00,Barcelona,399,7,798
5827,AirPods Pro,2,2025-10-30 17:48:00,Barcelona,249,10,498
5828,Teclado Mecánico,1,2025-03-21 09:08:00,Bilbao,120,3,120
5829,Teclado Mecánico,1,2025-11-20 01:36:00,Bilbao,120,11,120
5830,AirPods Pro,4,2025-01-28 03:14:00,Madrid,249,1,996
5831,Google Pixel 8,2,2025-08-28 21:59:00,Madrid,699,8,1398
5832,Monitor 4K,4,2025-10-22 02:33:00,Valencia,399,10,1596
5833,Cargador USB-C,2,2025-12-30 23:18:00,Bilbao,25,12,50
5834,Cargador USB-C,2,2025-11-23 01:35:00,Barcelona,25,11,50
5835,AirPods Pro,1,2025-08-02 10:47:00,Madrid,249,8,249
5836,iPhone 15,3,2025-03-16 19:57:00,Madrid,999,3,2997
5837,Teclado Mecánico,3,2025-02-09 09:10:00,Madrid,120,2,360
5838,Monitor 4K,3,2025-03-08 05:58:00,Madrid,399,3,1197
5839,MacBook Pro,2,2025-03-17 23:47:00,Sevilla,1499,3,2998
5840,iPhone 15,3,2025-07-06 22:10:00,Barcelona,999,7,2997
5841,MacBook Pro,4,2025-09-14 17:02:00,Sevilla,1499,9,5996
5842,Monitor 4K,3,2025-08-13 14:54:00,Bilbao,399,8,1197
5843,Google Pixel 8,2,2025-12-09 18:03:00,Madrid,699,12,1398
5844,AirPods Pro,1,2025-10-11 21:41:00,Sevilla,249,10,249
5845,MacBook Pro,3,2025-05-04 09:37:00,Bilbao,1499,5,4497
5846,MacBook Pro,2,2025-01-22 10:17:00,Sevilla,1499,1,2998
5848,iPhone 15,3,2025-03-10 09:55:00,Valencia,999,3,2997
5849,iPhone 15,3,2025-01-19 04:56:00,Barcelona,999,1,2997
5850,Teclado Mecánico,3,2025-08-19 20:43:00,Bilbao,120,8,360
5851,Monitor 4K,1,2025-04-16 02:59:00,Sevilla,399,4,399
5852,iPhone 15,1,2025-01-19 22:33:00,Barcelona,999,1,999
5853,iPhone 15,1,2025-11-23 19:39:00,Sevilla,999,11,999
5854,Cargador USB-C,2,2025-12-07 18:30:00,Barcelona,25,12,50
5855,AirPods Pro,1,2025-01-17 09:56:00,Valencia,249,1,249
5856,Monitor 4K,4,2025-12-23 20:58:00,Valencia,399,12,1596
5857,iPhone 15,2,2025-06-24 12:44:00,Madrid,999,6,1998
5858,Monitor 4K,2,2025-05-16 06:17:00,Valencia,399,5,798
5859,Cargador USB-C,4,2025-05-15 00:01:00,Valencia,25,5,100
5860,iPhone 15,2,2025-02-27 12:55:00,Sevilla,999,2,1998
5861,MacBook Pro,2,2025-08-20 15:03:00,Sevilla,1499,8,2998
5862,MacBook Pro,3,2025-02-16 02:19:00,Sevilla,1499,2,4497
5863,MacBook Pro,2,2025-10-28 10:27:00,Bilbao,1499,10,2998
5864,iPhone 15,1,2025-09-06 03:35:00,Valencia,999,9,999
5865,Teclado Mecánico,2,2025-10-18 04:10:00,Madrid,120,10,240
5866,iPhone 15,4,2025-09-25 03:41:00,Madrid,999,9,3996
5867,AirPods Pro,3,2025-08-20 16:57:00,Madrid,249,8,747
5868,MacBook Pro,1,2025-12-22 07:53:00,Bilbao,1499,12,1499
5869,Google Pixel 8,4,2025-01-13 12:51:00,Sevilla,699,1,2796
5870,iPhone 15,2,2025-01-26 23:48:00,Madrid,999,1,1998
5871,Teclado Mecánico,3,2025-11-06 09:47:00,Sevilla,120,11,360
5872,Monitor 4K,2,2025-06-09 19:50:00,Madrid,399,6,798
5873,Cargador USB-C,4,2025-05-23 13:30:00,Bilbao,25,5,100
5874,Teclado Mecánico,2,2025-08-21 04:24:00,Valencia,120,8,240
5875,AirPods Pro,3,2025-07-27 00:28:00,Sevilla,249,7,747
5876,Cargador USB-C,4,2025-08-11 10:15:00,Madrid,25,8,100
5877,Teclado Mecánico,4,2025-07-06 17:01:00,Bilbao,120,7,480
5879,Cargador USB-C,4,2025-10-11 21:02:00,Barcelona,25,10,100
5880,MacBook Pro,2,2025-08-26 03:47:00,Barcelona,1499,8,2998
5881,AirPods Pro,4,2025-03-29 12:21:00,Barcelona,249,3,996
5882,AirPods Pro,4,2025-07-20 11:20:00,Valencia,249,7,996
5883,Google Pixel 8,2,2025-03-28 10:59:00,Valencia,699,3,1398
5884,Monitor 4K,4,2025-09-24 00:08:00,Valencia,399,9,1596
5885,AirPods Pro,1,2025-02-15 11:49:00,Valencia,249,2,249
5886,Google Pixel 8,4,2025-08-07 07:28:00,Madrid,699,8,2796
5887,Teclado Mecánico,3,2025-11-01 18:07:00,Madrid,120,11,360
5888,AirPods Pro,3,2025-05-03 12:35:00,Bilbao,249,5,747
5889,iPhone 15,2,2025-05-21 01:55:00,Sevilla,999,5,1998
5890,Teclado Mecánico,4,2025-04-04 12:51:00,Barcelona,120,4,480
5891,Cargador USB-C,3,2025-01-30 10:23:00,Valencia,25,1,75
5892,Cargador USB-C,2,2025-09-10 18:42:00,Madrid,25,9,50
5893,AirPods Pro,4,2025-04-28 07:35:00,Bilbao,249,4,996
5894,MacBook Pro,4,2025-10-20 15:13:00,Madrid,1499,10,5996
5895,Cargador USB-C,2,2025-10-19 11:41:00,Barcelona,25,10,50
5896,iPhone 15,4,2025-07-01 12:29:00,Bilbao,999,7,3996
5897,iPhone 15,1,2025-02-24 02:06:00,Barcelona,999,2,999
5898,AirPods Pro,2,2025-12-10 03:19:00,Bilbao,249,12,498
5900,Google Pixel 8,2,2025-09-18 14:43:00,Madrid,699,9,1398
5901,Google Pixel 8,1,2025-08-17 08:03:00,Bilbao,699,8,699
5902,MacBook Pro,2,2025-08-16 10:11:00,Valencia,1499,8,2998
5903,Cargador USB-C,1,2025-04-21 13:00:00,Madrid,25,4,25
5904,Cargador USB-C,4,2025-11-25 01:11:00,Madrid,25,11,100
5905,Google Pixel 8,2,2025-02-27 11:37:00,Madrid,699,2,1398
5906,Teclado Mecánico,1,2025-01-12 17:28:00,Barcelona,120,1,120
5910,Google Pixel 8,3,2025-02-03 17:45:00,Valencia,699,2,2097
5911,Monitor 4K,3,2025-01-19 16:25:00,Valencia,399,1,1197
5912,MacBook Pro,1,2025-03-29 07:49:00,Sevilla,1499,3,1499
5913,AirPods Pro,4,2025-08-12 06:00:00,Sevilla,249,8,996
5915,Teclado Mecánico,4,2025-04-06 00:14:00,Bilbao,120,4,480
5916,iPhone 15,2,2025-02-07 07:03:00,Madrid,999,2,1998
5917,MacBook Pro,3,2025-12-11 12:04:00,Sevilla,1499,12,4497
5918,AirPods Pro,3,2025-08-23 16:59:00,Barcelona,249,8,747
5919,Google Pixel 8,2,2025-05-15 03:18:00,Bilbao,699,5,1398
5920,Teclado Mecánico,4,2025-06-23 07:02:00,Bilbao,120,6,480
5921,Teclado Mecánico,4,2025-12-12 21:02:00,Valencia,120,12,480
5922,AirPods Pro,1,2025-08-31 05:12:00,Bilbao,249,8,249
5923,Teclado Mecánico,3,2025-04-18 20:32:00,Valencia,120,4,360
5924,MacBook Pro,2,2025-12-16 04:52:00,Bilbao,1499,12,2998
5925,Cargador USB-C,4,2025-01-03 21:34:00,Barcelona,25,1,100
5926,MacBook Pro,2,2025-06-24 08:26:00,Madrid,1499,6,2998
5927,Cargador USB-C,2,2025-03-09 13:55:00,Sevilla,25,3,50
5928,MacBook Pro,1,2025-07-02 08:52:00,Valencia,1499,7,1499
5929,AirPods Pro,3,2025-03-21 07:51:00,Barcelona,249,3,747
5930,Cargador USB-C,2,2025-02-24 15:17:00,Sevilla,25,2,50
5931,Google Pixel 8,3,2025-06-02 12:02:00,Valencia,699,6,2097
5932,Cargador USB-C,4,2025-12-08 03:06:00,Sevilla,25,12,100
5933,Google Pixel 8,4,2025-12-03 04:29:00,Sevilla,699,12,2796
5934,iPhone 15,2,2025-08-12 03:34:00,Madrid,999,8,1998
5935,Cargador USB-C,4,2025-06-25 21:42:00,Barcelona,25,6,100
5936,Monitor 4K,2,2025-08-25 20:00:00,Madrid,399,8,798
5937,Google Pixel 8,1,2025-08-07 08:43:00,Madrid,699,8,699
5938,AirPods Pro,4,2025-07-04 01:11:00,Madrid,249,7,996
5939,Cargador USB-C,4,2025-04-12 06:03:00,Madrid,25,4,100
5940,Monitor 4K,4,2025-02-22 13:29:00,Sevilla,399,2,1596
5942,Monitor 4K,3,2025-10-05 21:40:00,Madrid,399,10,1197
5943,MacBook Pro,4,2025-11-08 14:56:00,Valencia,1499,11,5996
5944,iPhone 15,4,2025-07-25 10:53:00,Valencia,999,7,3996
5945,Teclado Mecánico,4,2025-07-08 06:08:00,Sevilla,120,7,480
5946,AirPods Pro,4,2025-06-15 01:37:00,Bilbao,249,6,996
5947,Cargador USB-C,4,2025-02-20 13:03:00,Bilbao,25,2,100
5948,AirPods Pro,2,2025-08-18 10:22:00,Barcelona,249,8,498
5949,MacBook Pro,4,2025-12-05 09:39:00,Valencia,1499,12,5996
5950,AirPods Pro,4,2025-09-23 06:29:00,Sevilla,249,9,996
5951,Cargador USB-C,4,2025-11-30 08:18:00,Barcelona,25,11,100
5952,MacBook Pro,3,2025-11-18 03:43:00,Madrid,1499,11,4497
5954,Teclado Mecánico,3,2025-03-04 11:00:00,Bilbao,120,3,360
5955,AirPods Pro,1,2025-07-29 04:05:00,Valencia,249,7,249
5956,MacBook Pro,1,2025-11-10 14:37:00,Sevilla,1499,11,1499
5957,AirPods Pro,3,2025-12-24 04:39:00,Madrid,249,12,747
5958,Google Pixel 8,3,2025-09-05 09:34:00,Valencia,699,9,2097
5959,Google Pixel 8,1,2025-05-22 16:12:00,Madrid,699,5,699
5960,iPhone 15,1,2025-07-18 16:46:00,Madrid,999,7,999
5961,iPhone 15,3,2025-05-04 16:30:00,Valencia,999,5,2997
5962,AirPods Pro,2,2025-08-28 04:34:00,Sevilla,249,8,498
5963,MacBook Pro,1,2025-05-27 00:59:00,Bilbao,1499,5,1499
5964,iPhone 15,1,2025-12-04 09:46:00,Valencia,999,12,999
5965,Monitor 4K,1,2025-10-25 20:42:00,Bilbao,399,10,399
5967,iPhone 15,3,2025-12-25 22:46:00,Madrid,999,12,2997
5968,iPhone 15,2,2025-08-14 11:57:00,Sevilla,999,8,1998
5969,Cargador USB-C,3,2025-05-31 21:01:00,Valencia,25,5,75
5970,MacBook Pro,4,2025-03-01 16:28:00,Barcelona,1499,3,5996
5971,Cargador USB-C,3,2025-09-09 10:53:00,Sevilla,25,9,75
5972,AirPods Pro,3,2025-02-06 17:57:00,Bilbao,249,2,747
5973,Monitor 4K,1,2025-04-13 16:00:00,Bilbao,399,4,399
5974,Google Pixel 8,4,2025-08-20 06:02:00,Barcelona,699,8,2796
5975,Cargador USB-C,3,2025-02-26 20:48:00,Madrid,25,2,75
5976,iPhone 15,1,2025-12-31 16:21:00,Sevilla,999,12,999
5977,Cargador USB-C,4,2025-08-10 05:17:00,Valencia,25,8,100
5978,Google Pixel 8,3,2025-01-19 00:33:00,Sevilla,699,1,2097
5979,iPhone 15,2,2025-02-19 19:04:00,Barcelona,999,2,1998
5980,Monitor 4K,4,2025-05-05 16:48:00,Barcelona,399,5,1596
5981,Google Pixel 8,3,2025-08-06 21:18:00,Madrid,699,8,2097
5982,Teclado Mecánico,3,2025-01-14 18:01:00,Madrid,120,1,360
5984,AirPods Pro,1,2025-06-19 20:30:00,Valencia,249,6,249
5985,AirPods Pro,3,2025-01-13 18:17:00,Sevilla,249,1,747
5986,MacBook Pro,1,2025-12-24 12:57:00,Bilbao,1499,12,1499
5987,Teclado Mecánico,3,2025-04-28 15:57:00,Valencia,120,4,360
5988,AirPods Pro,1,2025-09-14 13:19:00,Madrid,249,9,249
5989,iPhone 15,1,2025-05-15 02:30:00,Valencia,999,5,999
5990,Teclado Mecánico,2,2025-03-10 04:17:00,Bilbao,120,3,240
5991,Monitor 4K,3,2025-10-20 11:28:00,Sevilla,399,10,1197
5992,MacBook Pro,2,2025-02-26 23:47:00,Barcelona,1499,2,2998
5993,AirPods Pro,3,2025-03-18 23:55:00,Valencia,249,3,747
5994,Google Pixel 8,4,2025-06-22 19:08:00,Barcelona,699,6,2796
5995,MacBook Pro,4,2025-01-24 03:29:00,Bilbao,1499,1,5996
5996,MacBook Pro,4,2025-04-12 02:38:00,Barcelona,1499,4,5996
5997,Cargador USB-C,3,2025-03-27 14:56:00,Barcelona,25,3,75
5998,MacBook Pro,2,2025-10-27 06:37:00,Barcelona,1499,10,2998
6000,Monitor 4K,1,2025-11-03 08:14:00,Valencia,399,11,399
6001,MacBook Pro,4,2025-11-17 06:57:00,Bilbao,1499,11,5996
6002,Teclado Mecánico,2,2025-04-03 07:59:00,Valencia,120,4,240
6003,iPhone 15,4,2025-02-02 21:22:00,Valencia,999,2,3996
6004,iPhone 15,1,2025-06-17 23:19:00,Barcelona,999,6,999
6005,MacBook Pro,3,2025-01-17 22:20:00,Madrid,1499,1,4497
6006,Monitor 4K,2,2025-05-24 16:55:00,Valencia,399,5,798
6007,Monitor 4K,1,2025-04-09 05:08:00,Sevilla,399,4,399
6008,Google Pixel 8,3,2025-12-31 13:22:00,Bilbao,699,12,2097
6009,Google Pixel 8,3,2025-11-03 16:21:00,Bilbao,699,11,2097
6010,Teclado Mecánico,4,2025-04-21 14:40:00,Valencia,120,4,480
6011,MacBook Pro,3,2025-11-28 02:02:00,Sevilla,1499,11,4497
6012,Monitor 4K,4,2025-07-10 19:21:00,Bilbao,399,7,1596
6013,Cargador USB-C,1,2025-09-28 09:41:00,Valencia,25,9,25
6014,MacBook Pro,2,2025-12-21 17:05:00,Barcelona,1499,12,2998
6015,Monitor 4K,1,2025-05-16 20:13:00,Valencia,399,5,399
6016,Monitor 4K,2,2025-10-19 09:39:00,Barcelona,399,10,798
6017,Teclado Mecánico,4,2025-10-05 15:04:00,Valencia,120,10,480
6018,Cargador USB-C,4,2025-02-16 17:15:00,Barcelona,25,2,100
6019,Cargador USB-C,4,2025-11-29 06:04:00,Barcelona,25,11,100
6020,Google Pixel 8,4,2025-01-16 11:21:00,Bilbao,699,1,2796
6021,iPhone 15,3,2025-03-17 21:26:00,Bilbao,999,3,2997
6022,AirPods Pro,3,2025-03-29 05:37:00,Sevilla,249,3,747
6023,Google Pixel 8,4,2025-12-28 08:57:00,Sevilla,699,12,2796
6024,MacBook Pro,1,2025-01-10 09:37:00,Madrid,1499,1,1499
6025,Teclado Mecánico,1,2025-01-27 04:01:00,Madrid,120,1,120
6026,Monitor 4K,1,2025-06-27 02:05:00,Valencia,399,6,399
6027,Google Pixel 8,3,2025-12-14 14:53:00,Bilbao,699,12,2097
6028,MacBook Pro,2,2025-03-25 02:51:00,Madrid,1499,3,2998
6029,AirPods Pro,4,2025-01-17 19:22:00,Bilbao,249,1,996
6030,AirPods Pro,1,2025-11-13 17:32:00,Barcelona,249,11,249
6031,iPhone 15,1,2025-10-11 18:23:00,Madrid,999,10,999
6032,MacBook Pro,4,2025-09-29 00:01:00,Valencia,1499,9,5996
6033,Google Pixel 8,3,2025-12-25 00:20:00,Barcelona,699,12,2097
6034,AirPods Pro,1,2025-01-28 01:40:00,Valencia,249,1,249
6035,Cargador USB-C,3,2025-08-11 17:41:00,Barcelona,25,8,75
6036,Google Pixel 8,1,2025-11-20 05:42:00,Valencia,699,11,699
6037,Google Pixel 8,4,2025-01-17 01:55:00,Bilbao,699,1,2796
6038,Monitor 4K,3,2025-11-20 02:09:00,Sevilla,399,11,1197
6039,Cargador USB-C,4,2025-01-01 15:11:00,Valencia,25,1,100
6040,Cargador USB-C,2,2025-09-21 04:45:00,Sevilla,25,9,50
6041,AirPods Pro,1,2025-12-03 07:38:00,Madrid,249,12,249
6042,Teclado Mecánico,2,2025-09-24 02:59:00,Sevilla,120,9,240
6043,Monitor 4K,1,2025-10-30 14:51:00,Sevilla,399,10,399
6044,Cargador USB-C,1,2025-09-25 01:08:00,Bilbao,25,9,25
6045,Monitor 4K,4,2025-07-12 16:02:00,Bilbao,399,7,1596
6046,iPhone 15,2,2025-12-30 00:14:00,Sevilla,999,12,1998
6047,Google Pixel 8,3,2025-10-28 03:11:00,Bilbao,699,10,2097
6048,Google Pixel 8,2,2025-07-01 18:26:00,Madrid,699,7,1398
6049,Monitor 4K,4,2025-04-21 06:53:00,Valencia,399,4,1596
6050,Cargador USB-C,4,2025-11-01 01:12:00,Sevilla,25,11,100
6051,MacBook Pro,4,2025-11-20 03:34:00,Bilbao,1499,11,5996
6052,iPhone 15,3,2025-12-23 20:05:00,Valencia,999,12,2997
6053,MacBook Pro,2,2025-09-17 19:43:00,Barcelona,1499,9,2998
6054,AirPods Pro,1,2025-10-05 08:20:00,Madrid,249,10,249
6055,Monitor 4K,2,2025-03-15 23:24:00,Valencia,399,3,798
6056,Google Pixel 8,1,2025-05-30 02:58:00,Valencia,699,5,699
6057,Monitor 4K,4,2025-09-15 22:26:00,Barcelona,399,9,1596
6058,AirPods Pro,3,2025-04-23 08:12:00,Valencia,249,4,747
6059,Teclado Mecánico,4,2025-04-03 07:57:00,Valencia,120,4,480
6060,MacBook Pro,2,2025-11-16 22:32:00,Sevilla,1499,11,2998
6061,Monitor 4K,3,2025-05-06 17:33:00,Valencia,399,5,1197
6062,Cargador USB-C,4,2025-05-29 13:23:00,Sevilla,25,5,100
6064,Teclado Mecánico,3,2025-09-04 11:43:00,Sevilla,120,9,360
6065,AirPods Pro,2,2025-09-11 13:05:00,Barcelona,249,9,498
6066,AirPods Pro,1,2025-07-30 12:13:00,Valencia,249,7,249
6067,MacBook Pro,3,2025-05-25 07:04:00,Madrid,1499,5,4497
6068,AirPods Pro,4,2025-08-11 11:41:00,Valencia,249,8,996
6069,Teclado Mecánico,3,2025-12-08 04:08:00,Sevilla,120,12,360
6070,AirPods Pro,2,2025-09-02 06:50:00,Barcelona,249,9,498
6071,Cargador USB-C,3,2025-09-27 19:19:00,Bilbao,25,9,75
6072,iPhone 15,4,2025-07-01 16:52:00,Barcelona,999,7,3996
6073,AirPods Pro,3,2025-12-21 01:39:00,Barcelona,249,12,747
6074,Monitor 4K,4,2025-01-26 05:05:00,Madrid,399,1,1596
6075,Cargador USB-C,3,2025-04-09 00:18:00,Bilbao,25,4,75
6076,Cargador USB-C,2,2025-01-29 13:55:00,Sevilla,25,1,50
6077,AirPods Pro,2,2025-02-23 22:37:00,Valencia,249,2,498
6078,MacBook Pro,3,2025-05-14 20:04:00,Valencia,1499,5,4497
6079,MacBook Pro,1,2025-07-15 01:11:00,Sevilla,1499,7,1499
6081,Cargador USB-C,2,2025-10-30 07:35:00,Madrid,25,10,50
6082,iPhone 15,2,2025-02-14 00:19:00,Bilbao,999,2,1998
6083,MacBook Pro,2,2025-03-16 18:09:00,Bilbao,1499,3,2998
6084,Cargador USB-C,2,2025-09-15 17:58:00,Valencia,25,9,50
6085,iPhone 15,2,2025-08-24 23:01:00,Valencia,999,8,1998
6086,Teclado Mecánico,4,2025-11-27 06:58:00,Sevilla,120,11,480
6087,AirPods Pro,1,2025-02-20 18:18:00,Bilbao,249,2,249
6088,MacBook Pro,2,2025-01-05 11:51:00,Valencia,1499,1,2998
6089,Google Pixel 8,3,2025-05-17 07:37:00,Valencia,699,5,2097
6090,Teclado Mecánico,1,2025-08-15 23:34:00,Madrid,120,8,120
6091,Monitor 4K,2,2025-10-05 00:14:00,Bilbao,399,10,798
6092,MacBook Pro,2,2025-12-14 06:28:00,Bilbao,1499,12,2998
6093,AirPods Pro,1,2025-10-31 22:16:00,Sevilla,249,10,249
6094,MacBook Pro,4,2025-06-04 19:02:00,Madrid,1499,6,5996
6095,MacBook Pro,2,2025-07-13 09:14:00,Madrid,1499,7,2998
6097,iPhone 15,2,2025-02-04 10:53:00,Valencia,999,2,1998
6098,Cargador USB-C,3,2025-06-10 04:35:00,Bilbao,25,6,75
6099,Teclado Mecánico,4,2025-04-21 10:48:00,Madrid,120,4,480
6100,iPhone 15,4,2025-05-10 05:19:00,Barcelona,999,5,3996
6101,Cargador USB-C,2,2025-11-04 06:51:00,Bilbao,25,11,50
6102,Cargador USB-C,1,2025-05-31 00:27:00,Barcelona,25,5,25
6103,Google Pixel 8,2,2025-12-20 00:52:00,Bilbao,699,12,1398
6104,AirPods Pro,2,2025-11-01 18:51:00,Bilbao,249,11,498
6105,AirPods Pro,2,2025-07-14 05:48:00,Barcelona,249,7,498
6106,iPhone 15,2,2025-06-08 01:13:00,Bilbao,999,6,1998
6107,MacBook Pro,2,2025-11-15 20:00:00,Madrid,1499,11,2998
6108,Google Pixel 8,4,2025-08-28 20:20:00,Valencia,699,8,2796
6109,Teclado Mecánico,4,2025-07-07 09:53:00,Valencia,120,7,480
6110,Cargador USB-C,3,2025-08-12 23:39:00,Barcelona,25,8,75
6111,Google Pixel 8,4,2025-08-22 05:13:00,Sevilla,699,8,2796
6112,MacBook Pro,2,2025-03-09 21:11:00,Sevilla,1499,3,2998
6113,iPhone 15,4,2025-05-25 02:03:00,Valencia,999,5,3996
6114,AirPods Pro,1,2025-08-31 18:46:00,Madrid,249,8,249
6115,Google Pixel 8,2,2025-08-31 10:42:00,Sevilla,699,8,1398
6116,Google Pixel 8,4,2025-07-23 16:27:00,Barcelona,699,7,2796
6117,AirPods Pro,4,2025-03-12 09:40:00,Bilbao,249,3,996
6118,Teclado Mecánico,2,2025-02-13 18:03:00,Barcelona,120,2,240
6119,Cargador USB-C,1,2025-08-31 10:54:00,Madrid,25,8,25
6120,MacBook Pro,3,2025-10-25 16:46:00,Madrid,1499,10,4497
6121,Cargador USB-C,3,2025-03-20 12:52:00,Bilbao,25,3,75
6122,Teclado Mecánico,3,2025-03-22 16:51:00,Valencia,120,3,360
6124,Teclado Mecánico,2,2025-03-27 07:33:00,Madrid,120,3,240
6125,iPhone 15,3,2025-11-24 15:28:00,Barcelona,999,11,2997
6126,Teclado Mecánico,1,2025-01-30 21:22:00,Valencia,120,1,120
6127,Google Pixel 8,4,2025-06-06 07:32:00,Valencia,699,6,2796
6128,MacBook Pro,4,2025-09-04 07:26:00,Madrid,1499,9,5996
6129,Teclado Mecánico,1,2025-08-21 06:16:00,Barcelona,120,8,120
6130,AirPods Pro,2,2025-01-29 15:58:00,Valencia,249,1,498
6131,AirPods Pro,1,2025-11-02 17:14:00,Valencia,249,11,249
6132,Cargador USB-C,4,2025-02-20 22:58:00,Bilbao,25,2,100
6133,Cargador USB-C,3,2025-06-12 09:03:00,Sevilla,25,6,75
6134,iPhone 15,1,2025-06-03 22:35:00,Bilbao,999,6,999
6135,iPhone 15,3,2025-12-09 17:14:00,Bilbao,999,12,2997
6136,Google Pixel 8,4,2025-12-06 05:10:00,Madrid,699,12,2796
6137,Monitor 4K,2,2025-07-31 04:11:00,Sevilla,399,7,798
6138,Teclado Mecánico,3,2025-03-21 21:27:00,Sevilla,120,3,360
6139,Teclado Mecánico,1,2025-12-03 16:56:00,Barcelona,120,12,120
6140,iPhone 15,3,2025-06-04 21:52:00,Barcelona,999,6,2997
6141,Teclado Mecánico,3,2025-08-24 01:30:00,Bilbao,120,8,360
6142,Cargador USB-C,4,2025-06-26 23:26:00,Madrid,25,6,100
6143,AirPods Pro,3,2025-09-25 00:13:00,Valencia,249,9,747
6144,Monitor 4K,2,2025-12-09 16:33:00,Sevilla,399,12,798
6145,Cargador USB-C,4,2025-05-29 21:39:00,Barcelona,25,5,100
6146,Teclado Mecánico,4,2025-11-02 05:37:00,Valencia,120,11,480
6147,AirPods Pro,1,2025-03-13 16:32:00,Madrid,249,3,249
6149,iPhone 15,2,2025-05-24 18:31:00,Valencia,999,5,1998
6150,AirPods Pro,2,2025-10-14 06:35:00,Madrid,249,10,498
6151,Google Pixel 8,2,2025-03-10 08:15:00,Valencia,699,3,1398
6153,MacBook Pro,4,2025-09-15 15:31:00,Barcelona,1499,9,5996
6154,Cargador USB-C,3,2025-09-28 03:23:00,Bilbao,25,9,75
6155,Cargador USB-C,4,2025-01-18 03:06:00,Valencia,25,1,100
6156,Cargador USB-C,1,2025-03-16 20:36:00,Madrid,25,3,25
6157,Monitor 4K,1,2025-07-07 12:21:00,Madrid,399,7,399
6158,Monitor 4K,3,2025-05-03 15:44:00,Valencia,399,5,1197
6159,MacBook Pro,4,2025-09-08 08:25:00,Barcelona,1499,9,5996
6160,MacBook Pro,3,2025-04-16 08:33:00,Madrid,1499,4,4497
6161,Teclado Mecánico,4,2025-07-22 04:23:00,Sevilla,120,7,480
6162,Monitor 4K,3,2025-11-16 06:24:00,Bilbao,399,11,1197
6163,Google Pixel 8,2,2025-04-05 01:12:00,Madrid,699,4,1398
6164,iPhone 15,1,2025-03-16 21:21:00,Valencia,999,3,999
6165,MacBook Pro,1,2025-06-21 17:04:00,Valencia,1499,6,1499
6166,iPhone 15,4,2025-11-16 05:53:00,Sevilla,999,11,3996
6167,Google Pixel 8,1,2025-02-23 21:08:00,Barcelona,699,2,699
6168,Cargador USB-C,2,2025-07-02 17:27:00,Valencia,25,7,50
6169,Teclado Mecánico,1,2025-11-27 20:22:00,Barcelona,120,11,120
6170,AirPods Pro,4,2025-04-12 11:43:00,Madrid,249,4,996
6171,AirPods Pro,3,2025-05-05 08:57:00,Sevilla,249,5,747
6173,MacBook Pro,3,2025-05-21 14:21:00,Madrid,1499,5,4497
6174,AirPods Pro,2,2025-09-06 02:44:00,Barcelona,249,9,498
6175,AirPods Pro,2,2025-08-25 09:17:00,Madrid,249,8,498
6176,Cargador USB-C,4,2025-11-16 23:26:00,Sevilla,25,11,100
6177,Cargador USB-C,2,2025-01-10 11:08:00,Madrid,25,1,50
6178,MacBook Pro,1,2025-03-17 02:42:00,Barcelona,1499,3,1499
6179,Google Pixel 8,2,2025-01-12 22:59:00,Barcelona,699,1,1398
6180,MacBook Pro,1,2025-05-04 04:55:00,Barcelona,1499,5,1499
6181,MacBook Pro,2,2025-08-13 09:41:00,Sevilla,1499,8,2998
6182,Monitor 4K,1,2025-06-20 17:53:00,Madrid,399,6,399
6184,Teclado Mecánico,2,2025-08-23 09:59:00,Madrid,120,8,240
6185,AirPods Pro,2,2025-07-27 20:30:00,Sevilla,249,7,498
6186,iPhone 15,2,2025-11-25 12:15:00,Barcelona,999,11,1998
6187,AirPods Pro,2,2025-06-12 02:37:00,Bilbao,249,6,498
6188,iPhone 15,4,2025-01-02 03:38:00,Sevilla,999,1,3996
6189,MacBook Pro,1,2025-02-21 04:54:00,Valencia,1499,2,1499
6190,AirPods Pro,1,2025-02-21 23:06:00,Bilbao,249,2,249
6191,Monitor 4K,3,2025-05-14 11:18:00,Bilbao,399,5,1197
6192,Google Pixel 8,3,2025-02-13 18:44:00,Valencia,699,2,2097
6193,AirPods Pro,4,2025-02-06 00:39:00,Valencia,249,2,996
6194,Google Pixel 8,3,2025-04-30 18:07:00,Madrid,699,4,2097
6195,MacBook Pro,1,2025-10-16 03:59:00,Bilbao,1499,10,1499
6196,Teclado Mecánico,1,2025-01-12 17:09:00,Sevilla,120,1,120
6197,Teclado Mecánico,3,2025-06-14 15:27:00,Sevilla,120,6,360
6198,AirPods Pro,2,2025-03-03 01:21:00,Valencia,249,3,498
6199,Monitor 4K,4,2025-06-11 02:13:00,Bilbao,399,6,1596
6200,Teclado Mecánico,3,2025-02-09 08:01:00,Sevilla,120,2,360
6202,MacBook Pro,3,2025-10-31 21:08:00,Bilbao,1499,10,4497
6203,Teclado Mecánico,1,2025-06-25 12:17:00,Madrid,120,6,120
6204,Monitor 4K,3,2025-06-28 06:20:00,Madrid,399,6,1197
6205,Teclado Mecánico,4,2025-10-04 01:41:00,Bilbao,120,10,480
6206,Cargador USB-C,2,2025-03-15 11:06:00,Sevilla,25,3,50
6207,Google Pixel 8,1,2025-09-15 22:02:00,Bilbao,699,9,699
6208,iPhone 15,2,2025-12-22 09:00:00,Barcelona,999,12,1998
6209,Google Pixel 8,4,2025-11-17 06:06:00,Sevilla,699,11,2796
6211,Monitor 4K,1,2025-08-14 13:04:00,Bilbao,399,8,399
6212,AirPods Pro,3,2025-06-21 22:15:00,Sevilla,249,6,747
6213,iPhone 15,4,2025-12-27 11:50:00,Bilbao,999,12,3996
6214,iPhone 15,2,2025-07-27 04:03:00,Bilbao,999,7,1998
6215,MacBook Pro,4,2025-05-17 13:59:00,Sevilla,1499,5,5996
6218,Google Pixel 8,2,2025-02-12 10:02:00,Madrid,699,2,1398
6219,AirPods Pro,1,2025-06-27 10:55:00,Bilbao,249,6,249
6220,Cargador USB-C,3,2025-06-14 10:41:00,Bilbao,25,6,75
6221,Teclado Mecánico,1,2025-06-19 16:11:00,Barcelona,120,6,120
6223,MacBook Pro,2,2025-09-04 04:50:00,Barcelona,1499,9,2998
6224,Monitor 4K,4,2025-03-04 02:18:00,Bilbao,399,3,1596
6225,iPhone 15,3,2025-10-27 03:40:00,Barcelona,999,10,2997
6226,Cargador USB-C,4,2025-12-09 12:27:00,Barcelona,25,12,100
6227,Monitor 4K,2,2025-12-03 21:31:00,Bilbao,399,12,798
6228,Cargador USB-C,3,2025-07-09 14:34:00,Madrid,25,7,75
6229,Monitor 4K,4,2025-05-12 12:09:00,Sevilla,399,5,1596
6230,iPhone 15,1,2025-07-04 04:55:00,Madrid,999,7,999
6231,Monitor 4K,1,2025-01-05 18:40:00,Sevilla,399,1,399
6232,Teclado Mecánico,3,2025-06-22 14:06:00,Valencia,120,6,360
6233,MacBook Pro,3,2025-04-28 09:28:00,Bilbao,1499,4,4497
6234,Monitor 4K,2,2025-02-02 01:11:00,Valencia,399,2,798
6235,iPhone 15,1,2025-01-13 01:06:00,Sevilla,999,1,999
6236,iPhone 15,3,2025-07-28 02:05:00,Madrid,999,7,2997
6237,Monitor 4K,4,2025-04-11 16:34:00,Madrid,399,4,1596
6238,Monitor 4K,1,2025-04-24 08:44:00,Valencia,399,4,399
6240,Teclado Mecánico,2,2025-02-20 01:48:00,Madrid,120,2,240
6241,Monitor 4K,2,2025-12-29 11:01:00,Sevilla,399,12,798
6242,AirPods Pro,1,2025-10-31 00:48:00,Sevilla,249,10,249
6244,Teclado Mecánico,4,2025-05-18 03:50:00,Valencia,120,5,480
6245,iPhone 15,4,2025-07-29 22:16:00,Madrid,999,7,3996
6246,Google Pixel 8,2,2025-03-23 22:52:00,Sevilla,699,3,1398
6247,Cargador USB-C,2,2025-05-03 17:14:00,Madrid,25,5,50
6248,MacBook Pro,3,2025-05-05 00:53:00,Barcelona,1499,5,4497
6249,AirPods Pro,4,2025-03-10 03:49:00,Madrid,249,3,996
6250,Monitor 4K,1,2025-12-20 02:48:00,Valencia,399,12,399
6251,Monitor 4K,3,2025-02-03 22:40:00,Sevilla,399,2,1197
6252,iPhone 15,1,2025-06-23 22:09:00,Barcelona,999,6,999
6254,Cargador USB-C,1,2025-06-20 23:52:00,Madrid,25,6,25
6255,iPhone 15,3,2025-05-11 08:16:00,Barcelona,999,5,2997
6256,Teclado Mecánico,1,2025-08-31 13:41:00,Madrid,120,8,120
6257,Google Pixel 8,2,2025-09-25 03:39:00,Valencia,699,9,1398
6258,Google Pixel 8,1,2025-09-28 08:35:00,Barcelona,699,9,699
6259,AirPods Pro,1,2025-05-20 05:17:00,Bilbao,249,5,249
6260,MacBook Pro,3,2025-10-03 21:52:00,Bilbao,1499,10,4497
6261,MacBook Pro,3,2025-04-17 18:17:00,Bilbao,1499,4,4497
6262,MacBook Pro,4,2025-09-27 16:57:00,Madrid,1499,9,5996
6263,AirPods Pro,4,2025-06-03 14:28:00,Madrid,249,6,996
6264,Cargador USB-C,1,2025-09-21 02:02:00,Madrid,25,9,25
6265,iPhone 15,3,2025-08-24 01:49:00,Bilbao,999,8,2997
6266,iPhone 15,4,2025-05-27 18:00:00,Bilbao,999,5,3996
6267,MacBook Pro,2,2025-03-19 11:32:00,Madrid,1499,3,2998
6268,Cargador USB-C,2,2025-05-01 12:19:00,Barcelona,25,5,50
6269,iPhone 15,4,2025-05-04 16:27:00,Valencia,999,5,3996
6270,Cargador USB-C,2,2025-06-24 22:34:00,Sevilla,25,6,50
6271,AirPods Pro,2,2025-03-24 01:07:00,Sevilla,249,3,498
6272,MacBook Pro,2,2025-04-06 22:52:00,Barcelona,1499,4,2998
6273,AirPods Pro,3,2025-04-12 17:40:00,Valencia,249,4,747
6274,Teclado Mecánico,2,2025-05-22 12:47:00,Barcelona,120,5,240
6275,Teclado Mecánico,1,2025-05-08 07:53:00,Madrid,120,5,120
6276,Cargador USB-C,4,2025-01-10 22:11:00,Valencia,25,1,100
6277,Monitor 4K,1,2025-01-24 19:36:00,Sevilla,399,1,399
6278,Cargador USB-C,3,2025-08-16 08:09:00,Sevilla,25,8,75
6279,Teclado Mecánico,1,2025-07-12 20:42:00,Barcelona,120,7,120
6280,AirPods Pro,3,2025-09-16 09:37:00,Valencia,249,9,747
6281,MacBook Pro,4,2025-04-05 12:30:00,Madrid,1499,4,5996
6282,Teclado Mecánico,4,2025-02-13 11:36:00,Valencia,120,2,480
6283,Teclado Mecánico,1,2025-01-16 17:13:00,Bilbao,120,1,120
6285,AirPods Pro,1,2025-06-06 10:30:00,Madrid,249,6,249
6286,iPhone 15,2,2025-11-14 13:59:00,Barcelona,999,11,1998
6287,MacBook Pro,4,2025-08-05 22:38:00,Valencia,1499,8,5996
6288,Google Pixel 8,4,2025-02-22 06:52:00,Barcelona,699,2,2796
6289,Monitor 4K,2,2025-03-07 10:14:00,Sevilla,399,3,798
6290,Cargador USB-C,1,2025-05-27 13:39:00,Bilbao,25,5,25
6291,Teclado Mecánico,1,2025-09-25 00:21:00,Madrid,120,9,120
6292,Google Pixel 8,2,2025-01-29 08:26:00,Barcelona,699,1,1398
6293,Teclado Mecánico,4,2025-04-02 15:04:00,Valencia,120,4,480
6294,MacBook Pro,2,2025-05-29 16:24:00,Sevilla,1499,5,2998
6295,Google Pixel 8,4,2025-07-17 22:42:00,Barcelona,699,7,2796
6297,MacBook Pro,3,2025-04-17 21:39:00,Barcelona,1499,4,4497
6298,AirPods Pro,3,2025-01-30 02:13:00,Barcelona,249,1,747
6299,Google Pixel 8,2,2025-04-10 22:02:00,Madrid,699,4,1398
6300,Google Pixel 8,3,2025-01-09 17:35:00,Valencia,699,1,2097
6301,iPhone 15,4,2025-12-24 17:57:00,Madrid,999,12,3996
6302,Google Pixel 8,1,2025-08-23 06:08:00,Madrid,699,8,699
6303,Google Pixel 8,4,2025-07-24 09:13:00,Valencia,699,7,2796
6304,Monitor 4K,4,2025-02-17 00:18:00,Bilbao,399,2,1596
6305,Cargador USB-C,1,2025-06-24 15:03:00,Madrid,25,6,25
6306,MacBook Pro,4,2025-09-27 18:34:00,Valencia,1499,9,5996
6307,iPhone 15,4,2025-04-09 16:03:00,Madrid,999,4,3996
6308,Google Pixel 8,3,2025-03-10 02:50:00,Valencia,699,3,2097
6310,Cargador USB-C,2,2025-06-13 00:03:00,Valencia,25,6,50
6311,MacBook Pro,1,2025-02-03 20:58:00,Madrid,1499,2,1499
6312,iPhone 15,1,2025-01-22 00:01:00,Bilbao,999,1,999
6313,MacBook Pro,4,2025-10-30 09:57:00,Madrid,1499,10,5996
6314,AirPods Pro,1,2025-09-11 04:26:00,Barcelona,249,9,249
6315,Cargador USB-C,4,2025-01-24 17:39:00,Barcelona,25,1,100
6316,Cargador USB-C,2,2025-11-15 19:09:00,Sevilla,25,11,50
6317,MacBook Pro,3,2025-12-17 22:09:00,Barcelona,1499,12,4497
6318,Teclado Mecánico,2,2025-09-16 10:52:00,Madrid,120,9,240
6319,AirPods Pro,1,2025-12-20 03:22:00,Barcelona,249,12,249
6320,Teclado Mecánico,2,2025-06-03 04:21:00,Barcelona,120,6,240
6321,Google Pixel 8,1,2025-07-24 16:53:00,Sevilla,699,7,699
6322,Cargador USB-C,2,2025-02-13 00:08:00,Bilbao,25,2,50
6323,AirPods Pro,1,2025-08-02 18:57:00,Valencia,249,8,249
6324,Teclado Mecánico,2,2025-02-09 02:54:00,Barcelona,120,2,240
6325,iPhone 15,1,2025-03-24 03:20:00,Madrid,999,3,999
6326,MacBook Pro,1,2025-11-26 03:04:00,Barcelona,1499,11,1499
6327,AirPods Pro,1,2025-08-15 12:26:00,Sevilla,249,8,249
6328,AirPods Pro,4,2025-03-24 18:58:00,Valencia,249,3,996
6329,Monitor 4K,4,2025-11-26 22:45:00,Valencia,399,11,1596
6330,MacBook Pro,3,2025-10-15 02:43:00,Madrid,1499,10,4497
6331,Teclado Mecánico,4,2025-12-05 19:38:00,Sevilla,120,12,480
6332,Google Pixel 8,1,2025-09-09 19:17:00,Sevilla,699,9,699
6333,Cargador USB-C,4,2025-07-24 18:19:00,Barcelona,25,7,100
6334,Google Pixel 8,2,2025-05-08 18:07:00,Sevilla,699,5,1398
6335,Monitor 4K,2,2025-10-12 06:24:00,Sevilla,399,10,798
6336,Cargador USB-C,2,2025-10-15 08:49:00,Valencia,25,10,50
6337,AirPods Pro,1,2025-12-09 18:25:00,Sevilla,249,12,249
6338,iPhone 15,4,2025-09-19 04:00:00,Madrid,999,9,3996
6339,MacBook Pro,4,2025-07-15 12:58:00,Bilbao,1499,7,5996
6340,Monitor 4K,4,2025-05-15 01:04:00,Valencia,399,5,1596
6341,iPhone 15,2,2025-11-15 23:27:00,Barcelona,999,11,1998
6342,AirPods Pro,3,2025-02-19 09:46:00,Madrid,249,2,747
6343,Google Pixel 8,3,2025-09-09 23:25:00,Valencia,699,9,2097
6344,Monitor 4K,2,2025-08-07 18:42:00,Valencia,399,8,798
6345,AirPods Pro,3,2025-02-21 04:54:00,Bilbao,249,2,747
6346,Google Pixel 8,2,2025-06-04 21:37:00,Sevilla,699,6,1398
6347,MacBook Pro,2,2025-07-08 07:39:00,Valencia,1499,7,2998
6348,AirPods Pro,1,2025-08-14 06:02:00,Barcelona,249,8,249
6349,AirPods Pro,3,2025-01-19 12:25:00,Sevilla,249,1,747
6350,MacBook Pro,1,2025-05-22 07:59:00,Valencia,1499,5,1499
6351,Monitor 4K,4,2025-02-22 04:38:00,Barcelona,399,2,1596
6352,AirPods Pro,4,2025-11-01 07:02:00,Valencia,249,11,996
6353,iPhone 15,3,2025-01-21 14:46:00,Sevilla,999,1,2997
6354,Teclado Mecánico,4,2025-06-05 13:06:00,Bilbao,120,6,480
6355,Teclado Mecánico,4,2025-10-21 17:28:00,Valencia,120,10,480
6356,MacBook Pro,4,2025-11-24 13:55:00,Barcelona,1499,11,5996
6357,Monitor 4K,2,2025-08-12 19:10:00,Sevilla,399,8,798
6358,iPhone 15,3,2025-10-29 04:14:00,Madrid,999,10,2997
6359,iPhone 15,3,2025-08-11 08:20:00,Bilbao,999,8,2997
6360,Teclado Mecánico,4,2025-09-11 11:53:00,Valencia,120,9,480
6361,Teclado Mecánico,3,2025-12-27 23:50:00,Barcelona,120,12,360
6363,Google Pixel 8,4,2025-11-06 06:21:00,Valencia,699,11,2796
6364,Cargador USB-C,4,2025-03-03 14:41:00,Valencia,25,3,100
6365,AirPods Pro,4,2025-08-03 21:55:00,Barcelona,249,8,996
6366,AirPods Pro,1,2025-05-07 06:24:00,Sevilla,249,5,249
6367,Monitor 4K,1,2025-04-21 15:54:00,Barcelona,399,4,399
6368,Monitor 4K,2,2025-05-06 14:34:00,Bilbao,399,5,798
6369,Cargador USB-C,2,2025-11-12 23:37:00,Sevilla,25,11,50
6370,MacBook Pro,2,2025-07-10 00:33:00,Madrid,1499,7,2998
6371,iPhone 15,1,2025-05-04 20:31:00,Madrid,999,5,999
6372,Teclado Mecánico,3,2025-12-19 10:18:00,Sevilla,120,12,360
6373,Cargador USB-C,2,2025-12-13 21:33:00,Sevilla,25,12,50
6374,Teclado Mecánico,2,2025-12-22 03:54:00,Sevilla,120,12,240
6375,Google Pixel 8,2,2025-08-23 09:53:00,Sevilla,699,8,1398
6376,Cargador USB-C,2,2025-02-25 11:39:00,Valencia,25,2,50
6377,Teclado Mecánico,1,2025-11-08 07:40:00,Barcelona,120,11,120
6378,Monitor 4K,1,2025-03-15 17:10:00,Valencia,399,3,399
6379,Monitor 4K,4,2025-08-15 01:49:00,Sevilla,399,8,1596
6380,Cargador USB-C,1,2025-02-09 02:23:00,Bilbao,25,2,25
6381,Monitor 4K,1,2025-08-28 23:09:00,Sevilla,399,8,399
6382,Google Pixel 8,1,2025-01-29 23:10:00,Valencia,699,1,699
6383,AirPods Pro,3,2025-08-25 05:59:00,Sevilla,249,8,747
6384,Teclado Mecánico,4,2025-08-29 07:23:00,Valencia,120,8,480
6385,iPhone 15,2,2025-10-30 14:07:00,Bilbao,999,10,1998
6386,MacBook Pro,4,2025-10-04 20:56:00,Barcelona,1499,10,5996
6387,iPhone 15,3,2025-04-07 13:11:00,Bilbao,999,4,2997
6388,Google Pixel 8,2,2025-03-09 14:28:00,Barcelona,699,3,1398
6389,Teclado Mecánico,1,2025-02-10 18:21:00,Bilbao,120,2,120
6390,AirPods Pro,3,2025-02-24 04:17:00,Bilbao,249,2,747
6391,Teclado Mecánico,1,2025-02-11 00:23:00,Sevilla,120,2,120
6392,iPhone 15,2,2025-04-23 18:14:00,Sevilla,999,4,1998
6393,Teclado Mecánico,4,2025-06-16 02:00:00,Valencia,120,6,480
6394,Cargador USB-C,3,2025-10-07 00:25:00,Valencia,25,10,75
6395,Teclado Mecánico,4,2025-04-09 14:01:00,Madrid,120,4,480
6396,Cargador USB-C,2,2025-11-25 12:06:00,Sevilla,25,11,50
6397,Teclado Mecánico,1,2025-10-27 14:55:00,Barcelona,120,10,120
6398,Cargador USB-C,1,2025-09-06 21:26:00,Sevilla,25,9,25
6399,Cargador USB-C,2,2025-10-06 20:54:00,Madrid,25,10,50
6400,Cargador USB-C,2,2025-06-11 14:20:00,Sevilla,25,6,50
6401,Monitor 4K,3,2025-11-05 22:03:00,Valencia,399,11,1197
6402,Teclado Mecánico,3,2025-02-14 01:40:00,Bilbao,120,2,360
6403,Monitor 4K,1,2025-02-03 22:01:00,Bilbao,399,2,399
6404,AirPods Pro,3,2025-08-13 12:59:00,Barcelona,249,8,747
6405,Teclado Mecánico,4,2025-09-11 12:40:00,Madrid,120,9,480
6406,Monitor 4K,2,2025-04-10 08:25:00,Valencia,399,4,798
6407,Monitor 4K,1,2025-03-04 18:05:00,Sevilla,399,3,399
6408,iPhone 15,3,2025-11-11 13:57:00,Sevilla,999,11,2997
6409,Google Pixel 8,1,2025-03-24 01:33:00,Barcelona,699,3,699
6410,Monitor 4K,1,2025-02-04 10:21:00,Barcelona,399,2,399
6411,Teclado Mecánico,2,2025-02-06 17:14:00,Bilbao,120,2,240
6412,MacBook Pro,2,2025-10-28 16:28:00,Valencia,1499,10,2998
6413,Cargador USB-C,1,2025-08-29 19:56:00,Valencia,25,8,25
6414,iPhone 15,3,2025-02-23 16:40:00,Madrid,999,2,2997
6415,Cargador USB-C,3,2025-03-03 10:15:00,Madrid,25,3,75
6417,Cargador USB-C,4,2025-09-26 09:17:00,Valencia,25,9,100
6418,Teclado Mecánico,1,2025-09-11 10:55:00,Bilbao,120,9,120
6419,MacBook Pro,3,2025-12-12 08:22:00,Valencia,1499,12,4497
6420,iPhone 15,2,2025-10-07 20:43:00,Barcelona,999,10,1998
6421,Cargador USB-C,4,2025-01-15 03:20:00,Barcelona,25,1,100
6422,AirPods Pro,2,2025-06-12 16:00:00,Barcelona,249,6,498
6423,Google Pixel 8,2,2025-03-20 01:43:00,Barcelona,699,3,1398
6424,MacBook Pro,1,2025-07-04 18:34:00,Barcelona,1499,7,1499
6425,MacBook Pro,2,2025-05-26 19:19:00,Bilbao,1499,5,2998
6426,Teclado Mecánico,1,2025-01-29 05:14:00,Madrid,120,1,120
6427,Monitor 4K,2,2025-09-19 13:58:00,Barcelona,399,9,798
6428,Monitor 4K,4,2025-06-29 17:10:00,Madrid,399,6,1596
6430,Cargador USB-C,2,2025-11-02 12:51:00,Bilbao,25,11,50
6431,Teclado Mecánico,2,2025-04-29 20:29:00,Sevilla,120,4,240
6432,Teclado Mecánico,4,2025-09-21 06:57:00,Sevilla,120,9,480
6433,iPhone 15,3,2025-12-09 22:26:00,Barcelona,999,12,2997
6434,iPhone 15,1,2025-02-04 12:05:00,Sevilla,999,2,999
6435,Monitor 4K,3,2025-08-03 09:32:00,Valencia,399,8,1197
6436,Google Pixel 8,1,2025-12-03 18:52:00,Barcelona,699,12,699
6437,Monitor 4K,4,2025-02-28 00:40:00,Valencia,399,2,1596
6438,Cargador USB-C,1,2025-03-19 04:10:00,Madrid,25,3,25
6439,Cargador USB-C,1,2025-07-02 03:03:00,Barcelona,25,7,25
6440,iPhone 15,4,2025-08-03 21:11:00,Madrid,999,8,3996
6441,Cargador USB-C,1,2025-05-17 09:01:00,Valencia,25,5,25
6442,Monitor 4K,2,2025-03-04 05:22:00,Bilbao,399,3,798
6443,Cargador USB-C,4,2025-05-27 10:20:00,Valencia,25,5,100
6444,Monitor 4K,2,2025-10-17 01:58:00,Madrid,399,10,798
6445,Cargador USB-C,1,2025-09-13 18:27:00,Valencia,25,9,25
6446,Teclado Mecánico,2,2025-05-12 14:53:00,Madrid,120,5,240
6447,Teclado Mecánico,3,2025-05-05 04:21:00,Valencia,120,5,360
6448,Monitor 4K,1,2025-06-28 08:53:00,Barcelona,399,6,399
6449,Monitor 4K,4,2025-05-01 02:06:00,Barcelona,399,5,1596
6450,AirPods Pro,4,2025-11-19 12:15:00,Valencia,249,11,996
6451,MacBook Pro,4,2025-01-27 17:08:00,Sevilla,1499,1,5996
6452,Cargador USB-C,1,2025-08-31 03:12:00,Bilbao,25,8,25
6453,Teclado Mecánico,1,2025-05-05 16:40:00,Barcelona,120,5,120
6454,AirPods Pro,1,2025-08-05 18:31:00,Barcelona,249,8,249
6456,Monitor 4K,1,2025-12-13 13:26:00,Barcelona,399,12,399
6457,Cargador USB-C,2,2025-09-21 15:49:00,Valencia,25,9,50
6458,Google Pixel 8,4,2025-07-29 20:25:00,Bilbao,699,7,2796
6459,Cargador USB-C,1,2025-07-22 08:37:00,Madrid,25,7,25
6460,Teclado Mecánico,1,2025-06-17 04:29:00,Madrid,120,6,120
6461,MacBook Pro,1,2025-08-21 14:44:00,Sevilla,1499,8,1499
6462,AirPods Pro,4,2025-02-25 02:24:00,Barcelona,249,2,996
6463,Cargador USB-C,2,2025-05-10 22:40:00,Valencia,25,5,50
6464,iPhone 15,4,2025-12-10 10:04:00,Barcelona,999,12,3996
6466,Monitor 4K,4,2025-03-14 02:19:00,Sevilla,399,3,1596
6467,iPhone 15,4,2025-08-28 17:53:00,Sevilla,999,8,3996
6468,Google Pixel 8,2,2025-08-16 18:21:00,Madrid,699,8,1398
6469,Google Pixel 8,2,2025-02-03 01:17:00,Sevilla,699,2,1398
6470,iPhone 15,1,2025-11-14 10:24:00,Sevilla,999,11,999
6471,Cargador USB-C,2,2025-07-01 02:11:00,Madrid,25,7,50
6472,iPhone 15,3,2025-03-17 00:04:00,Barcelona,999,3,2997
6473,Monitor 4K,1,2025-10-29 09:05:00,Barcelona,399,10,399
6474,AirPods Pro,4,2025-05-16 10:08:00,Sevilla,249,5,996
6475,Teclado Mecánico,1,2025-06-28 05:15:00,Sevilla,120,6,120
6476,iPhone 15,3,2025-11-30 03:24:00,Sevilla,999,11,2997
6477,Cargador USB-C,4,2025-11-02 01:20:00,Barcelona,25,11,100
6478,Monitor 4K,1,2025-12-12 21:08:00,Valencia,399,12,399
6479,AirPods Pro,1,2025-01-03 17:30:00,Barcelona,249,1,249
6480,Monitor 4K,4,2025-07-27 21:18:00,Sevilla,399,7,1596
6481,iPhone 15,2,2025-07-18 20:01:00,Madrid,999,7,1998
6482,MacBook Pro,2,2025-11-18 08:34:00,Valencia,1499,11,2998
6483,AirPods Pro,3,2025-02-17 02:29:00,Sevilla,249,2,747
6484,Cargador USB-C,4,2025-08-13 15:34:00,Bilbao,25,8,100
6485,Google Pixel 8,4,2025-03-27 05:43:00,Sevilla,699,3,2796
6486,Cargador USB-C,2,2025-11-11 14:46:00,Valencia,25,11,50
6487,AirPods Pro,2,2025-10-13 13:26:00,Valencia,249,10,498
6488,Google Pixel 8,4,2025-12-08 09:38:00,Sevilla,699,12,2796
6489,MacBook Pro,1,2025-09-29 12:34:00,Valencia,1499,9,1499
6490,Google Pixel 8,2,2025-11-23 14:15:00,Barcelona,699,11,1398
6491,Teclado Mecánico,1,2025-02-20 21:00:00,Madrid,120,2,120
6492,Google Pixel 8,4,2025-12-28 16:06:00,Valencia,699,12,2796
6493,Google Pixel 8,4,2025-03-01 02:30:00,Barcelona,699,3,2796
6494,Monitor 4K,1,2025-05-30 02:45:00,Barcelona,399,5,399
6495,AirPods Pro,1,2025-06-05 13:48:00,Barcelona,249,6,249
6496,iPhone 15,3,2025-05-05 11:03:00,Barcelona,999,5,2997
6497,Cargador USB-C,4,2025-03-15 17:40:00,Sevilla,25,3,100
6498,Cargador USB-C,1,2025-06-21 17:05:00,Bilbao,25,6,25
6499,MacBook Pro,1,2025-01-05 21:36:00,Sevilla,1499,1,1499
6500,Cargador USB-C,2,2025-01-08 20:15:00,Madrid,25,1,50
6501,Teclado Mecánico,1,2025-07-15 11:46:00,Barcelona,120,7,120
6502,Teclado Mecánico,4,2025-05-19 09:13:00,Barcelona,120,5,480
6503,Google Pixel 8,4,2025-08-20 17:30:00,Bilbao,699,8,2796
6504,MacBook Pro,1,2025-03-31 11:42:00,Madrid,1499,3,1499
6505,Teclado Mecánico,4,2025-12-21 23:06:00,Madrid,120,12,480
6506,MacBook Pro,4,2025-05-19 03:52:00,Bilbao,1499,5,5996
6507,Monitor 4K,3,2025-12-26 16:34:00,Valencia,399,12,1197
6508,iPhone 15,2,2025-11-11 07:40:00,Barcelona,999,11,1998
6509,Teclado Mecánico,4,2025-02-24 05:35:00,Barcelona,120,2,480
6510,AirPods Pro,3,2025-08-14 03:25:00,Sevilla,249,8,747
6511,iPhone 15,2,2025-06-30 00:01:00,Valencia,999,6,1998
6512,AirPods Pro,1,2025-06-27 09:54:00,Sevilla,249,6,249
6513,Cargador USB-C,3,2025-07-07 05:32:00,Barcelona,25,7,75
6514,AirPods Pro,2,2025-01-30 12:58:00,Barcelona,249,1,498
6516,iPhone 15,3,2025-05-17 21:28:00,Bilbao,999,5,2997
6517,Teclado Mecánico,4,2025-05-19 17:17:00,Barcelona,120,5,480
6518,Teclado Mecánico,4,2025-03-15 00:48:00,Valencia,120,3,480
6519,Teclado Mecánico,3,2025-01-31 17:32:00,Valencia,120,1,360
6520,Teclado Mecánico,2,2025-09-13 02:46:00,Madrid,120,9,240
6521,MacBook Pro,2,2025-11-14 13:52:00,Sevilla,1499,11,2998
6522,iPhone 15,4,2025-12-16 03:38:00,Valencia,999,12,3996
6523,AirPods Pro,2,2025-02-23 03:12:00,Madrid,249,2,498
6524,iPhone 15,3,2025-09-29 01:34:00,Bilbao,999,9,2997
6525,AirPods Pro,2,2025-02-16 02:33:00,Sevilla,249,2,498
6526,Cargador USB-C,1,2025-04-19 14:56:00,Bilbao,25,4,25
6527,Monitor 4K,1,2025-11-09 14:29:00,Valencia,399,11,399
6528,Cargador USB-C,3,2025-12-13 17:51:00,Valencia,25,12,75
6529,Monitor 4K,4,2025-10-23 21:24:00,Valencia,399,10,1596
6530,Cargador USB-C,1,2025-01-24 16:56:00,Valencia,25,1,25
6531,Monitor 4K,1,2025-02-28 10:50:00,Barcelona,399,2,399
6532,Cargador USB-C,4,2025-03-13 17:23:00,Valencia,25,3,100
6534,Teclado Mecánico,3,2025-09-07 14:28:00,Valencia,120,9,360
6535,Google Pixel 8,2,2025-01-14 03:16:00,Barcelona,699,1,1398
6536,Google Pixel 8,1,2025-03-12 21:59:00,Valencia,699,3,699
6537,MacBook Pro,1,2025-10-31 08:48:00,Sevilla,1499,10,1499
6538,Google Pixel 8,1,2025-10-30 02:41:00,Barcelona,699,10,699
6539,AirPods Pro,3,2025-09-23 01:14:00,Sevilla,249,9,747
6540,AirPods Pro,4,2025-10-20 03:41:00,Bilbao,249,10,996
6541,iPhone 15,2,2025-07-20 02:56:00,Madrid,999,7,1998
6542,MacBook Pro,3,2025-10-09 05:37:00,Sevilla,1499,10,4497
6543,MacBook Pro,2,2025-02-16 12:19:00,Valencia,1499,2,2998
6544,Monitor 4K,4,2025-03-30 14:03:00,Madrid,399,3,1596
6545,MacBook Pro,1,2025-11-06 01:55:00,Barcelona,1499,11,1499
6546,Google Pixel 8,4,2025-06-03 06:50:00,Valencia,699,6,2796
6547,AirPods Pro,3,2025-09-08 03:43:00,Barcelona,249,9,747
6548,Cargador USB-C,3,2025-03-11 01:55:00,Valencia,25,3,75
6549,Google Pixel 8,2,2025-07-14 11:44:00,Madrid,699,7,1398
6550,Teclado Mecánico,3,2025-06-26 17:27:00,Madrid,120,6,360
6551,MacBook Pro,1,2025-05-07 07:33:00,Madrid,1499,5,1499
6552,Teclado Mecánico,3,2025-08-23 15:50:00,Madrid,120,8,360
6553,Teclado Mecánico,4,2025-03-29 06:29:00,Sevilla,120,3,480
6554,Teclado Mecánico,3,2025-08-22 23:27:00,Bilbao,120,8,360
6555,Teclado Mecánico,1,2025-09-13 05:45:00,Valencia,120,9,120
6556,iPhone 15,1,2025-06-02 06:37:00,Barcelona,999,6,999
6557,AirPods Pro,2,2025-11-01 01:30:00,Madrid,249,11,498
6558,Monitor 4K,1,2025-05-09 09:05:00,Valencia,399,5,399
6559,Teclado Mecánico,2,2025-03-19 19:37:00,Sevilla,120,3,240
6560,iPhone 15,3,2025-11-07 23:22:00,Valencia,999,11,2997
6561,Teclado Mecánico,1,2025-08-21 13:28:00,Valencia,120,8,120
6562,iPhone 15,4,2025-01-25 16:57:00,Madrid,999,1,3996
6563,AirPods Pro,3,2025-05-01 23:05:00,Valencia,249,5,747
6564,Teclado Mecánico,2,2025-08-06 22:50:00,Sevilla,120,8,240
6565,iPhone 15,3,2025-04-20 04:58:00,Valencia,999,4,2997
6567,Monitor 4K,4,2025-05-25 10:37:00,Madrid,399,5,1596
6568,iPhone 15,4,2025-07-13 01:11:00,Barcelona,999,7,3996
6569,Teclado Mecánico,3,2025-10-04 03:02:00,Bilbao,120,10,360
6570,Teclado Mecánico,1,2025-01-23 17:01:00,Sevilla,120,1,120
6572,iPhone 15,3,2025-03-21 09:48:00,Madrid,999,3,2997
6573,AirPods Pro,2,2025-02-08 01:39:00,Valencia,249,2,498
6574,MacBook Pro,3,2025-11-20 23:42:00,Barcelona,1499,11,4497
6575,Google Pixel 8,4,2025-12-25 04:46:00,Valencia,699,12,2796
6576,iPhone 15,4,2025-02-06 04:40:00,Valencia,999,2,3996
6577,Monitor 4K,2,2025-07-14 12:48:00,Valencia,399,7,798
6578,AirPods Pro,2,2025-12-04 20:30:00,Barcelona,249,12,498
6579,Google Pixel 8,1,2025-06-21 16:42:00,Valencia,699,6,699
6580,Google Pixel 8,3,2025-03-28 04:25:00,Bilbao,699,3,2097
6581,MacBook Pro,4,2025-05-05 07:03:00,Barcelona,1499,5,5996
6582,iPhone 15,1,2025-02-25 18:17:00,Valencia,999,2,999
6583,iPhone 15,4,2025-05-11 10:31:00,Valencia,999,5,3996
6584,iPhone 15,2,2025-07-26 21:26:00,Valencia,999,7,1998
6586,AirPods Pro,3,2025-12-19 18:39:00,Bilbao,249,12,747
6587,Teclado Mecánico,3,2025-01-24 03:21:00,Barcelona,120,1,360
6588,iPhone 15,4,2025-04-20 18:39:00,Sevilla,999,4,3996
6589,Google Pixel 8,4,2025-01-02 06:45:00,Valencia,699,1,2796
6590,MacBook Pro,4,2025-05-03 00:04:00,Barcelona,1499,5,5996
6592,iPhone 15,4,2025-06-22 15:53:00,Barcelona,999,6,3996
6593,Teclado Mecánico,3,2025-02-14 03:48:00,Valencia,120,2,360
6594,Google Pixel 8,4,2025-12-12 01:50:00,Sevilla,699,12,2796
6595,AirPods Pro,3,2025-06-16 00:26:00,Bilbao,249,6,747
6596,iPhone 15,2,2025-12-19 13:24:00,Bilbao,999,12,1998
6597,Teclado Mecánico,4,2025-11-27 01:09:00,Barcelona,120,11,480
6599,Teclado Mecánico,4,2025-07-01 10:13:00,Barcelona,120,7,480
6600,MacBook Pro,2,2025-11-03 09:57:00,Sevilla,1499,11,2998
6602,AirPods Pro,2,2025-06-17 19:36:00,Madrid,249,6,498
6603,MacBook Pro,4,2025-02-13 14:12:00,Madrid,1499,2,5996
6604,Teclado Mecánico,4,2025-12-31 03:47:00,Madrid,120,12,480
6605,Monitor 4K,3,2025-08-15 21:42:00,Sevilla,399,8,1197
6606,Teclado Mecánico,2,2025-02-16 18:23:00,Madrid,120,2,240
6607,AirPods Pro,2,2025-12-16 06:14:00,Valencia,249,12,498
6609,Google Pixel 8,3,2025-08-03 06:00:00,Barcelona,699,8,2097
6611,iPhone 15,2,2025-08-31 09:22:00,Sevilla,999,8,1998
6612,MacBook Pro,3,2025-07-17 23:44:00,Valencia,1499,7,4497
6613,Cargador USB-C,2,2025-02-26 04:09:00,Madrid,25,2,50
6615,Teclado Mecánico,1,2025-10-27 00:08:00,Valencia,120,10,120
6616,iPhone 15,4,2025-08-08 01:53:00,Sevilla,999,8,3996
6617,Cargador USB-C,3,2025-10-14 21:16:00,Madrid,25,10,75
6618,Teclado Mecánico,2,2025-09-06 07:53:00,Barcelona,120,9,240
6619,Google Pixel 8,1,2025-07-21 15:45:00,Bilbao,699,7,699
6620,Teclado Mecánico,4,2025-07-08 15:20:00,Sevilla,120,7,480
6621,iPhone 15,1,2025-08-08 21:57:00,Sevilla,999,8,999
6622,Google Pixel 8,3,2025-03-30 05:29:00,Madrid,699,3,2097
6623,iPhone 15,2,2025-10-24 21:03:00,Bilbao,999,10,1998
6624,Google Pixel 8,3,2025-04-21 08:34:00,Madrid,699,4,2097
6625,AirPods Pro,2,2025-05-09 16:36:00,Sevilla,249,5,498
6626,iPhone 15,3,2025-05-27 21:21:00,Sevilla,999,5,2997
6627,iPhone 15,3,2025-09-22 10:24:00,Sevilla,999,9,2997
6628,Teclado Mecánico,4,2025-03-17 12:48:00,Bilbao,120,3,480
6629,Monitor 4K,1,2025-12-08 17:32:00,Valencia,399,12,399
6630,AirPods Pro,4,2025-10-24 14:05:00,Valencia,249,10,996
6631,Cargador USB-C,2,2025-04-11 07:14:00,Madrid,25,4,50
6633,Cargador USB-C,3,2025-02-13 20:44:00,Bilbao,25,2,75
6634,Monitor 4K,1,2025-02-09 06:14:00,Bilbao,399,2,399
6635,AirPods Pro,1,2025-08-10 17:30:00,Madrid,249,8,249
6636,Cargador USB-C,2,2025-10-10 05:48:00,Madrid,25,10,50
6637,iPhone 15,3,2025-04-15 04:43:00,Barcelona,999,4,2997
6638,Google Pixel 8,1,2025-06-20 10:41:00,Madrid,699,6,699
6639,iPhone 15,2,2025-10-07 02:22:00,Madrid,999,10,1998
6640,MacBook Pro,1,2025-09-27 10:59:00,Valencia,1499,9,1499
6641,Google Pixel 8,3,2025-12-26 10:13:00,Barcelona,699,12,2097
6642,Monitor 4K,4,2025-12-24 04:26:00,Sevilla,399,12,1596
6643,Teclado Mecánico,4,2025-12-27 01:26:00,Sevilla,120,12,480
6644,iPhone 15,2,2025-01-13 03:42:00,Madrid,999,1,1998
6646,Monitor 4K,1,2025-12-30 11:43:00,Sevilla,399,12,399
6647,Teclado Mecánico,1,2025-08-22 08:27:00,Valencia,120,8,120
6648,Cargador USB-C,2,2025-04-16 05:57:00,Madrid,25,4,50
6649,Teclado Mecánico,4,2025-12-25 04:29:00,Barcelona,120,12,480
6650,AirPods Pro,4,2025-01-31 23:54:00,Madrid,249,1,996
6651,Google Pixel 8,2,2025-03-17 01:35:00,Barcelona,699,3,1398
6652,iPhone 15,3,2025-04-23 08:32:00,Sevilla,999,4,2997
6654,MacBook Pro,4,2025-04-29 01:26:00,Sevilla,1499,4,5996
6655,iPhone 15,1,2025-02-19 04:27:00,Sevilla,999,2,999
6656,Monitor 4K,4,2025-12-25 12:01:00,Barcelona,399,12,1596
6657,Teclado Mecánico,1,2025-03-19 07:05:00,Barcelona,120,3,120
6658,Teclado Mecánico,4,2025-06-28 12:12:00,Barcelona,120,6,480
6659,AirPods Pro,2,2025-09-29 09:58:00,Bilbao,249,9,498
6660,iPhone 15,4,2025-01-14 16:54:00,Valencia,999,1,3996
6661,Teclado Mecánico,3,2025-11-16 15:31:00,Madrid,120,11,360
6662,iPhone 15,2,2025-11-13 10:35:00,Madrid,999,11,1998
6663,Google Pixel 8,1,2025-01-22 18:38:00,Bilbao,699,1,699
6664,MacBook Pro,4,2025-12-30 11:11:00,Sevilla,1499,12,5996
6665,Monitor 4K,2,2025-01-22 13:56:00,Madrid,399,1,798
6667,MacBook Pro,1,2025-07-05 03:21:00,Sevilla,1499,7,1499
6668,Teclado Mecánico,3,2025-01-17 17:42:00,Madrid,120,1,360
6669,AirPods Pro,4,2025-10-17 01:01:00,Bilbao,249,10,996
6670,AirPods Pro,2,2025-07-18 17:38:00,Valencia,249,7,498
6671,iPhone 15,2,2025-12-05 01:17:00,Sevilla,999,12,1998
6672,Teclado Mecánico,3,2025-07-21 11:28:00,Bilbao,120,7,360
6673,Teclado Mecánico,4,2025-04-12 09:33:00,Valencia,120,4,480
6674,MacBook Pro,2,2025-06-16 14:48:00,Valencia,1499,6,2998
6675,Google Pixel 8,4,2025-09-28 07:17:00,Bilbao,699,9,2796
6676,Google Pixel 8,2,2025-11-19 21:54:00,Valencia,699,11,1398
6678,MacBook Pro,1,2025-09-08 02:18:00,Valencia,1499,9,1499
6679,iPhone 15,1,2025-04-24 09:55:00,Sevilla,999,4,999
6680,Google Pixel 8,4,2025-03-13 04:30:00,Barcelona,699,3,2796
6681,Monitor 4K,1,2025-05-18 02:06:00,Madrid,399,5,399
6682,AirPods Pro,2,2025-03-16 12:36:00,Bilbao,249,3,498
6683,Google Pixel 8,2,2025-12-02 08:50:00,Valencia,699,12,1398
6684,Cargador USB-C,2,2025-10-25 13:04:00,Bilbao,25,10,50
6685,Monitor 4K,3,2025-01-25 11:43:00,Bilbao,399,1,1197
6686,Monitor 4K,1,2025-05-25 07:18:00,Valencia,399,5,399
6687,AirPods Pro,2,2025-06-16 08:29:00,Bilbao,249,6,498
6688,AirPods Pro,2,2025-09-22 14:28:00,Valencia,249,9,498
6689,AirPods Pro,2,2025-10-30 03:29:00,Barcelona,249,10,498
6690,iPhone 15,3,2025-01-27 17:26:00,Bilbao,999,1,2997
6691,Cargador USB-C,4,2025-11-20 08:20:00,Valencia,25,11,100
6692,iPhone 15,1,2025-12-23 00:30:00,Bilbao,999,12,999
6694,MacBook Pro,4,2025-03-06 23:24:00,Madrid,1499,3,5996
6695,AirPods Pro,3,2025-02-05 01:36:00,Barcelona,249,2,747
6696,Monitor 4K,3,2025-06-14 01:29:00,Bilbao,399,6,1197
6697,AirPods Pro,3,2025-01-20 07:11:00,Madrid,249,1,747
6698,Monitor 4K,4,2025-04-04 03:08:00,Barcelona,399,4,1596
6699,MacBook Pro,2,2025-08-12 16:50:00,Valencia,1499,8,2998
6700,Teclado Mecánico,4,2025-11-05 17:37:00,Bilbao,120,11,480
6701,Cargador USB-C,2,2025-05-29 16:45:00,Sevilla,25,5,50
6703,Cargador USB-C,4,2025-11-04 20:36:00,Sevilla,25,11,100
6705,iPhone 15,1,2025-02-14 02:26:00,Bilbao,999,2,999
6706,AirPods Pro,4,2025-03-31 02:22:00,Sevilla,249,3,996
6707,Monitor 4K,2,2025-08-28 22:19:00,Madrid,399,8,798
6708,MacBook Pro,1,2025-01-15 11:49:00,Sevilla,1499,1,1499
6709,MacBook Pro,1,2025-10-26 04:11:00,Sevilla,1499,10,1499
6710,Google Pixel 8,4,2025-01-08 05:08:00,Madrid,699,1,2796
6711,Google Pixel 8,3,2025-05-16 06:17:00,Barcelona,699,5,2097
6712,Cargador USB-C,2,2025-08-12 16:15:00,Barcelona,25,8,50
6713,Google Pixel 8,4,2025-01-30 09:43:00,Barcelona,699,1,2796
6714,Cargador USB-C,1,2025-07-11 08:35:00,Valencia,25,7,25
6715,iPhone 15,1,2025-03-02 07:29:00,Barcelona,999,3,999
6716,AirPods Pro,2,2025-11-09 17:11:00,Madrid,249,11,498
6717,Monitor 4K,3,2025-04-28 01:59:00,Madrid,399,4,1197
6718,Teclado Mecánico,3,2025-12-15 13:26:00,Sevilla,120,12,360
6719,AirPods Pro,1,2025-07-25 16:10:00,Madrid,249,7,249
6720,Cargador USB-C,4,2025-11-02 12:39:00,Barcelona,25,11,100
6721,MacBook Pro,1,2025-02-14 17:03:00,Madrid,1499,2,1499
6722,iPhone 15,3,2025-04-20 19:28:00,Madrid,999,4,2997
6723,Cargador USB-C,4,2025-08-25 04:58:00,Valencia,25,8,100
6724,Teclado Mecánico,3,2025-03-21 05:56:00,Sevilla,120,3,360
6725,iPhone 15,4,2025-06-03 14:02:00,Bilbao,999,6,3996
6726,Teclado Mecánico,1,2025-05-02 11:32:00,Valencia,120,5,120
6727,Cargador USB-C,3,2025-07-20 12:55:00,Valencia,25,7,75
6728,iPhone 15,4,2025-01-18 18:24:00,Madrid,999,1,3996
6729,iPhone 15,1,2025-04-02 07:03:00,Valencia,999,4,999
6730,AirPods Pro,3,2025-09-17 04:09:00,Sevilla,249,9,747
6731,iPhone 15,1,2025-05-19 16:57:00,Bilbao,999,5,999
6732,Cargador USB-C,4,2025-03-24 02:01:00,Sevilla,25,3,100
6733,Cargador USB-C,4,2025-07-14 15:57:00,Sevilla,25,7,100
6734,Monitor 4K,2,2025-12-29 05:51:00,Barcelona,399,12,798
6735,iPhone 15,1,2025-11-23 09:15:00,Madrid,999,11,999
6736,AirPods Pro,3,2025-09-19 10:54:00,Sevilla,249,9,747
6737,Teclado Mecánico,2,2025-07-06 17:10:00,Valencia,120,7,240
6738,MacBook Pro,1,2025-07-09 12:28:00,Valencia,1499,7,1499
6739,Google Pixel 8,3,2025-05-06 02:53:00,Sevilla,699,5,2097
6740,AirPods Pro,1,2025-12-21 21:08:00,Sevilla,249,12,249
6741,Monitor 4K,4,2025-12-20 10:19:00,Madrid,399,12,1596
6742,Google Pixel 8,3,2025-09-22 06:55:00,Madrid,699,9,2097
6744,AirPods Pro,2,2025-02-10 11:00:00,Barcelona,249,2,498
6745,AirPods Pro,3,2025-07-04 03:48:00,Barcelona,249,7,747
6748,MacBook Pro,3,2025-07-23 04:51:00,Bilbao,1499,7,4497
6749,AirPods Pro,3,2025-07-11 06:37:00,Barcelona,249,7,747
6750,AirPods Pro,2,2025-04-03 10:08:00,Valencia,249,4,498
6751,MacBook Pro,2,2025-03-02 13:20:00,Barcelona,1499,3,2998
6752,Teclado Mecánico,2,2025-11-23 22:37:00,Valencia,120,11,240
6753,Cargador USB-C,4,2025-12-12 07:19:00,Valencia,25,12,100
6754,iPhone 15,3,2025-10-20 02:15:00,Barcelona,999,10,2997
6755,Google Pixel 8,2,2025-06-12 22:02:00,Bilbao,699,6,1398
6756,MacBook Pro,3,2025-11-30 03:03:00,Bilbao,1499,11,4497
6758,Google Pixel 8,3,2025-10-05 02:46:00,Barcelona,699,10,2097
6759,Google Pixel 8,1,2025-09-03 21:58:00,Sevilla,699,9,699
6760,Monitor 4K,2,2025-03-13 14:55:00,Bilbao,399,3,798
6761,MacBook Pro,2,2025-10-20 06:07:00,Madrid,1499,10,2998
6762,AirPods Pro,3,2025-04-22 00:15:00,Barcelona,249,4,747
6765,iPhone 15,1,2025-11-21 18:23:00,Sevilla,999,11,999
6768,Cargador USB-C,2,2025-04-04 15:29:00,Valencia,25,4,50
6769,Teclado Mecánico,1,2025-05-20 15:34:00,Barcelona,120,5,120
6770,Cargador USB-C,2,2025-05-02 22:41:00,Madrid,25,5,50
6771,AirPods Pro,1,2025-06-06 11:29:00,Bilbao,249,6,249
6772,Cargador USB-C,1,2025-04-26 05:33:00,Sevilla,25,4,25
6773,Monitor 4K,1,2025-04-12 07:45:00,Bilbao,399,4,399
6774,AirPods Pro,3,2025-10-14 09:21:00,Sevilla,249,10,747
6775,AirPods Pro,1,2025-09-28 07:28:00,Bilbao,249,9,249
6776,MacBook Pro,3,2025-08-28 00:24:00,Sevilla,1499,8,4497
6777,Cargador USB-C,4,2025-08-08 20:09:00,Bilbao,25,8,100
6778,Google Pixel 8,4,2025-03-01 17:20:00,Barcelona,699,3,2796
6779,Google Pixel 8,3,2025-04-07 07:50:00,Bilbao,699,4,2097
6780,iPhone 15,2,2025-04-11 00:08:00,Sevilla,999,4,1998
6781,Monitor 4K,3,2025-03-14 02:02:00,Barcelona,399,3,1197
6782,Google Pixel 8,4,2025-07-24 15:49:00,Sevilla,699,7,2796
6783,Teclado Mecánico,2,2025-04-10 06:28:00,Sevilla,120,4,240
6784,Cargador USB-C,4,2025-06-03 17:27:00,Sevilla,25,6,100
6785,Teclado Mecánico,3,2025-05-13 12:04:00,Barcelona,120,5,360
6786,MacBook Pro,4,2025-03-08 04:19:00,Sevilla,1499,3,5996
6787,MacBook Pro,3,2025-04-14 18:54:00,Barcelona,1499,4,4497
6788,MacBook Pro,4,2025-11-06 23:35:00,Madrid,1499,11,5996
6789,iPhone 15,4,2025-12-20 15:58:00,Barcelona,999,12,3996
6790,MacBook Pro,1,2025-10-25 07:29:00,Madrid,1499,10,1499
6791,Teclado Mecánico,3,2025-11-12 16:36:00,Sevilla,120,11,360
6792,MacBook Pro,1,2025-12-24 01:16:00,Valencia,1499,12,1499
6793,MacBook Pro,3,2025-01-21 08:17:00,Valencia,1499,1,4497
6794,MacBook Pro,4,2025-02-04 13:22:00,Madrid,1499,2,5996
6795,MacBook Pro,2,2025-03-19 13:10:00,Barcelona,1499,3,2998
6796,Teclado Mecánico,3,2025-10-11 12:18:00,Madrid,120,10,360
6797,Google Pixel 8,1,2025-03-13 13:08:00,Bilbao,699,3,699
6799,iPhone 15,2,2025-09-26 03:19:00,Sevilla,999,9,1998
6800,AirPods Pro,4,2025-04-02 08:20:00,Madrid,249,4,996
6801,AirPods Pro,3,2025-07-27 01:33:00,Valencia,249,7,747
6802,MacBook Pro,2,2025-09-14 19:16:00,Barcelona,1499,9,2998
6804,Teclado Mecánico,2,2025-08-21 05:47:00,Valencia,120,8,240
6805,Cargador USB-C,2,2025-12-05 10:47:00,Madrid,25,12,50
6806,Teclado Mecánico,4,2025-05-10 01:57:00,Bilbao,120,5,480
6807,Monitor 4K,4,2025-04-17 11:04:00,Barcelona,399,4,1596
6808,iPhone 15,3,2025-04-12 11:26:00,Barcelona,999,4,2997
6810,iPhone 15,4,2025-02-04 23:00:00,Barcelona,999,2,3996
6811,Google Pixel 8,3,2025-08-19 23:40:00,Barcelona,699,8,2097
6812,Cargador USB-C,1,2025-10-08 00:11:00,Valencia,25,10,25
6813,Google Pixel 8,3,2025-07-31 09:30:00,Sevilla,699,7,2097
6814,Cargador USB-C,4,2025-05-15 12:24:00,Barcelona,25,5,100
6815,Monitor 4K,1,2025-08-19 15:08:00,Valencia,399,8,399
6816,Google Pixel 8,3,2025-12-12 22:35:00,Sevilla,699,12,2097
6817,Cargador USB-C,3,2025-01-11 16:21:00,Barcelona,25,1,75
6818,MacBook Pro,4,2025-03-03 21:27:00,Sevilla,1499,3,5996
6819,Teclado Mecánico,4,2025-10-07 17:04:00,Sevilla,120,10,480
6820,MacBook Pro,2,2025-01-30 15:15:00,Valencia,1499,1,2998
6821,Google Pixel 8,1,2025-09-07 07:55:00,Madrid,699,9,699
6822,Monitor 4K,1,2025-12-21 11:15:00,Madrid,399,12,399
6823,AirPods Pro,3,2025-06-09 09:12:00,Valencia,249,6,747
6824,Monitor 4K,2,2025-01-16 20:05:00,Madrid,399,1,798
6825,Monitor 4K,3,2025-05-28 22:50:00,Sevilla,399,5,1197
6826,MacBook Pro,2,2025-04-27 17:31:00,Bilbao,1499,4,2998
6827,Teclado Mecánico,3,2025-01-06 16:35:00,Bilbao,120,1,360
6828,MacBook Pro,2,2025-03-04 20:38:00,Bilbao,1499,3,2998
6830,MacBook Pro,3,2025-01-04 20:22:00,Valencia,1499,1,4497
6831,MacBook Pro,4,2025-05-18 15:57:00,Bilbao,1499,5,5996
6832,MacBook Pro,2,2025-06-09 09:27:00,Sevilla,1499,6,2998
6833,AirPods Pro,1,2025-06-04 03:12:00,Barcelona,249,6,249
6834,Monitor 4K,4,2025-01-30 14:59:00,Bilbao,399,1,1596
6835,AirPods Pro,4,2025-02-03 22:24:00,Valencia,249,2,996
6836,MacBook Pro,3,2025-01-06 08:03:00,Bilbao,1499,1,4497
6837,Monitor 4K,2,2025-02-15 01:37:00,Bilbao,399,2,798
6838,Google Pixel 8,1,2025-10-11 21:13:00,Barcelona,699,10,699
6839,iPhone 15,2,2025-08-08 16:00:00,Bilbao,999,8,1998
6840,Cargador USB-C,4,2025-03-30 16:11:00,Sevilla,25,3,100
6841,MacBook Pro,4,2025-04-26 13:51:00,Sevilla,1499,4,5996
6842,MacBook Pro,4,2025-10-26 21:10:00,Barcelona,1499,10,5996
6843,AirPods Pro,1,2025-08-30 11:56:00,Bilbao,249,8,249
6844,Monitor 4K,4,2025-07-21 05:07:00,Madrid,399,7,1596
6845,Cargador USB-C,1,2025-01-14 09:48:00,Barcelona,25,1,25
6846,iPhone 15,4,2025-12-20 13:41:00,Valencia,999,12,3996
6847,Monitor 4K,2,2025-07-27 05:05:00,Valencia,399,7,798
6848,Cargador USB-C,2,2025-02-22 03:01:00,Sevilla,25,2,50
6849,iPhone 15,4,2025-12-11 19:48:00,Sevilla,999,12,3996
6850,Monitor 4K,3,2025-06-11 15:55:00,Barcelona,399,6,1197
6851,MacBook Pro,4,2025-10-22 21:19:00,Barcelona,1499,10,5996
6852,MacBook Pro,4,2025-11-12 21:11:00,Bilbao,1499,11,5996
6853,Google Pixel 8,4,2025-07-25 09:23:00,Madrid,699,7,2796
6854,Monitor 4K,2,2025-06-04 13:54:00,Barcelona,399,6,798
6855,iPhone 15,4,2025-08-07 03:39:00,Bilbao,999,8,3996
6856,Cargador USB-C,3,2025-11-19 00:58:00,Bilbao,25,11,75
6857,Google Pixel 8,2,2025-07-16 12:03:00,Sevilla,699,7,1398
6858,Cargador USB-C,4,2025-12-26 08:22:00,Valencia,25,12,100
6859,Google Pixel 8,2,2025-03-05 23:43:00,Sevilla,699,3,1398
6860,MacBook Pro,2,2025-04-27 02:22:00,Madrid,1499,4,2998
6861,Google Pixel 8,1,2025-01-07 09:22:00,Bilbao,699,1,699
6862,iPhone 15,4,2025-06-24 23:24:00,Bilbao,999,6,3996
6863,Teclado Mecánico,4,2025-06-26 05:47:00,Madrid,120,6,480
6864,Monitor 4K,2,2025-08-28 13:42:00,Barcelona,399,8,798
6865,Cargador USB-C,3,2025-10-16 20:19:00,Valencia,25,10,75
6866,iPhone 15,3,2025-07-28 22:27:00,Sevilla,999,7,2997
6867,Monitor 4K,3,2025-09-27 06:15:00,Madrid,399,9,1197
6868,Cargador USB-C,2,2025-08-06 08:49:00,Sevilla,25,8,50
6869,MacBook Pro,3,2025-06-11 22:26:00,Madrid,1499,6,4497
6871,iPhone 15,3,2025-05-31 05:36:00,Madrid,999,5,2997
6872,MacBook Pro,1,2025-05-13 04:04:00,Sevilla,1499,5,1499
6873,iPhone 15,2,2025-04-30 02:46:00,Bilbao,999,4,1998
6874,Teclado Mecánico,2,2025-02-26 14:48:00,Sevilla,120,2,240
6875,Teclado Mecánico,2,2025-09-17 07:58:00,Bilbao,120,9,240
6876,iPhone 15,3,2025-01-24 10:08:00,Madrid,999,1,2997
6878,Google Pixel 8,4,2025-08-21 06:30:00,Barcelona,699,8,2796
6879,Teclado Mecánico,1,2025-09-09 23:04:00,Sevilla,120,9,120
6880,Google Pixel 8,1,2025-05-05 07:27:00,Bilbao,699,5,699
6881,Cargador USB-C,1,2025-07-22 00:38:00,Barcelona,25,7,25
6882,Teclado Mecánico,2,2025-03-05 10:19:00,Bilbao,120,3,240
6883,Monitor 4K,1,2025-05-10 04:32:00,Valencia,399,5,399
6884,AirPods Pro,4,2025-10-16 12:13:00,Madrid,249,10,996
6885,iPhone 15,1,2025-02-12 13:09:00,Barcelona,999,2,999
6886,Google Pixel 8,4,2025-08-14 18:46:00,Sevilla,699,8,2796
6887,Teclado Mecánico,3,2025-11-20 00:43:00,Bilbao,120,11,360
6888,Google Pixel 8,1,2025-09-24 13:20:00,Valencia,699,9,699
6889,Monitor 4K,3,2025-06-05 08:45:00,Valencia,399,6,1197
6890,Google Pixel 8,1,2025-11-27 17:58:00,Bilbao,699,11,699
6891,AirPods Pro,2,2025-10-24 12:57:00,Sevilla,249,10,498
6892,Teclado Mecánico,2,2025-08-22 19:01:00,Valencia,120,8,240
6893,Monitor 4K,3,2025-03-27 14:34:00,Bilbao,399,3,1197
6894,MacBook Pro,1,2025-02-02 04:49:00,Valencia,1499,2,1499
6895,Teclado Mecánico,1,2025-01-07 05:58:00,Bilbao,120,1,120
6896,iPhone 15,4,2025-10-02 10:50:00,Barcelona,999,10,3996
6897,Google Pixel 8,3,2025-07-29 18:50:00,Barcelona,699,7,2097
6898,Teclado Mecánico,4,2025-08-19 12:39:00,Barcelona,120,8,480
6899,iPhone 15,3,2025-11-27 11:15:00,Bilbao,999,11,2997
6900,MacBook Pro,4,2025-12-28 07:50:00,Valencia,1499,12,5996
6901,iPhone 15,1,2025-04-01 18:59:00,Valencia,999,4,999
6902,Google Pixel 8,3,2025-09-10 15:23:00,Barcelona,699,9,2097
6903,Teclado Mecánico,1,2025-12-11 07:19:00,Sevilla,120,12,120
6904,AirPods Pro,1,2025-09-24 12:07:00,Madrid,249,9,249
6905,Monitor 4K,2,2025-08-02 14:27:00,Bilbao,399,8,798
6906,Teclado Mecánico,4,2025-07-22 16:49:00,Sevilla,120,7,480
6907,Google Pixel 8,1,2025-02-22 14:43:00,Barcelona,699,2,699
6908,Teclado Mecánico,4,2025-04-02 06:47:00,Valencia,120,4,480
6909,Google Pixel 8,3,2025-01-05 19:06:00,Madrid,699,1,2097
6910,Google Pixel 8,1,2025-03-09 04:51:00,Madrid,699,3,699
6911,iPhone 15,4,2025-10-09 09:53:00,Barcelona,999,10,3996
6912,Monitor 4K,3,2025-01-12 12:59:00,Valencia,399,1,1197
6913,AirPods Pro,3,2025-02-23 13:45:00,Madrid,249,2,747
6914,Cargador USB-C,2,2025-09-03 19:46:00,Barcelona,25,9,50
6916,AirPods Pro,1,2025-03-19 06:25:00,Bilbao,249,3,249
6917,MacBook Pro,2,2025-01-24 17:06:00,Madrid,1499,1,2998
6918,Google Pixel 8,2,2025-01-13 20:59:00,Barcelona,699,1,1398
6919,Teclado Mecánico,2,2025-03-23 02:49:00,Barcelona,120,3,240
6921,Cargador USB-C,2,2025-05-05 07:18:00,Bilbao,25,5,50
6922,Google Pixel 8,2,2025-07-31 18:43:00,Barcelona,699,7,1398
6923,iPhone 15,2,2025-01-11 22:05:00,Sevilla,999,1,1998
6924,Teclado Mecánico,2,2025-07-09 14:44:00,Madrid,120,7,240
6925,MacBook Pro,4,2025-08-20 12:47:00,Madrid,1499,8,5996
6926,MacBook Pro,4,2025-10-31 09:34:00,Barcelona,1499,10,5996
6927,AirPods Pro,4,2025-11-09 03:17:00,Sevilla,249,11,996
6928,iPhone 15,2,2025-08-25 10:09:00,Valencia,999,8,1998
6929,Google Pixel 8,2,2025-06-08 21:22:00,Sevilla,699,6,1398
6930,Cargador USB-C,1,2025-03-18 14:03:00,Bilbao,25,3,25
6931,Teclado Mecánico,4,2025-05-24 15:56:00,Bilbao,120,5,480
6932,iPhone 15,1,2025-07-10 19:24:00,Madrid,999,7,999
6933,Cargador USB-C,4,2025-02-18 01:03:00,Madrid,25,2,100
6934,Monitor 4K,1,2025-11-26 09:14:00,Valencia,399,11,399
6935,MacBook Pro,4,2025-06-09 10:52:00,Valencia,1499,6,5996
6936,Monitor 4K,2,2025-09-16 18:37:00,Barcelona,399,9,798
6937,Monitor 4K,3,2025-04-13 06:31:00,Barcelona,399,4,1197
6938,Teclado Mecánico,2,2025-08-09 09:19:00,Barcelona,120,8,240
6939,MacBook Pro,3,2025-05-19 22:12:00,Madrid,1499,5,4497
6940,Monitor 4K,4,2025-07-20 03:51:00,Barcelona,399,7,1596
6941,iPhone 15,4,2025-08-17 09:11:00,Bilbao,999,8,3996
6942,AirPods Pro,2,2025-04-25 21:31:00,Barcelona,249,4,498
6943,Cargador USB-C,2,2025-07-28 12:15:00,Valencia,25,7,50
6944,MacBook Pro,4,2025-10-20 05:22:00,Sevilla,1499,10,5996
6945,MacBook Pro,3,2025-10-17 14:36:00,Madrid,1499,10,4497
6946,MacBook Pro,1,2025-03-20 13:28:00,Bilbao,1499,3,1499
6947,Google Pixel 8,4,2025-05-07 21:37:00,Barcelona,699,5,2796
6948,Teclado Mecánico,3,2025-10-01 22:27:00,Sevilla,120,10,360
6949,Google Pixel 8,1,2025-02-05 11:36:00,Madrid,699,2,699
6950,MacBook Pro,4,2025-12-05 17:27:00,Barcelona,1499,12,5996
6951,iPhone 15,1,2025-07-31 09:21:00,Sevilla,999,7,999
6952,MacBook Pro,2,2025-03-08 22:27:00,Madrid,1499,3,2998
6953,Monitor 4K,1,2025-07-12 04:41:00,Barcelona,399,7,399
6954,Cargador USB-C,1,2025-02-23 23:31:00,Madrid,25,2,25
6955,AirPods Pro,4,2025-05-25 05:20:00,Valencia,249,5,996
6956,iPhone 15,3,2025-11-07 02:29:00,Barcelona,999,11,2997
6957,Google Pixel 8,4,2025-05-25 15:39:00,Madrid,699,5,2796
6959,iPhone 15,1,2025-11-25 17:58:00,Madrid,999,11,999
6960,iPhone 15,1,2025-12-17 21:12:00,Madrid,999,12,999
6961,Cargador USB-C,4,2025-09-06 14:35:00,Madrid,25,9,100
6962,Google Pixel 8,2,2025-10-22 16:33:00,Barcelona,699,10,1398
6963,Cargador USB-C,2,2025-02-21 23:10:00,Bilbao,25,2,50
6964,MacBook Pro,1,2025-11-19 11:59:00,Valencia,1499,11,1499
6965,Google Pixel 8,1,2025-07-28 01:57:00,Madrid,699,7,699
6966,MacBook Pro,1,2025-01-10 15:41:00,Valencia,1499,1,1499
6967,MacBook Pro,2,2025-07-07 18:32:00,Valencia,1499,7,2998
6968,AirPods Pro,2,2025-07-04 06:30:00,Barcelona,249,7,498
6969,Google Pixel 8,3,2025-10-31 22:41:00,Sevilla,699,10,2097
6970,Teclado Mecánico,3,2025-06-07 03:57:00,Madrid,120,6,360
6971,Google Pixel 8,3,2025-05-31 00:19:00,Madrid,699,5,2097
6972,Cargador USB-C,2,2025-01-06 01:08:00,Bilbao,25,1,50
6973,Monitor 4K,2,2025-02-26 11:47:00,Madrid,399,2,798
6974,iPhone 15,4,2025-04-18 04:24:00,Valencia,999,4,3996
6975,Cargador USB-C,4,2025-04-23 23:42:00,Bilbao,25,4,100
6976,Cargador USB-C,1,2025-10-11 05:06:00,Sevilla,25,10,25
6977,MacBook Pro,3,2025-04-13 20:28:00,Bilbao,1499,4,4497
6978,Teclado Mecánico,3,2025-04-07 09:29:00,Valencia,120,4,360
6979,Monitor 4K,4,2025-02-03 14:28:00,Valencia,399,2,1596
6980,Teclado Mecánico,1,2025-01-11 10:47:00,Barcelona,120,1,120
6981,Google Pixel 8,1,2025-09-07 01:11:00,Madrid,699,9,699
6982,iPhone 15,1,2025-08-12 05:36:00,Madrid,999,8,999
6983,iPhone 15,3,2025-06-14 16:08:00,Bilbao,999,6,2997
6984,AirPods Pro,1,2025-01-24 07:05:00,Madrid,249,1,249
6985,Teclado Mecánico,3,2025-08-21 08:25:00,Madrid,120,8,360
6986,Monitor 4K,4,2025-07-24 15:21:00,Sevilla,399,7,1596
6987,Monitor 4K,2,2025-07-09 19:20:00,Bilbao,399,7,798
6988,iPhone 15,2,2025-03-13 06:12:00,Madrid,999,3,1998
6989,Monitor 4K,2,2025-04-14 12:53:00,Barcelona,399,4,798
6990,MacBook Pro,2,2025-03-06 15:01:00,Sevilla,1499,3,2998
6991,Monitor 4K,1,2025-02-14 10:45:00,Barcelona,399,2,399
6992,Cargador USB-C,1,2025-08-31 03:21:00,Bilbao,25,8,25
6993,Google Pixel 8,3,2025-03-21 18:01:00,Sevilla,699,3,2097
6994,Cargador USB-C,4,2025-09-09 01:47:00,Bilbao,25,9,100
6995,Google Pixel 8,1,2025-06-30 00:41:00,Madrid,699,6,699
6996,Cargador USB-C,3,2025-10-04 20:29:00,Bilbao,25,10,75
6997,MacBook Pro,4,2025-01-18 14:56:00,Bilbao,1499,1,5996
6998,Monitor 4K,3,2025-04-12 20:29:00,Barcelona,399,4,1197
6999,AirPods Pro,4,2025-03-12 11:26:00,Valencia,249,3,996
7000,Cargador USB-C,1,2025-10-06 11:46:00,Barcelona,25,10,25
7001,Cargador USB-C,2,2025-06-17 00:20:00,Bilbao,25,6,50
7002,MacBook Pro,1,2025-10-14 05:39:00,Barcelona,1499,10,1499
7003,Monitor 4K,3,2025-07-08 00:54:00,Barcelona,399,7,1197
7004,iPhone 15,2,2025-12-02 06:56:00,Bilbao,999,12,1998
7005,Teclado Mecánico,3,2025-07-02 23:17:00,Madrid,120,7,360
7006,Cargador USB-C,4,2025-08-23 00:19:00,Valencia,25,8,100
7007,Google Pixel 8,1,2025-01-20 08:29:00,Madrid,699,1,699
7008,MacBook Pro,2,2025-09-06 17:32:00,Sevilla,1499,9,2998
7009,Monitor 4K,2,2025-05-30 11:34:00,Valencia,399,5,798
7010,Cargador USB-C,3,2025-04-11 15:18:00,Sevilla,25,4,75
7011,MacBook Pro,3,2025-09-01 23:23:00,Madrid,1499,9,4497
7012,Monitor 4K,1,2025-06-21 16:37:00,Valencia,399,6,399
7013,iPhone 15,2,2025-02-27 16:46:00,Valencia,999,2,1998
7014,Teclado Mecánico,3,2025-09-07 19:42:00,Barcelona,120,9,360
7015,Cargador USB-C,4,2025-06-14 10:58:00,Madrid,25,6,100
7016,Monitor 4K,2,2025-01-25 08:49:00,Bilbao,399,1,798
7017,Cargador USB-C,4,2025-07-23 22:47:00,Valencia,25,7,100
7018,iPhone 15,4,2025-10-08 13:33:00,Sevilla,999,10,3996
7019,AirPods Pro,4,2025-09-30 22:22:00,Madrid,249,9,996
7020,Teclado Mecánico,3,2025-09-21 18:31:00,Bilbao,120,9,360
7021,Google Pixel 8,3,2025-09-26 20:36:00,Bilbao,699,9,2097
7022,iPhone 15,4,2025-01-21 17:19:00,Sevilla,999,1,3996
7023,AirPods Pro,1,2025-06-06 03:52:00,Barcelona,249,6,249
7024,AirPods Pro,2,2025-01-01 05:18:00,Barcelona,249,1,498
7025,MacBook Pro,3,2025-02-21 23:43:00,Valencia,1499,2,4497
7026,Monitor 4K,2,2025-05-23 12:23:00,Barcelona,399,5,798
7027,iPhone 15,2,2025-07-16 09:36:00,Valencia,999,7,1998
7028,Cargador USB-C,4,2025-10-06 20:54:00,Valencia,25,10,100
7030,AirPods Pro,2,2025-11-12 01:01:00,Bilbao,249,11,498
7031,AirPods Pro,1,2025-01-16 12:04:00,Madrid,249,1,249
7032,AirPods Pro,3,2025-04-02 21:22:00,Sevilla,249,4,747
7033,Cargador USB-C,3,2025-01-08 06:09:00,Barcelona,25,1,75
7034,Monitor 4K,4,2025-02-04 04:00:00,Sevilla,399,2,1596
7035,Monitor 4K,2,2025-04-01 07:56:00,Sevilla,399,4,798
7036,Monitor 4K,3,2025-06-17 10:49:00,Madrid,399,6,1197
7037,Monitor 4K,4,2025-11-17 15:19:00,Sevilla,399,11,1596
7038,iPhone 15,3,2025-06-05 08:26:00,Barcelona,999,6,2997
7039,Cargador USB-C,3,2025-08-05 23:58:00,Valencia,25,8,75
7040,Google Pixel 8,2,2025-02-08 17:54:00,Barcelona,699,2,1398
7041,Monitor 4K,3,2025-08-20 04:06:00,Madrid,399,8,1197
7042,MacBook Pro,2,2025-10-15 23:31:00,Valencia,1499,10,2998
7044,Google Pixel 8,4,2025-04-10 23:57:00,Barcelona,699,4,2796
7045,Google Pixel 8,3,2025-06-27 18:47:00,Bilbao,699,6,2097
7046,Google Pixel 8,3,2025-12-31 02:23:00,Barcelona,699,12,2097
7047,MacBook Pro,4,2025-03-06 02:36:00,Sevilla,1499,3,5996
7048,iPhone 15,4,2025-06-25 18:56:00,Barcelona,999,6,3996
7049,AirPods Pro,1,2025-02-18 22:24:00,Valencia,249,2,249
7050,Google Pixel 8,3,2025-05-10 23:43:00,Barcelona,699,5,2097
7051,AirPods Pro,3,2025-09-28 13:40:00,Barcelona,249,9,747
7052,Teclado Mecánico,2,2025-11-07 21:08:00,Sevilla,120,11,240
7054,AirPods Pro,2,2025-07-13 14:50:00,Barcelona,249,7,498
7055,AirPods Pro,3,2025-08-22 05:53:00,Sevilla,249,8,747
7056,Cargador USB-C,4,2025-03-02 07:24:00,Bilbao,25,3,100
7057,Google Pixel 8,2,2025-12-16 10:30:00,Barcelona,699,12,1398
7058,MacBook Pro,4,2025-11-23 14:33:00,Valencia,1499,11,5996
7059,Google Pixel 8,1,2025-07-18 03:31:00,Barcelona,699,7,699
7060,Teclado Mecánico,3,2025-05-23 16:59:00,Sevilla,120,5,360
7062,Cargador USB-C,2,2025-12-17 01:52:00,Sevilla,25,12,50
7063,AirPods Pro,4,2025-03-23 11:51:00,Barcelona,249,3,996
7064,Cargador USB-C,3,2025-10-16 02:37:00,Bilbao,25,10,75
7065,Cargador USB-C,3,2025-11-14 22:07:00,Madrid,25,11,75
7066,Teclado Mecánico,3,2025-03-08 02:00:00,Barcelona,120,3,360
7067,Google Pixel 8,3,2025-07-09 12:46:00,Barcelona,699,7,2097
7068,Monitor 4K,3,2025-06-26 09:45:00,Bilbao,399,6,1197
7069,Google Pixel 8,3,2025-08-24 17:57:00,Madrid,699,8,2097
7070,Cargador USB-C,4,2025-08-31 08:50:00,Bilbao,25,8,100
7071,Monitor 4K,2,2025-01-26 20:16:00,Sevilla,399,1,798
7072,Google Pixel 8,2,2025-07-22 02:39:00,Madrid,699,7,1398
7073,Monitor 4K,1,2025-08-24 13:23:00,Valencia,399,8,399
7074,AirPods Pro,4,2025-09-03 11:05:00,Bilbao,249,9,996
7075,AirPods Pro,3,2025-04-14 02:07:00,Barcelona,249,4,747
7076,iPhone 15,1,2025-05-13 14:43:00,Madrid,999,5,999
7077,Teclado Mecánico,4,2025-07-04 08:44:00,Madrid,120,7,480
7078,Cargador USB-C,4,2025-09-14 21:14:00,Valencia,25,9,100
7079,Cargador USB-C,1,2025-05-24 12:29:00,Madrid,25,5,25
7080,MacBook Pro,4,2025-07-05 13:21:00,Valencia,1499,7,5996
7081,Cargador USB-C,2,2025-02-23 05:37:00,Madrid,25,2,50
7082,iPhone 15,4,2025-04-27 14:51:00,Bilbao,999,4,3996
7083,Cargador USB-C,4,2025-06-12 11:23:00,Bilbao,25,6,100
7084,Monitor 4K,3,2025-09-11 17:55:00,Valencia,399,9,1197
7085,AirPods Pro,2,2025-06-09 21:07:00,Valencia,249,6,498
7086,Google Pixel 8,2,2025-12-29 15:48:00,Bilbao,699,12,1398
7087,Teclado Mecánico,4,2025-09-14 20:22:00,Bilbao,120,9,480
7088,MacBook Pro,3,2025-10-06 20:38:00,Valencia,1499,10,4497
7089,MacBook Pro,2,2025-03-21 06:22:00,Sevilla,1499,3,2998
7090,Teclado Mecánico,2,2025-03-22 23:48:00,Bilbao,120,3,240
7091,Google Pixel 8,1,2025-01-06 04:15:00,Sevilla,699,1,699
7092,iPhone 15,4,2025-05-21 22:28:00,Sevilla,999,5,3996
7093,Teclado Mecánico,1,2025-07-03 07:23:00,Valencia,120,7,120
7095,MacBook Pro,3,2025-12-17 05:00:00,Valencia,1499,12,4497
7096,MacBook Pro,3,2025-05-17 02:04:00,Sevilla,1499,5,4497
7097,Monitor 4K,4,2025-01-01 03:41:00,Madrid,399,1,1596
7098,Teclado Mecánico,1,2025-06-06 18:17:00,Sevilla,120,6,120
7099,AirPods Pro,1,2025-06-04 06:47:00,Bilbao,249,6,249
7100,Monitor 4K,4,2025-01-03 23:11:00,Madrid,399,1,1596
7101,Monitor 4K,1,2025-08-17 15:26:00,Valencia,399,8,399
7102,iPhone 15,2,2025-05-17 11:45:00,Bilbao,999,5,1998
7103,MacBook Pro,2,2025-10-29 19:25:00,Barcelona,1499,10,2998
7104,Teclado Mecánico,4,2025-06-12 23:18:00,Bilbao,120,6,480
7105,Teclado Mecánico,2,2025-01-23 00:09:00,Valencia,120,1,240
7106,AirPods Pro,3,2025-05-04 02:29:00,Barcelona,249,5,747
7107,MacBook Pro,4,2025-05-08 09:42:00,Barcelona,1499,5,5996
7108,Google Pixel 8,3,2025-07-11 21:49:00,Barcelona,699,7,2097
7109,AirPods Pro,4,2025-04-18 11:52:00,Madrid,249,4,996
7110,Google Pixel 8,1,2025-08-06 00:44:00,Barcelona,699,8,699
7111,Teclado Mecánico,2,2025-11-05 13:43:00,Valencia,120,11,240
7112,AirPods Pro,1,2025-05-04 17:01:00,Sevilla,249,5,249
7113,MacBook Pro,1,2025-09-27 12:32:00,Valencia,1499,9,1499
7114,MacBook Pro,3,2025-05-06 13:23:00,Valencia,1499,5,4497
7115,Monitor 4K,3,2025-07-12 07:08:00,Bilbao,399,7,1197
7116,Teclado Mecánico,2,2025-02-15 14:05:00,Madrid,120,2,240
7117,iPhone 15,1,2025-05-28 21:26:00,Valencia,999,5,999
7118,Teclado Mecánico,2,2025-11-11 15:26:00,Valencia,120,11,240
7119,Monitor 4K,2,2025-11-21 22:27:00,Barcelona,399,11,798
7120,Monitor 4K,4,2025-02-13 15:01:00,Barcelona,399,2,1596
7121,Teclado Mecánico,3,2025-08-15 10:46:00,Valencia,120,8,360
7122,iPhone 15,3,2025-07-18 20:49:00,Barcelona,999,7,2997
7123,Google Pixel 8,3,2025-05-10 19:16:00,Barcelona,699,5,2097
7124,Teclado Mecánico,4,2025-06-22 14:15:00,Barcelona,120,6,480
7125,MacBook Pro,4,2025-03-01 05:43:00,Valencia,1499,3,5996
7126,AirPods Pro,3,2025-01-09 15:06:00,Barcelona,249,1,747
7128,Monitor 4K,4,2025-04-29 06:54:00,Bilbao,399,4,1596
7129,Monitor 4K,4,2025-07-16 22:34:00,Valencia,399,7,1596
7130,MacBook Pro,4,2025-02-20 01:18:00,Bilbao,1499,2,5996
7131,MacBook Pro,3,2025-12-10 17:37:00,Barcelona,1499,12,4497
7132,MacBook Pro,2,2025-01-19 16:36:00,Bilbao,1499,1,2998
7133,Cargador USB-C,1,2025-05-23 00:14:00,Sevilla,25,5,25
7134,Cargador USB-C,3,2025-09-23 01:47:00,Barcelona,25,9,75
7135,Teclado Mecánico,4,2025-11-28 13:25:00,Madrid,120,11,480
7136,MacBook Pro,1,2025-12-19 08:24:00,Valencia,1499,12,1499
7137,Cargador USB-C,4,2025-10-17 06:04:00,Sevilla,25,10,100
7138,AirPods Pro,4,2025-07-05 14:32:00,Sevilla,249,7,996
7139,Cargador USB-C,1,2025-09-10 17:19:00,Valencia,25,9,25
7140,Teclado Mecánico,2,2025-04-08 03:09:00,Bilbao,120,4,240
7141,iPhone 15,2,2025-05-21 12:11:00,Valencia,999,5,1998
7142,Monitor 4K,1,2025-11-18 09:21:00,Sevilla,399,11,399
7143,MacBook Pro,1,2025-06-12 14:32:00,Valencia,1499,6,1499
7144,Teclado Mecánico,1,2025-02-09 06:33:00,Valencia,120,2,120
7145,Cargador USB-C,3,2025-01-24 23:32:00,Bilbao,25,1,75
7146,MacBook Pro,3,2025-02-10 04:12:00,Madrid,1499,2,4497
7147,Cargador USB-C,3,2025-10-24 00:03:00,Valencia,25,10,75
7148,Monitor 4K,2,2025-04-29 06:45:00,Madrid,399,4,798
7149,Monitor 4K,2,2025-06-03 01:27:00,Barcelona,399,6,798
7150,iPhone 15,3,2025-12-04 05:56:00,Barcelona,999,12,2997
7151,iPhone 15,1,2025-12-30 20:21:00,Valencia,999,12,999
7152,Google Pixel 8,3,2025-01-21 00:54:00,Barcelona,699,1,2097
7153,iPhone 15,3,2025-11-22 15:13:00,Barcelona,999,11,2997
7154,MacBook Pro,3,2025-08-20 22:18:00,Sevilla,1499,8,4497
7155,MacBook Pro,2,2025-03-15 00:52:00,Valencia,1499,3,2998
7156,Cargador USB-C,4,2025-12-23 06:14:00,Barcelona,25,12,100
7157,MacBook Pro,4,2025-03-11 07:31:00,Madrid,1499,3,5996
7158,Monitor 4K,1,2025-02-12 08:55:00,Valencia,399,2,399
7159,iPhone 15,3,2025-12-30 00:39:00,Barcelona,999,12,2997
7160,AirPods Pro,3,2025-05-19 16:32:00,Valencia,249,5,747
7161,Monitor 4K,2,2025-04-13 08:19:00,Barcelona,399,4,798
7162,iPhone 15,1,2025-01-08 01:20:00,Valencia,999,1,999
7163,Monitor 4K,2,2025-04-05 07:15:00,Barcelona,399,4,798
7164,MacBook Pro,1,2025-02-28 23:35:00,Bilbao,1499,2,1499
7165,AirPods Pro,4,2025-11-29 07:18:00,Barcelona,249,11,996
7166,Google Pixel 8,4,2025-05-03 05:55:00,Barcelona,699,5,2796
7167,AirPods Pro,1,2025-08-23 12:16:00,Valencia,249,8,249
7168,AirPods Pro,2,2025-02-03 15:40:00,Sevilla,249,2,498
7169,MacBook Pro,4,2025-12-15 01:40:00,Madrid,1499,12,5996
7170,Cargador USB-C,4,2025-11-05 02:49:00,Valencia,25,11,100
7171,iPhone 15,2,2025-06-12 00:36:00,Bilbao,999,6,1998
7172,Cargador USB-C,2,2025-03-07 08:20:00,Sevilla,25,3,50
7174,MacBook Pro,3,2025-10-06 12:13:00,Valencia,1499,10,4497
7175,Cargador USB-C,1,2025-09-04 10:54:00,Sevilla,25,9,25
7176,Google Pixel 8,1,2025-08-24 01:58:00,Valencia,699,8,699
7177,iPhone 15,1,2025-08-02 20:36:00,Valencia,999,8,999
7178,MacBook Pro,4,2025-07-26 22:10:00,Barcelona,1499,7,5996
7179,Cargador USB-C,4,2025-04-18 11:18:00,Sevilla,25,4,100
7180,Google Pixel 8,3,2025-02-14 04:32:00,Valencia,699,2,2097
7181,MacBook Pro,4,2025-03-25 18:00:00,Sevilla,1499,3,5996
7182,Monitor 4K,2,2025-10-30 20:06:00,Madrid,399,10,798
7183,Teclado Mecánico,2,2025-02-01 15:51:00,Madrid,120,2,240
7184,Cargador USB-C,4,2025-12-24 10:35:00,Madrid,25,12,100
7185,Teclado Mecánico,2,2025-06-03 11:09:00,Madrid,120,6,240
7186,iPhone 15,1,2025-05-02 15:48:00,Sevilla,999,5,999
7187,iPhone 15,1,2025-06-06 19:02:00,Barcelona,999,6,999
7189,Google Pixel 8,4,2025-04-11 08:00:00,Madrid,699,4,2796
7190,Monitor 4K,1,2025-10-02 05:24:00,Barcelona,399,10,399
7191,Monitor 4K,3,2025-01-07 23:53:00,Barcelona,399,1,1197
7192,Cargador USB-C,2,2025-03-22 22:21:00,Madrid,25,3,50
7193,Monitor 4K,3,2025-02-17 06:15:00,Madrid,399,2,1197
7194,Google Pixel 8,1,2025-06-02 15:04:00,Madrid,699,6,699
7195,Teclado Mecánico,2,2025-06-08 06:32:00,Sevilla,120,6,240
7197,iPhone 15,2,2025-07-18 14:27:00,Valencia,999,7,1998
7198,MacBook Pro,3,2025-04-30 09:15:00,Madrid,1499,4,4497
7199,Cargador USB-C,1,2025-11-01 17:12:00,Bilbao,25,11,25
7200,AirPods Pro,4,2025-09-28 13:21:00,Madrid,249,9,996
7201,Monitor 4K,4,2025-04-10 21:49:00,Valencia,399,4,1596
7202,iPhone 15,2,2025-02-16 03:55:00,Valencia,999,2,1998
7203,Teclado Mecánico,3,2025-06-02 01:36:00,Bilbao,120,6,360
7204,MacBook Pro,4,2025-03-25 22:06:00,Valencia,1499,3,5996
7205,AirPods Pro,3,2025-02-25 23:26:00,Valencia,249,2,747
7206,MacBook Pro,4,2025-02-26 18:11:00,Bilbao,1499,2,5996
7207,Cargador USB-C,1,2025-11-13 21:18:00,Sevilla,25,11,25
7208,iPhone 15,3,2025-07-08 22:52:00,Bilbao,999,7,2997
7209,Google Pixel 8,2,2025-12-05 05:57:00,Sevilla,699,12,1398
7210,iPhone 15,2,2025-07-05 09:44:00,Valencia,999,7,1998
7211,Teclado Mecánico,2,2025-08-08 19:32:00,Barcelona,120,8,240
7212,Teclado Mecánico,3,2025-01-04 11:55:00,Madrid,120,1,360
7213,MacBook Pro,3,2025-03-12 16:26:00,Bilbao,1499,3,4497
7214,Monitor 4K,4,2025-05-30 21:50:00,Valencia,399,5,1596
7215,iPhone 15,4,2025-03-22 08:19:00,Bilbao,999,3,3996
7216,MacBook Pro,3,2025-10-01 20:53:00,Bilbao,1499,10,4497
7217,Cargador USB-C,2,2025-04-04 00:29:00,Valencia,25,4,50
7218,AirPods Pro,2,2025-02-12 19:40:00,Barcelona,249,2,498
7219,MacBook Pro,1,2025-10-16 10:12:00,Bilbao,1499,10,1499
7220,iPhone 15,1,2025-11-22 11:38:00,Madrid,999,11,999
7221,AirPods Pro,3,2025-03-29 19:10:00,Bilbao,249,3,747
7222,Monitor 4K,1,2025-03-23 12:08:00,Madrid,399,3,399
7223,Teclado Mecánico,1,2025-06-18 18:00:00,Madrid,120,6,120
7224,iPhone 15,1,2025-09-27 16:47:00,Barcelona,999,9,999
7225,Teclado Mecánico,3,2025-11-03 23:31:00,Barcelona,120,11,360
7226,AirPods Pro,2,2025-07-15 18:34:00,Bilbao,249,7,498
7227,Teclado Mecánico,1,2025-11-10 00:52:00,Sevilla,120,11,120
7228,iPhone 15,1,2025-12-08 09:24:00,Madrid,999,12,999
7229,Teclado Mecánico,3,2025-12-29 21:27:00,Barcelona,120,12,360
7230,iPhone 15,2,2025-02-23 18:17:00,Bilbao,999,2,1998
7231,iPhone 15,3,2025-04-24 05:11:00,Valencia,999,4,2997
7232,MacBook Pro,1,2025-05-25 09:23:00,Barcelona,1499,5,1499
7233,Cargador USB-C,2,2025-03-27 15:35:00,Valencia,25,3,50
7234,Monitor 4K,4,2025-05-11 20:39:00,Barcelona,399,5,1596
7235,Cargador USB-C,4,2025-02-15 02:14:00,Madrid,25,2,100
7236,AirPods Pro,3,2025-11-30 16:16:00,Madrid,249,11,747
7237,Google Pixel 8,3,2025-11-02 11:26:00,Barcelona,699,11,2097
7239,Cargador USB-C,3,2025-05-03 06:48:00,Sevilla,25,5,75
7240,Teclado Mecánico,4,2025-06-21 03:25:00,Bilbao,120,6,480
7241,iPhone 15,1,2025-12-29 18:46:00,Sevilla,999,12,999
7242,Teclado Mecánico,4,2025-04-15 15:18:00,Madrid,120,4,480
7243,Cargador USB-C,4,2025-05-11 04:13:00,Valencia,25,5,100
7244,AirPods Pro,1,2025-09-27 17:13:00,Valencia,249,9,249
7245,MacBook Pro,3,2025-09-15 20:45:00,Madrid,1499,9,4497
7246,MacBook Pro,3,2025-05-08 21:37:00,Bilbao,1499,5,4497
7247,AirPods Pro,3,2025-03-22 09:40:00,Bilbao,249,3,747
7248,Google Pixel 8,1,2025-12-11 23:28:00,Sevilla,699,12,699
7249,MacBook Pro,4,2025-01-17 22:10:00,Barcelona,1499,1,5996
7250,Cargador USB-C,1,2025-12-24 23:16:00,Barcelona,25,12,25
7251,iPhone 15,2,2025-09-30 03:16:00,Bilbao,999,9,1998
7252,Monitor 4K,2,2025-01-11 17:15:00,Sevilla,399,1,798
7253,MacBook Pro,4,2025-01-24 18:05:00,Valencia,1499,1,5996
7254,Google Pixel 8,2,2025-01-21 01:19:00,Madrid,699,1,1398
7255,iPhone 15,2,2025-06-25 09:45:00,Bilbao,999,6,1998
7256,Cargador USB-C,3,2025-07-09 13:49:00,Madrid,25,7,75
7257,MacBook Pro,1,2025-06-17 18:12:00,Sevilla,1499,6,1499
7258,Teclado Mecánico,2,2025-06-23 23:37:00,Bilbao,120,6,240
7259,iPhone 15,3,2025-04-14 14:52:00,Sevilla,999,4,2997
7260,Monitor 4K,3,2025-01-13 15:58:00,Valencia,399,1,1197
7261,Teclado Mecánico,3,2025-08-08 01:57:00,Barcelona,120,8,360
7262,iPhone 15,1,2025-07-25 21:08:00,Valencia,999,7,999
7263,Cargador USB-C,1,2025-09-18 12:28:00,Barcelona,25,9,25
7264,iPhone 15,1,2025-03-26 16:59:00,Valencia,999,3,999
7265,iPhone 15,4,2025-05-15 12:28:00,Barcelona,999,5,3996
7266,Monitor 4K,1,2025-07-20 06:11:00,Bilbao,399,7,399
7267,Teclado Mecánico,3,2025-05-14 18:46:00,Valencia,120,5,360
7268,AirPods Pro,4,2025-12-15 21:11:00,Sevilla,249,12,996
7269,Cargador USB-C,1,2025-08-28 17:30:00,Barcelona,25,8,25
7270,iPhone 15,3,2025-10-07 16:16:00,Madrid,999,10,2997
7271,AirPods Pro,2,2025-11-08 00:05:00,Bilbao,249,11,498
7272,Google Pixel 8,3,2025-11-02 20:19:00,Barcelona,699,11,2097
7273,AirPods Pro,2,2025-02-04 15:28:00,Barcelona,249,2,498
7274,AirPods Pro,1,2025-04-21 05:25:00,Madrid,249,4,249
7275,Teclado Mecánico,2,2025-09-21 08:01:00,Bilbao,120,9,240
7276,AirPods Pro,4,2025-01-21 10:49:00,Madrid,249,1,996
7277,Teclado Mecánico,1,2025-05-10 19:50:00,Valencia,120,5,120
7278,Google Pixel 8,1,2025-01-19 13:17:00,Barcelona,699,1,699
7279,Teclado Mecánico,4,2025-03-09 14:30:00,Valencia,120,3,480
7280,iPhone 15,1,2025-07-07 02:11:00,Barcelona,999,7,999
7281,MacBook Pro,1,2025-09-12 04:58:00,Bilbao,1499,9,1499
7282,Monitor 4K,1,2025-01-24 14:41:00,Valencia,399,1,399
7283,Teclado Mecánico,1,2025-03-21 09:21:00,Valencia,120,3,120
7285,Google Pixel 8,2,2025-05-28 13:31:00,Valencia,699,5,1398
7286,Cargador USB-C,2,2025-10-06 16:55:00,Sevilla,25,10,50
7287,Google Pixel 8,1,2025-07-18 00:18:00,Valencia,699,7,699
7288,Monitor 4K,4,2025-04-22 08:59:00,Bilbao,399,4,1596
7289,MacBook Pro,2,2025-02-01 02:03:00,Bilbao,1499,2,2998
7290,AirPods Pro,4,2025-02-14 06:56:00,Madrid,249,2,996
7291,Teclado Mecánico,1,2025-03-20 13:08:00,Sevilla,120,3,120
7292,Monitor 4K,3,2025-08-28 22:10:00,Madrid,399,8,1197
7293,Google Pixel 8,1,2025-02-13 14:03:00,Madrid,699,2,699
7294,AirPods Pro,4,2025-01-27 21:17:00,Bilbao,249,1,996
7295,Teclado Mecánico,4,2025-01-23 00:46:00,Madrid,120,1,480
7296,Monitor 4K,1,2025-01-05 01:58:00,Barcelona,399,1,399
7297,Google Pixel 8,3,2025-10-10 10:07:00,Barcelona,699,10,2097
7298,Google Pixel 8,1,2025-01-12 10:11:00,Bilbao,699,1,699
7299,MacBook Pro,4,2025-11-29 07:29:00,Madrid,1499,11,5996
7300,MacBook Pro,3,2025-04-11 09:20:00,Sevilla,1499,4,4497
7301,MacBook Pro,2,2025-03-07 04:46:00,Madrid,1499,3,2998
7302,AirPods Pro,2,2025-04-01 15:59:00,Valencia,249,4,498
7303,Monitor 4K,1,2025-06-29 14:50:00,Madrid,399,6,399
7304,iPhone 15,2,2025-08-04 08:57:00,Madrid,999,8,1998
7305,Monitor 4K,2,2025-03-26 07:57:00,Sevilla,399,3,798
7306,Monitor 4K,1,2025-10-14 17:00:00,Barcelona,399,10,399
7307,Teclado Mecánico,2,2025-12-13 13:27:00,Sevilla,120,12,240
7308,Teclado Mecánico,2,2025-12-09 08:10:00,Madrid,120,12,240
7309,AirPods Pro,2,2025-01-11 08:40:00,Valencia,249,1,498
7310,Monitor 4K,1,2025-10-17 14:33:00,Sevilla,399,10,399
7311,iPhone 15,3,2025-04-02 16:06:00,Barcelona,999,4,2997
7312,Google Pixel 8,1,2025-04-02 02:26:00,Sevilla,699,4,699
7313,Google Pixel 8,2,2025-05-21 03:11:00,Valencia,699,5,1398
7314,iPhone 15,4,2025-01-07 14:35:00,Barcelona,999,1,3996
7315,iPhone 15,1,2025-12-19 01:20:00,Valencia,999,12,999
7316,Google Pixel 8,2,2025-03-04 00:48:00,Bilbao,699,3,1398
7317,Cargador USB-C,1,2025-03-16 12:25:00,Barcelona,25,3,25
7318,AirPods Pro,1,2025-10-27 20:36:00,Madrid,249,10,249
7319,iPhone 15,1,2025-09-02 21:03:00,Bilbao,999,9,999
7320,Google Pixel 8,1,2025-03-01 22:25:00,Barcelona,699,3,699
7321,Teclado Mecánico,4,2025-06-19 11:39:00,Barcelona,120,6,480
7322,Teclado Mecánico,1,2025-06-30 21:26:00,Barcelona,120,6,120
7323,Cargador USB-C,1,2025-04-17 14:13:00,Bilbao,25,4,25
7324,Teclado Mecánico,2,2025-05-30 21:40:00,Barcelona,120,5,240
7325,AirPods Pro,1,2025-07-11 23:28:00,Madrid,249,7,249
7326,MacBook Pro,2,2025-01-30 02:13:00,Sevilla,1499,1,2998
7327,Monitor 4K,1,2025-08-15 08:47:00,Sevilla,399,8,399
7328,AirPods Pro,2,2025-01-05 06:37:00,Valencia,249,1,498
7329,iPhone 15,1,2025-10-03 14:10:00,Sevilla,999,10,999
7330,iPhone 15,2,2025-07-31 02:41:00,Bilbao,999,7,1998
7331,Monitor 4K,1,2025-06-21 04:31:00,Madrid,399,6,399
7332,AirPods Pro,2,2025-11-19 23:31:00,Valencia,249,11,498
7333,Cargador USB-C,4,2025-03-31 15:00:00,Bilbao,25,3,100
7334,Google Pixel 8,2,2025-03-25 09:30:00,Madrid,699,3,1398
7335,AirPods Pro,1,2025-02-02 12:20:00,Madrid,249,2,249
7336,Google Pixel 8,1,2025-10-19 16:02:00,Valencia,699,10,699
7337,Google Pixel 8,1,2025-09-08 00:44:00,Sevilla,699,9,699
7338,Monitor 4K,1,2025-09-19 11:30:00,Bilbao,399,9,399
7339,iPhone 15,4,2025-12-07 15:40:00,Valencia,999,12,3996
7340,AirPods Pro,2,2025-02-20 17:52:00,Bilbao,249,2,498
7341,iPhone 15,4,2025-04-16 05:29:00,Barcelona,999,4,3996
7342,Teclado Mecánico,4,2025-11-19 03:04:00,Barcelona,120,11,480
7343,Monitor 4K,3,2025-01-17 21:35:00,Bilbao,399,1,1197
7344,iPhone 15,2,2025-08-15 15:54:00,Barcelona,999,8,1998
7345,Monitor 4K,4,2025-05-13 08:08:00,Madrid,399,5,1596
7346,AirPods Pro,1,2025-12-15 09:14:00,Valencia,249,12,249
7347,iPhone 15,2,2025-01-04 00:19:00,Sevilla,999,1,1998
7348,MacBook Pro,3,2025-10-26 08:30:00,Madrid,1499,10,4497
7349,Google Pixel 8,3,2025-09-16 01:19:00,Bilbao,699,9,2097
7350,Google Pixel 8,2,2025-06-18 02:12:00,Valencia,699,6,1398
7351,MacBook Pro,2,2025-10-05 03:54:00,Barcelona,1499,10,2998
7352,Teclado Mecánico,3,2025-10-29 08:42:00,Bilbao,120,10,360
7353,Cargador USB-C,1,2025-07-28 02:07:00,Madrid,25,7,25
7354,MacBook Pro,3,2025-08-14 23:11:00,Madrid,1499,8,4497
7355,iPhone 15,4,2025-12-04 18:55:00,Barcelona,999,12,3996
7356,MacBook Pro,2,2025-04-30 06:19:00,Madrid,1499,4,2998
7357,Google Pixel 8,1,2025-04-25 04:49:00,Sevilla,699,4,699
7358,Google Pixel 8,2,2025-07-02 20:21:00,Barcelona,699,7,1398
7359,Google Pixel 8,1,2025-01-07 15:22:00,Madrid,699,1,699
7360,AirPods Pro,4,2025-07-30 12:54:00,Bilbao,249,7,996
7361,Monitor 4K,3,2025-12-28 15:54:00,Barcelona,399,12,1197
7362,MacBook Pro,3,2025-04-29 05:10:00,Madrid,1499,4,4497
7363,AirPods Pro,3,2025-01-29 22:42:00,Madrid,249,1,747
7364,Google Pixel 8,1,2025-11-07 01:59:00,Sevilla,699,11,699
7365,Cargador USB-C,1,2025-05-11 17:22:00,Madrid,25,5,25
7366,Cargador USB-C,2,2025-08-26 00:29:00,Sevilla,25,8,50
7367,Monitor 4K,3,2025-01-19 19:08:00,Barcelona,399,1,1197
7368,AirPods Pro,3,2025-06-21 20:20:00,Bilbao,249,6,747
7369,Monitor 4K,1,2025-10-29 00:02:00,Valencia,399,10,399
7370,Google Pixel 8,4,2025-02-06 22:54:00,Sevilla,699,2,2796
7372,Cargador USB-C,2,2025-10-31 11:29:00,Bilbao,25,10,50
7373,Google Pixel 8,4,2025-10-14 03:31:00,Madrid,699,10,2796
7374,Cargador USB-C,1,2025-11-10 08:51:00,Barcelona,25,11,25
7375,Monitor 4K,2,2025-05-24 10:54:00,Sevilla,399,5,798
7376,Cargador USB-C,4,2025-07-24 11:33:00,Sevilla,25,7,100
7377,iPhone 15,4,2025-12-18 06:36:00,Madrid,999,12,3996
7378,AirPods Pro,1,2025-05-05 17:17:00,Valencia,249,5,249
7379,Teclado Mecánico,4,2025-11-20 19:08:00,Sevilla,120,11,480
7380,MacBook Pro,4,2025-09-07 11:27:00,Barcelona,1499,9,5996
7381,iPhone 15,4,2025-07-03 10:10:00,Barcelona,999,7,3996
7382,Cargador USB-C,3,2025-01-23 20:30:00,Madrid,25,1,75
7383,Monitor 4K,1,2025-02-03 23:16:00,Valencia,399,2,399
7384,Monitor 4K,1,2025-11-09 05:00:00,Valencia,399,11,399
7385,Monitor 4K,4,2025-05-14 12:08:00,Barcelona,399,5,1596
7386,Google Pixel 8,2,2025-05-10 19:10:00,Bilbao,699,5,1398
7387,AirPods Pro,4,2025-02-06 01:49:00,Barcelona,249,2,996
7388,MacBook Pro,4,2025-12-06 10:32:00,Valencia,1499,12,5996
7389,Cargador USB-C,3,2025-03-21 00:23:00,Valencia,25,3,75
7390,Google Pixel 8,1,2025-05-13 07:27:00,Valencia,699,5,699
7391,Teclado Mecánico,1,2025-08-25 19:08:00,Sevilla,120,8,120
7392,iPhone 15,3,2025-11-07 08:38:00,Barcelona,999,11,2997
7393,Cargador USB-C,3,2025-05-24 02:50:00,Barcelona,25,5,75
7394,Teclado Mecánico,2,2025-09-26 15:06:00,Bilbao,120,9,240
7395,AirPods Pro,4,2025-11-26 00:14:00,Bilbao,249,11,996
7396,Cargador USB-C,2,2025-04-17 20:37:00,Madrid,25,4,50
7397,Google Pixel 8,2,2025-09-23 05:58:00,Barcelona,699,9,1398
7398,Google Pixel 8,2,2025-03-04 10:29:00,Sevilla,699,3,1398
7399,Teclado Mecánico,1,2025-12-06 20:30:00,Barcelona,120,12,120
7400,iPhone 15,4,2025-12-30 23:28:00,Valencia,999,12,3996
7401,Teclado Mecánico,1,2025-03-06 11:22:00,Bilbao,120,3,120
7402,MacBook Pro,2,2025-07-10 13:06:00,Madrid,1499,7,2998
7403,Monitor 4K,2,2025-05-18 18:09:00,Bilbao,399,5,798
7404,MacBook Pro,1,2025-08-12 08:00:00,Bilbao,1499,8,1499
7405,Monitor 4K,1,2025-08-01 03:55:00,Madrid,399,8,399
7406,Cargador USB-C,2,2025-03-22 06:38:00,Bilbao,25,3,50
7407,iPhone 15,4,2025-11-07 23:20:00,Valencia,999,11,3996
7408,AirPods Pro,4,2025-07-17 23:54:00,Bilbao,249,7,996
7409,Monitor 4K,1,2025-01-20 00:33:00,Valencia,399,1,399
7410,AirPods Pro,3,2025-03-18 20:43:00,Bilbao,249,3,747
7411,AirPods Pro,2,2025-12-07 12:43:00,Barcelona,249,12,498
7413,AirPods Pro,1,2025-06-30 13:44:00,Sevilla,249,6,249
7414,iPhone 15,2,2025-06-12 02:03:00,Madrid,999,6,1998
7415,Teclado Mecánico,4,2025-06-15 03:37:00,Barcelona,120,6,480
7416,Monitor 4K,4,2025-10-03 13:47:00,Sevilla,399,10,1596
7417,Monitor 4K,3,2025-04-08 16:12:00,Valencia,399,4,1197
7418,Monitor 4K,4,2025-10-28 14:22:00,Valencia,399,10,1596
7419,AirPods Pro,4,2025-10-17 14:05:00,Sevilla,249,10,996
7420,Teclado Mecánico,1,2025-10-25 10:46:00,Sevilla,120,10,120
7421,Cargador USB-C,4,2025-10-29 07:50:00,Bilbao,25,10,100
7422,iPhone 15,1,2025-10-07 15:08:00,Sevilla,999,10,999
7423,AirPods Pro,3,2025-03-11 23:47:00,Valencia,249,3,747
7424,AirPods Pro,3,2025-01-28 13:34:00,Madrid,249,1,747
7425,Cargador USB-C,2,2025-04-16 08:34:00,Valencia,25,4,50
7426,Cargador USB-C,2,2025-03-20 13:17:00,Valencia,25,3,50
7427,Monitor 4K,2,2025-11-12 10:46:00,Sevilla,399,11,798
7428,MacBook Pro,4,2025-01-09 08:28:00,Valencia,1499,1,5996
7429,iPhone 15,1,2025-12-26 02:39:00,Valencia,999,12,999
7430,Teclado Mecánico,1,2025-01-02 02:21:00,Sevilla,120,1,120
7431,MacBook Pro,3,2025-10-22 15:40:00,Sevilla,1499,10,4497
7432,Google Pixel 8,4,2025-05-11 15:47:00,Sevilla,699,5,2796
7433,MacBook Pro,3,2025-12-02 23:22:00,Barcelona,1499,12,4497
7434,Google Pixel 8,4,2025-04-11 00:58:00,Sevilla,699,4,2796
7435,Teclado Mecánico,2,2025-10-11 11:33:00,Sevilla,120,10,240
7437,MacBook Pro,3,2025-04-02 02:40:00,Barcelona,1499,4,4497
7438,Monitor 4K,3,2025-03-13 01:23:00,Valencia,399,3,1197
7439,MacBook Pro,1,2025-08-12 11:00:00,Madrid,1499,8,1499
7440,AirPods Pro,2,2025-10-05 05:24:00,Sevilla,249,10,498
7441,Monitor 4K,4,2025-03-28 11:28:00,Bilbao,399,3,1596
7442,Monitor 4K,4,2025-11-22 12:56:00,Bilbao,399,11,1596
7443,Teclado Mecánico,1,2025-06-24 17:05:00,Sevilla,120,6,120
7444,Monitor 4K,4,2025-12-09 15:55:00,Bilbao,399,12,1596
7445,MacBook Pro,3,2025-10-13 07:49:00,Valencia,1499,10,4497
7446,MacBook Pro,3,2025-09-30 09:29:00,Sevilla,1499,9,4497
7447,Monitor 4K,2,2025-02-07 15:41:00,Valencia,399,2,798
7448,Google Pixel 8,3,2025-12-07 13:08:00,Bilbao,699,12,2097
7449,iPhone 15,1,2025-12-31 14:45:00,Bilbao,999,12,999
7450,Monitor 4K,2,2025-04-03 00:17:00,Valencia,399,4,798
7451,iPhone 15,3,2025-01-30 23:06:00,Sevilla,999,1,2997
7452,iPhone 15,4,2025-05-04 23:51:00,Bilbao,999,5,3996
7453,Monitor 4K,3,2025-09-09 23:38:00,Madrid,399,9,1197
7454,Google Pixel 8,2,2025-08-12 02:23:00,Bilbao,699,8,1398
7455,MacBook Pro,2,2025-02-15 08:00:00,Bilbao,1499,2,2998
7456,Monitor 4K,3,2025-09-15 01:10:00,Valencia,399,9,1197
7457,MacBook Pro,3,2025-03-30 20:17:00,Madrid,1499,3,4497
7458,MacBook Pro,1,2025-09-28 05:11:00,Valencia,1499,9,1499
7459,Cargador USB-C,1,2025-01-30 07:41:00,Bilbao,25,1,25
7460,Google Pixel 8,2,2025-04-14 03:30:00,Sevilla,699,4,1398
7461,AirPods Pro,2,2025-01-03 15:21:00,Bilbao,249,1,498
7462,MacBook Pro,1,2025-03-14 14:44:00,Madrid,1499,3,1499
7463,Monitor 4K,1,2025-04-19 12:00:00,Sevilla,399,4,399
7464,Monitor 4K,3,2025-07-14 09:15:00,Valencia,399,7,1197
7465,iPhone 15,4,2025-01-18 14:43:00,Barcelona,999,1,3996
7466,Monitor 4K,3,2025-03-27 15:49:00,Sevilla,399,3,1197
7467,AirPods Pro,2,2025-07-09 03:04:00,Barcelona,249,7,498
7468,MacBook Pro,4,2025-04-07 14:56:00,Barcelona,1499,4,5996
7470,Monitor 4K,1,2025-11-19 05:17:00,Bilbao,399,11,399
7471,AirPods Pro,1,2025-01-01 22:25:00,Sevilla,249,1,249
7472,Google Pixel 8,2,2025-05-07 15:53:00,Bilbao,699,5,1398
7473,Monitor 4K,4,2025-11-02 16:44:00,Madrid,399,11,1596
7475,Teclado Mecánico,3,2025-01-04 00:35:00,Barcelona,120,1,360
7476,AirPods Pro,3,2025-08-11 09:01:00,Bilbao,249,8,747
7477,Google Pixel 8,1,2025-03-05 06:05:00,Barcelona,699,3,699
7478,MacBook Pro,4,2025-04-01 02:17:00,Valencia,1499,4,5996
7479,Cargador USB-C,1,2025-03-19 22:35:00,Barcelona,25,3,25
7480,iPhone 15,1,2025-02-18 20:18:00,Sevilla,999,2,999
7481,Monitor 4K,1,2025-05-24 10:51:00,Sevilla,399,5,399
7482,Cargador USB-C,2,2025-06-11 07:17:00,Sevilla,25,6,50
7483,iPhone 15,1,2025-03-10 07:45:00,Bilbao,999,3,999
7484,Monitor 4K,1,2025-03-26 15:12:00,Barcelona,399,3,399
7485,Monitor 4K,2,2025-07-15 07:24:00,Barcelona,399,7,798
7486,AirPods Pro,3,2025-04-23 23:38:00,Valencia,249,4,747
7487,Google Pixel 8,3,2025-01-12 20:59:00,Bilbao,699,1,2097
7488,iPhone 15,2,2025-09-28 13:08:00,Valencia,999,9,1998
7489,MacBook Pro,1,2025-12-01 08:25:00,Madrid,1499,12,1499
7490,Teclado Mecánico,4,2025-10-17 11:03:00,Sevilla,120,10,480
7491,MacBook Pro,4,2025-07-10 18:28:00,Madrid,1499,7,5996
7492,MacBook Pro,3,2025-08-09 00:06:00,Sevilla,1499,8,4497
7493,AirPods Pro,2,2025-09-09 15:11:00,Sevilla,249,9,498
7494,Teclado Mecánico,4,2025-04-27 22:22:00,Sevilla,120,4,480
7495,Google Pixel 8,3,2025-04-23 20:07:00,Sevilla,699,4,2097
7496,MacBook Pro,3,2025-05-08 02:04:00,Valencia,1499,5,4497
7497,iPhone 15,1,2025-02-06 19:11:00,Sevilla,999,2,999
7499,AirPods Pro,1,2025-05-31 17:13:00,Madrid,249,5,249
7500,Google Pixel 8,4,2025-11-19 17:25:00,Valencia,699,11,2796
7501,Google Pixel 8,4,2025-08-16 02:03:00,Sevilla,699,8,2796
7502,Monitor 4K,4,2025-10-31 07:13:00,Bilbao,399,10,1596
7503,Teclado Mecánico,1,2025-01-16 04:53:00,Bilbao,120,1,120
7504,Teclado Mecánico,4,2025-05-30 20:45:00,Barcelona,120,5,480
7505,Teclado Mecánico,1,2025-11-07 00:48:00,Barcelona,120,11,120
7506,Teclado Mecánico,2,2025-03-11 09:22:00,Valencia,120,3,240
7507,iPhone 15,3,2025-08-20 07:03:00,Bilbao,999,8,2997
7508,Google Pixel 8,2,2025-07-28 10:00:00,Madrid,699,7,1398
7509,Teclado Mecánico,3,2025-04-02 11:53:00,Barcelona,120,4,360
7510,MacBook Pro,4,2025-09-01 09:00:00,Valencia,1499,9,5996
7511,iPhone 15,4,2025-07-13 17:58:00,Madrid,999,7,3996
7512,Google Pixel 8,4,2025-06-30 06:36:00,Valencia,699,6,2796
7513,MacBook Pro,3,2025-07-25 12:58:00,Valencia,1499,7,4497
7514,MacBook Pro,2,2025-02-12 08:21:00,Sevilla,1499,2,2998
7515,Google Pixel 8,4,2025-02-16 23:17:00,Bilbao,699,2,2796
7516,Monitor 4K,1,2025-01-12 21:15:00,Sevilla,399,1,399
7517,AirPods Pro,1,2025-07-31 21:57:00,Barcelona,249,7,249
7518,MacBook Pro,1,2025-01-30 04:54:00,Valencia,1499,1,1499
7519,AirPods Pro,2,2025-03-31 09:38:00,Valencia,249,3,498
7520,MacBook Pro,1,2025-11-25 18:13:00,Bilbao,1499,11,1499
7521,Monitor 4K,1,2025-04-29 03:10:00,Barcelona,399,4,399
7522,AirPods Pro,2,2025-09-09 03:02:00,Valencia,249,9,498
7523,AirPods Pro,4,2025-02-08 10:28:00,Bilbao,249,2,996
7524,MacBook Pro,1,2025-05-17 16:03:00,Madrid,1499,5,1499
7525,MacBook Pro,2,2025-04-14 08:10:00,Madrid,1499,4,2998
7526,AirPods Pro,4,2025-05-10 10:30:00,Sevilla,249,5,996
7527,iPhone 15,4,2025-03-31 16:42:00,Sevilla,999,3,3996
7528,MacBook Pro,1,2025-06-19 09:51:00,Madrid,1499,6,1499
7529,Google Pixel 8,4,2025-09-08 03:41:00,Sevilla,699,9,2796
7530,Monitor 4K,4,2025-03-07 11:38:00,Valencia,399,3,1596
7531,Teclado Mecánico,3,2025-10-07 01:37:00,Barcelona,120,10,360
7532,Teclado Mecánico,4,2025-12-02 20:37:00,Bilbao,120,12,480
7533,Cargador USB-C,4,2025-03-23 18:02:00,Bilbao,25,3,100
7534,iPhone 15,1,2025-10-29 11:00:00,Barcelona,999,10,999
7535,Monitor 4K,1,2025-05-10 15:44:00,Valencia,399,5,399
7536,Teclado Mecánico,1,2025-01-17 14:41:00,Sevilla,120,1,120
7537,iPhone 15,3,2025-12-16 22:57:00,Sevilla,999,12,2997
7538,AirPods Pro,4,2025-08-20 07:40:00,Sevilla,249,8,996
7539,iPhone 15,4,2025-03-28 13:11:00,Valencia,999,3,3996
7540,Google Pixel 8,4,2025-08-07 00:39:00,Valencia,699,8,2796
7542,AirPods Pro,4,2025-07-10 23:02:00,Valencia,249,7,996
7543,iPhone 15,2,2025-07-17 09:31:00,Barcelona,999,7,1998
7544,MacBook Pro,2,2025-06-17 08:45:00,Madrid,1499,6,2998
7545,AirPods Pro,3,2025-08-12 18:53:00,Barcelona,249,8,747
7546,Monitor 4K,4,2025-03-14 09:39:00,Barcelona,399,3,1596
7547,AirPods Pro,1,2025-05-03 04:14:00,Valencia,249,5,249
7548,AirPods Pro,1,2025-05-16 03:45:00,Sevilla,249,5,249
7549,Google Pixel 8,2,2025-06-29 23:17:00,Barcelona,699,6,1398
7550,Cargador USB-C,3,2025-01-26 00:01:00,Barcelona,25,1,75
7551,Cargador USB-C,3,2025-11-19 09:53:00,Valencia,25,11,75
7552,Monitor 4K,1,2025-08-11 10:35:00,Madrid,399,8,399
7553,Google Pixel 8,2,2025-08-16 15:52:00,Sevilla,699,8,1398
7554,Cargador USB-C,3,2025-06-30 19:33:00,Barcelona,25,6,75
7556,iPhone 15,2,2025-07-24 01:06:00,Bilbao,999,7,1998
7557,iPhone 15,1,2025-09-21 06:36:00,Valencia,999,9,999
7558,AirPods Pro,2,2025-08-25 09:22:00,Madrid,249,8,498
7559,AirPods Pro,3,2025-06-23 19:52:00,Sevilla,249,6,747
7560,Cargador USB-C,4,2025-05-25 05:21:00,Sevilla,25,5,100
7561,AirPods Pro,1,2025-12-06 23:17:00,Barcelona,249,12,249
7562,Teclado Mecánico,4,2025-08-27 12:28:00,Valencia,120,8,480
7563,MacBook Pro,2,2025-02-01 06:40:00,Sevilla,1499,2,2998
7564,iPhone 15,2,2025-06-11 22:44:00,Bilbao,999,6,1998
7565,MacBook Pro,1,2025-11-22 18:29:00,Bilbao,1499,11,1499
7566,Google Pixel 8,2,2025-10-29 01:45:00,Valencia,699,10,1398
7567,Monitor 4K,2,2025-05-07 06:49:00,Valencia,399,5,798
7568,Google Pixel 8,3,2025-06-10 10:20:00,Valencia,699,6,2097
7569,Teclado Mecánico,3,2025-08-08 05:50:00,Bilbao,120,8,360
7570,Monitor 4K,3,2025-02-28 02:47:00,Valencia,399,2,1197
7571,Monitor 4K,2,2025-07-01 19:53:00,Bilbao,399,7,798
7573,iPhone 15,3,2025-11-26 15:13:00,Barcelona,999,11,2997
7574,AirPods Pro,4,2025-10-13 03:40:00,Barcelona,249,10,996
7575,Teclado Mecánico,2,2025-10-02 13:20:00,Valencia,120,10,240
7576,Teclado Mecánico,4,2025-12-08 17:37:00,Bilbao,120,12,480
7578,AirPods Pro,4,2025-06-04 22:13:00,Madrid,249,6,996
7579,AirPods Pro,2,2025-11-12 10:13:00,Madrid,249,11,498
7580,Google Pixel 8,2,2025-06-26 14:14:00,Barcelona,699,6,1398
7581,iPhone 15,3,2025-01-09 07:13:00,Bilbao,999,1,2997
7582,Cargador USB-C,3,2025-03-10 07:05:00,Barcelona,25,3,75
7583,Google Pixel 8,4,2025-01-19 19:47:00,Madrid,699,1,2796
7584,iPhone 15,4,2025-01-03 02:18:00,Barcelona,999,1,3996
7585,Google Pixel 8,2,2025-09-28 05:23:00,Sevilla,699,9,1398
7586,MacBook Pro,3,2025-07-24 04:03:00,Madrid,1499,7,4497
7587,iPhone 15,1,2025-05-25 06:37:00,Valencia,999,5,999
7588,MacBook Pro,3,2025-11-06 15:18:00,Sevilla,1499,11,4497
7589,Teclado Mecánico,4,2025-06-05 01:16:00,Madrid,120,6,480
7590,iPhone 15,4,2025-08-18 20:49:00,Barcelona,999,8,3996
7591,Cargador USB-C,2,2025-09-30 03:22:00,Valencia,25,9,50
7592,MacBook Pro,2,2025-05-06 10:06:00,Barcelona,1499,5,2998
7593,MacBook Pro,4,2025-03-26 19:40:00,Madrid,1499,3,5996
7594,Teclado Mecánico,2,2025-07-09 13:47:00,Barcelona,120,7,240
7595,AirPods Pro,4,2025-03-23 14:53:00,Bilbao,249,3,996
7596,AirPods Pro,2,2025-12-01 10:42:00,Barcelona,249,12,498
7597,MacBook Pro,4,2025-12-14 07:01:00,Bilbao,1499,12,5996
7598,Monitor 4K,2,2025-01-09 19:00:00,Sevilla,399,1,798
7599,Monitor 4K,1,2025-08-06 07:23:00,Madrid,399,8,399
7600,Cargador USB-C,3,2025-09-22 16:35:00,Madrid,25,9,75
7601,Cargador USB-C,3,2025-06-14 01:00:00,Sevilla,25,6,75
7602,iPhone 15,4,2025-06-10 00:19:00,Valencia,999,6,3996
7603,MacBook Pro,3,2025-01-22 20:27:00,Madrid,1499,1,4497
7604,iPhone 15,4,2025-11-23 11:24:00,Madrid,999,11,3996
7605,iPhone 15,4,2025-02-09 23:46:00,Madrid,999,2,3996
7606,AirPods Pro,1,2025-01-10 12:05:00,Madrid,249,1,249
7607,Google Pixel 8,3,2025-01-17 19:56:00,Barcelona,699,1,2097
7608,Monitor 4K,2,2025-12-08 09:15:00,Sevilla,399,12,798
7609,Teclado Mecánico,1,2025-07-18 15:19:00,Valencia,120,7,120
7610,AirPods Pro,2,2025-03-23 15:20:00,Valencia,249,3,498
7611,MacBook Pro,1,2025-08-11 07:12:00,Madrid,1499,8,1499
7612,AirPods Pro,2,2025-06-17 16:02:00,Barcelona,249,6,498
7613,iPhone 15,4,2025-07-21 05:54:00,Bilbao,999,7,3996
7614,Google Pixel 8,4,2025-05-26 11:41:00,Sevilla,699,5,2796
7615,Cargador USB-C,1,2025-09-08 01:36:00,Valencia,25,9,25
7616,Teclado Mecánico,4,2025-04-18 00:47:00,Madrid,120,4,480
7617,iPhone 15,2,2025-10-16 05:16:00,Bilbao,999,10,1998
7618,iPhone 15,4,2025-12-01 19:26:00,Barcelona,999,12,3996
7619,Monitor 4K,3,2025-03-08 13:42:00,Barcelona,399,3,1197
7620,iPhone 15,1,2025-04-22 04:26:00,Barcelona,999,4,999
7621,Cargador USB-C,3,2025-07-16 00:12:00,Valencia,25,7,75
7622,AirPods Pro,3,2025-06-10 09:47:00,Sevilla,249,6,747
7623,Monitor 4K,2,2025-11-19 08:59:00,Madrid,399,11,798
7624,iPhone 15,1,2025-09-13 14:21:00,Madrid,999,9,999
7625,AirPods Pro,1,2025-01-24 23:18:00,Bilbao,249,1,249
7626,Teclado Mecánico,4,2025-12-06 08:54:00,Barcelona,120,12,480
7627,iPhone 15,1,2025-07-27 22:01:00,Bilbao,999,7,999
7628,MacBook Pro,1,2025-05-19 21:57:00,Valencia,1499,5,1499
7629,Google Pixel 8,2,2025-10-13 06:59:00,Bilbao,699,10,1398
7630,iPhone 15,4,2025-05-17 05:50:00,Valencia,999,5,3996
7631,Teclado Mecánico,3,2025-07-12 23:19:00,Barcelona,120,7,360
7632,Teclado Mecánico,1,2025-05-03 16:36:00,Sevilla,120,5,120
7633,AirPods Pro,2,2025-06-01 20:53:00,Valencia,249,6,498
7634,MacBook Pro,2,2025-03-30 02:30:00,Bilbao,1499,3,2998
7636,Google Pixel 8,4,2025-01-09 06:27:00,Madrid,699,1,2796
7637,MacBook Pro,1,2025-06-12 11:29:00,Bilbao,1499,6,1499
7638,AirPods Pro,3,2025-02-16 23:18:00,Madrid,249,2,747
7640,Monitor 4K,3,2025-11-17 09:58:00,Sevilla,399,11,1197
7641,Monitor 4K,3,2025-06-20 19:44:00,Sevilla,399,6,1197
7642,Google Pixel 8,4,2025-05-19 14:50:00,Barcelona,699,5,2796
7643,iPhone 15,4,2025-06-02 00:42:00,Valencia,999,6,3996
7644,Cargador USB-C,3,2025-08-25 14:37:00,Barcelona,25,8,75
7645,MacBook Pro,3,2025-01-10 13:13:00,Bilbao,1499,1,4497
7646,Google Pixel 8,3,2025-09-06 06:34:00,Bilbao,699,9,2097
7647,Teclado Mecánico,2,2025-10-14 00:23:00,Bilbao,120,10,240
7648,MacBook Pro,2,2025-06-12 22:46:00,Sevilla,1499,6,2998
7649,Cargador USB-C,2,2025-03-28 08:15:00,Valencia,25,3,50
7650,Google Pixel 8,2,2025-11-18 18:34:00,Sevilla,699,11,1398
7651,Google Pixel 8,2,2025-01-27 15:33:00,Madrid,699,1,1398
7652,Teclado Mecánico,3,2025-11-04 15:45:00,Bilbao,120,11,360
7653,AirPods Pro,4,2025-07-11 00:20:00,Bilbao,249,7,996
7654,Teclado Mecánico,3,2025-03-06 00:39:00,Valencia,120,3,360
7655,MacBook Pro,1,2025-08-13 03:34:00,Madrid,1499,8,1499
7656,MacBook Pro,4,2025-08-20 07:05:00,Bilbao,1499,8,5996
7657,Teclado Mecánico,4,2025-09-04 05:53:00,Barcelona,120,9,480
7658,Cargador USB-C,3,2025-09-06 19:36:00,Barcelona,25,9,75
7659,Teclado Mecánico,2,2025-10-12 03:02:00,Madrid,120,10,240
7660,Cargador USB-C,3,2025-07-24 19:05:00,Barcelona,25,7,75
7661,Cargador USB-C,4,2025-10-10 11:24:00,Bilbao,25,10,100
7662,Google Pixel 8,1,2025-01-25 19:50:00,Valencia,699,1,699
7663,Google Pixel 8,2,2025-10-03 19:21:00,Madrid,699,10,1398
7664,Teclado Mecánico,3,2025-07-23 15:07:00,Barcelona,120,7,360
7665,MacBook Pro,2,2025-07-27 19:56:00,Sevilla,1499,7,2998
7666,Teclado Mecánico,1,2025-05-23 17:25:00,Madrid,120,5,120
7667,iPhone 15,2,2025-12-23 15:26:00,Sevilla,999,12,1998
7668,Monitor 4K,1,2025-09-09 12:37:00,Bilbao,399,9,399
7669,MacBook Pro,1,2025-10-12 19:58:00,Barcelona,1499,10,1499
7671,iPhone 15,2,2025-08-25 20:07:00,Bilbao,999,8,1998
7672,Teclado Mecánico,2,2025-07-30 16:14:00,Barcelona,120,7,240
7673,MacBook Pro,4,2025-10-19 01:47:00,Valencia,1499,10,5996
7674,iPhone 15,4,2025-05-21 04:38:00,Bilbao,999,5,3996
7675,MacBook Pro,4,2025-02-14 18:24:00,Sevilla,1499,2,5996
7676,AirPods Pro,2,2025-08-04 02:13:00,Sevilla,249,8,498
7677,Teclado Mecánico,2,2025-12-21 11:36:00,Valencia,120,12,240
7678,iPhone 15,3,2025-04-22 22:01:00,Sevilla,999,4,2997
7679,Google Pixel 8,1,2025-11-11 19:50:00,Valencia,699,11,699
7680,iPhone 15,4,2025-04-09 21:22:00,Bilbao,999,4,3996
7681,Cargador USB-C,2,2025-05-11 04:14:00,Bilbao,25,5,50
7682,AirPods Pro,2,2025-07-24 20:57:00,Bilbao,249,7,498
7683,Teclado Mecánico,2,2025-04-11 00:22:00,Valencia,120,4,240
7684,MacBook Pro,1,2025-05-10 02:44:00,Valencia,1499,5,1499
7685,iPhone 15,4,2025-02-03 10:43:00,Bilbao,999,2,3996
7686,Google Pixel 8,2,2025-10-23 17:20:00,Madrid,699,10,1398
7687,AirPods Pro,1,2025-07-14 18:32:00,Bilbao,249,7,249
7688,Monitor 4K,4,2025-05-06 07:06:00,Sevilla,399,5,1596
7689,Cargador USB-C,2,2025-03-21 06:08:00,Sevilla,25,3,50
7691,AirPods Pro,2,2025-09-14 07:19:00,Bilbao,249,9,498
7692,AirPods Pro,1,2025-04-02 10:37:00,Valencia,249,4,249
7693,Monitor 4K,1,2025-06-17 21:32:00,Madrid,399,6,399
7694,Google Pixel 8,1,2025-05-01 00:50:00,Valencia,699,5,699
7695,iPhone 15,4,2025-08-21 00:13:00,Bilbao,999,8,3996
7696,AirPods Pro,1,2025-07-11 19:10:00,Madrid,249,7,249
7697,iPhone 15,3,2025-11-06 12:02:00,Barcelona,999,11,2997
7698,AirPods Pro,4,2025-02-26 01:10:00,Bilbao,249,2,996
7699,Teclado Mecánico,2,2025-12-20 12:18:00,Madrid,120,12,240
7700,Teclado Mecánico,4,2025-05-15 05:11:00,Sevilla,120,5,480
7701,iPhone 15,2,2025-05-01 09:16:00,Sevilla,999,5,1998
7702,Cargador USB-C,2,2025-08-20 14:32:00,Barcelona,25,8,50
7703,MacBook Pro,1,2025-05-18 02:41:00,Madrid,1499,5,1499
7704,Cargador USB-C,2,2025-04-26 05:32:00,Barcelona,25,4,50
7706,iPhone 15,1,2025-09-30 06:57:00,Barcelona,999,9,999
7707,Cargador USB-C,3,2025-11-16 05:04:00,Barcelona,25,11,75
7708,Google Pixel 8,1,2025-06-20 12:23:00,Valencia,699,6,699
7709,Teclado Mecánico,2,2025-01-11 23:58:00,Barcelona,120,1,240
7710,Teclado Mecánico,1,2025-10-18 07:39:00,Valencia,120,10,120
7711,Google Pixel 8,1,2025-04-13 22:11:00,Madrid,699,4,699
7712,Monitor 4K,3,2025-02-02 23:31:00,Barcelona,399,2,1197
7713,Google Pixel 8,1,2025-06-18 04:17:00,Valencia,699,6,699
7715,Cargador USB-C,1,2025-10-17 07:18:00,Bilbao,25,10,25
7716,Monitor 4K,3,2025-04-17 13:00:00,Madrid,399,4,1197
7717,MacBook Pro,3,2025-04-05 18:12:00,Bilbao,1499,4,4497
7718,Monitor 4K,4,2025-04-27 08:46:00,Valencia,399,4,1596
7719,Cargador USB-C,3,2025-03-02 00:41:00,Valencia,25,3,75
7720,iPhone 15,3,2025-11-19 12:34:00,Barcelona,999,11,2997
7721,Monitor 4K,4,2025-10-25 07:52:00,Valencia,399,10,1596
7722,Cargador USB-C,2,2025-03-10 15:04:00,Barcelona,25,3,50
7723,iPhone 15,3,2025-04-06 02:07:00,Valencia,999,4,2997
7724,Cargador USB-C,4,2025-10-12 05:52:00,Valencia,25,10,100
7725,Teclado Mecánico,4,2025-09-04 22:55:00,Madrid,120,9,480
7726,iPhone 15,1,2025-10-25 02:37:00,Barcelona,999,10,999
7727,iPhone 15,2,2025-05-05 00:05:00,Sevilla,999,5,1998
7728,Google Pixel 8,3,2025-12-09 00:29:00,Barcelona,699,12,2097
7729,MacBook Pro,3,2025-11-19 02:25:00,Barcelona,1499,11,4497
7731,AirPods Pro,1,2025-03-24 14:56:00,Bilbao,249,3,249
7732,iPhone 15,1,2025-11-16 15:19:00,Valencia,999,11,999
7733,Teclado Mecánico,4,2025-02-07 11:15:00,Barcelona,120,2,480
7734,MacBook Pro,4,2025-06-30 01:10:00,Sevilla,1499,6,5996
7735,Google Pixel 8,1,2025-04-01 12:11:00,Bilbao,699,4,699
7736,AirPods Pro,4,2025-10-17 19:51:00,Barcelona,249,10,996
7737,Google Pixel 8,2,2025-08-26 22:47:00,Barcelona,699,8,1398
7738,iPhone 15,4,2025-01-08 23:27:00,Sevilla,999,1,3996
7739,Google Pixel 8,2,2025-05-06 16:46:00,Madrid,699,5,1398
7740,Monitor 4K,3,2025-12-26 10:48:00,Barcelona,399,12,1197
7742,MacBook Pro,2,2025-12-17 12:26:00,Barcelona,1499,12,2998
7744,AirPods Pro,2,2025-01-20 00:57:00,Valencia,249,1,498
7745,Monitor 4K,1,2025-04-15 11:42:00,Bilbao,399,4,399
7746,iPhone 15,3,2025-04-06 13:27:00,Bilbao,999,4,2997
7747,Monitor 4K,2,2025-07-16 08:12:00,Valencia,399,7,798
7748,iPhone 15,4,2025-02-07 16:11:00,Valencia,999,2,3996
7749,Monitor 4K,1,2025-03-30 10:21:00,Sevilla,399,3,399
7750,MacBook Pro,4,2025-12-27 11:10:00,Bilbao,1499,12,5996
7751,Cargador USB-C,4,2025-07-17 21:23:00,Barcelona,25,7,100
7752,Google Pixel 8,1,2025-01-06 00:05:00,Sevilla,699,1,699
7753,Monitor 4K,3,2025-10-17 10:18:00,Sevilla,399,10,1197
7755,iPhone 15,2,2025-04-26 07:08:00,Bilbao,999,4,1998
7756,Teclado Mecánico,1,2025-12-25 04:46:00,Sevilla,120,12,120
7757,MacBook Pro,2,2025-11-05 18:54:00,Sevilla,1499,11,2998
7758,MacBook Pro,3,2025-04-26 08:53:00,Sevilla,1499,4,4497
7759,Google Pixel 8,1,2025-11-09 10:35:00,Bilbao,699,11,699
7760,Teclado Mecánico,2,2025-11-30 11:05:00,Valencia,120,11,240
7761,iPhone 15,4,2025-11-27 07:48:00,Madrid,999,11,3996
7762,Monitor 4K,4,2025-10-18 05:00:00,Barcelona,399,10,1596
7763,Monitor 4K,1,2025-06-03 18:56:00,Valencia,399,6,399
7764,Teclado Mecánico,3,2025-09-23 20:41:00,Madrid,120,9,360
7765,iPhone 15,1,2025-06-11 03:30:00,Madrid,999,6,999
7767,iPhone 15,1,2025-08-29 21:18:00,Sevilla,999,8,999
7768,AirPods Pro,4,2025-05-16 01:00:00,Barcelona,249,5,996
7770,Cargador USB-C,3,2025-01-30 00:16:00,Madrid,25,1,75
7772,Google Pixel 8,2,2025-12-13 21:08:00,Bilbao,699,12,1398
7773,iPhone 15,2,2025-09-09 15:16:00,Barcelona,999,9,1998
7774,Google Pixel 8,1,2025-07-12 23:50:00,Sevilla,699,7,699
7775,AirPods Pro,2,2025-11-14 19:49:00,Sevilla,249,11,498
7776,MacBook Pro,3,2025-07-19 19:57:00,Bilbao,1499,7,4497
7777,Cargador USB-C,1,2025-06-28 09:01:00,Sevilla,25,6,25
7778,Monitor 4K,4,2025-08-03 18:28:00,Madrid,399,8,1596
7779,MacBook Pro,1,2025-05-21 09:03:00,Madrid,1499,5,1499
7780,AirPods Pro,3,2025-08-16 06:01:00,Valencia,249,8,747
7781,iPhone 15,1,2025-12-07 14:30:00,Bilbao,999,12,999
7782,Cargador USB-C,1,2025-03-14 17:51:00,Madrid,25,3,25
7783,Teclado Mecánico,2,2025-09-07 19:14:00,Valencia,120,9,240
7784,Teclado Mecánico,4,2025-10-01 14:19:00,Madrid,120,10,480
7785,Teclado Mecánico,4,2025-08-22 20:21:00,Madrid,120,8,480
7786,MacBook Pro,4,2025-10-06 20:40:00,Valencia,1499,10,5996
7787,Cargador USB-C,4,2025-05-03 01:58:00,Madrid,25,5,100
7788,Monitor 4K,2,2025-07-01 15:35:00,Bilbao,399,7,798
7789,MacBook Pro,3,2025-12-03 11:38:00,Bilbao,1499,12,4497
7790,Cargador USB-C,4,2025-12-24 21:48:00,Barcelona,25,12,100
7791,Teclado Mecánico,2,2025-04-30 11:03:00,Madrid,120,4,240
7792,Teclado Mecánico,1,2025-12-06 01:25:00,Madrid,120,12,120
7793,Teclado Mecánico,3,2025-05-15 09:11:00,Barcelona,120,5,360
7794,Teclado Mecánico,1,2025-02-03 11:32:00,Madrid,120,2,120
7795,Monitor 4K,3,2025-03-12 02:47:00,Valencia,399,3,1197
7796,MacBook Pro,1,2025-11-07 15:11:00,Bilbao,1499,11,1499
7797,AirPods Pro,1,2025-02-21 16:21:00,Valencia,249,2,249
7798,MacBook Pro,1,2025-04-08 20:17:00,Sevilla,1499,4,1499
7799,AirPods Pro,3,2025-08-31 11:42:00,Sevilla,249,8,747
7800,iPhone 15,3,2025-12-06 12:54:00,Sevilla,999,12,2997
7801,Teclado Mecánico,1,2025-02-22 05:59:00,Sevilla,120,2,120
7803,Teclado Mecánico,4,2025-03-14 17:52:00,Barcelona,120,3,480
7805,iPhone 15,4,2025-01-29 08:41:00,Madrid,999,1,3996
7806,iPhone 15,2,2025-06-12 01:51:00,Sevilla,999,6,1998
7807,Google Pixel 8,2,2025-09-04 07:24:00,Barcelona,699,9,1398
7808,Monitor 4K,1,2025-07-24 09:16:00,Valencia,399,7,399
7809,AirPods Pro,1,2025-02-20 07:04:00,Madrid,249,2,249
7810,Teclado Mecánico,4,2025-12-15 16:09:00,Madrid,120,12,480
7811,Cargador USB-C,1,2025-11-08 02:21:00,Madrid,25,11,25
7812,Teclado Mecánico,3,2025-12-13 22:52:00,Valencia,120,12,360
7813,iPhone 15,1,2025-12-25 22:10:00,Bilbao,999,12,999
7814,Teclado Mecánico,3,2025-06-07 19:38:00,Valencia,120,6,360
7815,Teclado Mecánico,3,2025-09-23 15:28:00,Barcelona,120,9,360
7816,Cargador USB-C,1,2025-01-27 14:07:00,Bilbao,25,1,25
7817,Google Pixel 8,1,2025-08-16 20:53:00,Sevilla,699,8,699
7818,Google Pixel 8,3,2025-11-03 14:41:00,Bilbao,699,11,2097
7819,Google Pixel 8,1,2025-12-18 06:08:00,Barcelona,699,12,699
7820,Google Pixel 8,2,2025-07-07 16:48:00,Bilbao,699,7,1398
7821,Cargador USB-C,3,2025-01-29 13:43:00,Sevilla,25,1,75
7822,Cargador USB-C,3,2025-10-15 22:11:00,Madrid,25,10,75
7823,MacBook Pro,4,2025-02-13 16:30:00,Valencia,1499,2,5996
7824,Google Pixel 8,2,2025-02-22 08:17:00,Sevilla,699,2,1398
7825,Cargador USB-C,4,2025-01-13 06:38:00,Bilbao,25,1,100
7826,Monitor 4K,3,2025-05-18 20:34:00,Madrid,399,5,1197
7827,Cargador USB-C,1,2025-08-25 15:38:00,Sevilla,25,8,25
7828,Monitor 4K,4,2025-05-29 02:17:00,Madrid,399,5,1596
7829,Google Pixel 8,1,2025-04-11 06:03:00,Barcelona,699,4,699
7830,Monitor 4K,3,2025-06-21 23:06:00,Valencia,399,6,1197
7831,MacBook Pro,3,2025-06-16 20:15:00,Barcelona,1499,6,4497
7832,Google Pixel 8,4,2025-03-05 16:10:00,Barcelona,699,3,2796
7833,Google Pixel 8,3,2025-03-22 10:12:00,Barcelona,699,3,2097
7834,AirPods Pro,3,2025-05-27 16:35:00,Barcelona,249,5,747
7835,Cargador USB-C,4,2025-11-10 22:11:00,Valencia,25,11,100
7836,Monitor 4K,1,2025-05-11 15:37:00,Sevilla,399,5,399
7837,MacBook Pro,1,2025-08-20 23:04:00,Valencia,1499,8,1499
7838,AirPods Pro,3,2025-11-13 23:28:00,Valencia,249,11,747
7839,Monitor 4K,1,2025-03-12 05:53:00,Barcelona,399,3,399
7840,iPhone 15,1,2025-12-16 22:15:00,Barcelona,999,12,999
7841,iPhone 15,4,2025-09-13 18:11:00,Barcelona,999,9,3996
7842,Monitor 4K,4,2025-04-13 23:43:00,Valencia,399,4,1596
7843,Teclado Mecánico,2,2025-12-28 11:25:00,Bilbao,120,12,240
7844,MacBook Pro,3,2025-07-07 16:39:00,Valencia,1499,7,4497
7845,Cargador USB-C,1,2025-03-19 15:35:00,Valencia,25,3,25
7846,AirPods Pro,1,2025-04-13 15:11:00,Bilbao,249,4,249
7847,Cargador USB-C,3,2025-05-23 23:25:00,Bilbao,25,5,75
7848,iPhone 15,1,2025-03-31 13:43:00,Bilbao,999,3,999
7849,MacBook Pro,1,2025-09-14 18:24:00,Sevilla,1499,9,1499
7850,iPhone 15,4,2025-11-24 12:25:00,Sevilla,999,11,3996
7851,iPhone 15,4,2025-06-11 08:59:00,Bilbao,999,6,3996
7852,MacBook Pro,2,2025-04-14 01:14:00,Madrid,1499,4,2998
7853,iPhone 15,2,2025-01-17 07:50:00,Barcelona,999,1,1998
7854,AirPods Pro,1,2025-02-04 17:56:00,Barcelona,249,2,249
7855,Monitor 4K,4,2025-06-11 12:38:00,Barcelona,399,6,1596
7856,MacBook Pro,3,2025-06-19 21:29:00,Sevilla,1499,6,4497
7857,MacBook Pro,4,2025-08-28 11:52:00,Sevilla,1499,8,5996
7858,Monitor 4K,2,2025-12-22 11:34:00,Valencia,399,12,798
7859,AirPods Pro,3,2025-08-09 11:16:00,Sevilla,249,8,747
7860,Monitor 4K,4,2025-07-25 00:24:00,Bilbao,399,7,1596
7861,MacBook Pro,2,2025-11-25 13:57:00,Madrid,1499,11,2998
7862,Monitor 4K,2,2025-01-04 21:30:00,Sevilla,399,1,798
7863,MacBook Pro,2,2025-09-03 02:54:00,Bilbao,1499,9,2998
7864,AirPods Pro,2,2025-02-16 23:03:00,Valencia,249,2,498
7865,Teclado Mecánico,2,2025-03-15 20:21:00,Bilbao,120,3,240
7866,Monitor 4K,1,2025-07-17 19:29:00,Valencia,399,7,399
7867,Cargador USB-C,3,2025-01-09 08:32:00,Bilbao,25,1,75
7869,iPhone 15,1,2025-10-22 18:50:00,Valencia,999,10,999
7870,Teclado Mecánico,3,2025-06-17 06:40:00,Madrid,120,6,360
7871,Google Pixel 8,4,2025-02-25 23:27:00,Madrid,699,2,2796
7872,AirPods Pro,4,2025-12-04 05:27:00,Bilbao,249,12,996
7873,MacBook Pro,4,2025-03-18 11:31:00,Bilbao,1499,3,5996
7874,iPhone 15,3,2025-06-22 00:56:00,Valencia,999,6,2997
7875,MacBook Pro,2,2025-10-08 18:31:00,Barcelona,1499,10,2998
7876,MacBook Pro,1,2025-05-26 09:43:00,Valencia,1499,5,1499
7877,AirPods Pro,4,2025-07-14 01:06:00,Barcelona,249,7,996
7880,iPhone 15,2,2025-01-31 10:51:00,Sevilla,999,1,1998
7881,Google Pixel 8,1,2025-07-21 03:29:00,Valencia,699,7,699
7882,Google Pixel 8,1,2025-09-05 04:13:00,Bilbao,699,9,699
7883,Cargador USB-C,1,2025-06-07 03:14:00,Barcelona,25,6,25
7884,iPhone 15,2,2025-02-25 03:23:00,Valencia,999,2,1998
7885,MacBook Pro,3,2025-12-19 01:09:00,Valencia,1499,12,4497
7886,Monitor 4K,4,2025-09-08 12:11:00,Barcelona,399,9,1596
7887,AirPods Pro,2,2025-02-02 19:10:00,Madrid,249,2,498
7888,Monitor 4K,2,2025-03-28 16:02:00,Madrid,399,3,798
7889,Cargador USB-C,3,2025-04-29 01:12:00,Bilbao,25,4,75
7890,MacBook Pro,4,2025-10-28 20:48:00,Sevilla,1499,10,5996
7892,Monitor 4K,1,2025-11-12 11:05:00,Sevilla,399,11,399
7893,Cargador USB-C,3,2025-03-18 11:01:00,Sevilla,25,3,75
7894,iPhone 15,2,2025-06-07 11:34:00,Barcelona,999,6,1998
7895,iPhone 15,2,2025-01-18 04:54:00,Sevilla,999,1,1998
7896,MacBook Pro,3,2025-04-01 19:57:00,Barcelona,1499,4,4497
7897,Monitor 4K,1,2025-06-01 18:14:00,Madrid,399,6,399
7898,Google Pixel 8,3,2025-12-31 02:36:00,Barcelona,699,12,2097
7899,Teclado Mecánico,2,2025-11-03 06:27:00,Bilbao,120,11,240
7900,Teclado Mecánico,2,2025-03-26 10:36:00,Barcelona,120,3,240
7901,iPhone 15,2,2025-07-13 07:51:00,Madrid,999,7,1998
7902,MacBook Pro,3,2025-01-09 23:01:00,Bilbao,1499,1,4497
7903,Google Pixel 8,1,2025-08-23 03:26:00,Bilbao,699,8,699
7904,Cargador USB-C,2,2025-05-15 04:07:00,Madrid,25,5,50
7905,AirPods Pro,4,2025-09-24 08:15:00,Valencia,249,9,996
7906,AirPods Pro,4,2025-10-22 03:28:00,Valencia,249,10,996
7907,iPhone 15,2,2025-11-04 01:32:00,Madrid,999,11,1998
7908,MacBook Pro,4,2025-05-25 10:46:00,Barcelona,1499,5,5996
7909,AirPods Pro,2,2025-02-07 12:08:00,Barcelona,249,2,498
7911,Cargador USB-C,1,2025-10-23 04:01:00,Valencia,25,10,25
7912,iPhone 15,3,2025-12-25 22:00:00,Sevilla,999,12,2997
7913,Google Pixel 8,2,2025-10-22 12:13:00,Valencia,699,10,1398
7914,AirPods Pro,2,2025-05-02 16:25:00,Valencia,249,5,498
7915,Cargador USB-C,2,2025-01-20 15:21:00,Madrid,25,1,50
7916,Google Pixel 8,3,2025-04-27 18:01:00,Bilbao,699,4,2097
7917,AirPods Pro,1,2025-02-26 06:25:00,Barcelona,249,2,249
7918,MacBook Pro,1,2025-03-05 23:20:00,Sevilla,1499,3,1499
7919,Teclado Mecánico,1,2025-05-25 19:55:00,Valencia,120,5,120
7920,AirPods Pro,3,2025-04-13 15:27:00,Bilbao,249,4,747
7921,MacBook Pro,3,2025-11-17 14:45:00,Madrid,1499,11,4497
7923,AirPods Pro,3,2025-12-23 01:32:00,Sevilla,249,12,747
7924,Cargador USB-C,4,2025-02-06 00:02:00,Valencia,25,2,100
7925,AirPods Pro,1,2025-02-02 14:53:00,Bilbao,249,2,249
7926,Cargador USB-C,3,2025-05-20 00:51:00,Sevilla,25,5,75
7927,Teclado Mecánico,4,2025-10-01 06:22:00,Barcelona,120,10,480
7928,Teclado Mecánico,4,2025-10-24 22:13:00,Barcelona,120,10,480
7929,MacBook Pro,3,2025-03-20 14:42:00,Valencia,1499,3,4497
7930,iPhone 15,2,2025-09-03 08:12:00,Madrid,999,9,1998
7931,Google Pixel 8,1,2025-12-01 06:37:00,Bilbao,699,12,699
7932,Cargador USB-C,3,2025-10-15 02:51:00,Madrid,25,10,75
7934,iPhone 15,4,2025-11-30 01:05:00,Sevilla,999,11,3996
7935,Monitor 4K,1,2025-03-26 18:21:00,Bilbao,399,3,399
7936,AirPods Pro,3,2025-01-23 02:10:00,Sevilla,249,1,747
7937,AirPods Pro,4,2025-11-14 23:16:00,Madrid,249,11,996
7938,iPhone 15,1,2025-12-09 17:47:00,Madrid,999,12,999
7939,Cargador USB-C,4,2025-11-29 11:44:00,Barcelona,25,11,100
7940,Google Pixel 8,3,2025-08-20 11:22:00,Barcelona,699,8,2097
7941,Teclado Mecánico,2,2025-05-07 18:50:00,Sevilla,120,5,240
7942,Google Pixel 8,2,2025-03-16 10:52:00,Valencia,699,3,1398
7943,iPhone 15,4,2025-06-23 13:30:00,Sevilla,999,6,3996
7944,Google Pixel 8,2,2025-11-22 16:03:00,Barcelona,699,11,1398
7946,Google Pixel 8,2,2025-10-28 08:58:00,Sevilla,699,10,1398
7947,iPhone 15,3,2025-09-12 18:06:00,Barcelona,999,9,2997
7948,iPhone 15,4,2025-02-28 12:22:00,Barcelona,999,2,3996
7949,Monitor 4K,2,2025-06-28 04:30:00,Valencia,399,6,798
7950,Monitor 4K,2,2025-10-20 09:55:00,Bilbao,399,10,798
7951,AirPods Pro,4,2025-12-10 10:52:00,Valencia,249,12,996
7952,iPhone 15,4,2025-02-05 10:06:00,Valencia,999,2,3996
7953,MacBook Pro,1,2025-12-03 04:18:00,Valencia,1499,12,1499
7954,Google Pixel 8,3,2025-06-10 01:16:00,Bilbao,699,6,2097
7955,iPhone 15,1,2025-07-04 22:37:00,Bilbao,999,7,999
7956,AirPods Pro,1,2025-02-03 06:09:00,Madrid,249,2,249
7957,Cargador USB-C,2,2025-07-27 22:45:00,Bilbao,25,7,50
7959,Cargador USB-C,1,2025-08-15 17:19:00,Madrid,25,8,25
7960,Cargador USB-C,2,2025-07-25 15:06:00,Madrid,25,7,50
7961,iPhone 15,4,2025-08-18 20:26:00,Valencia,999,8,3996
7962,iPhone 15,3,2025-02-21 11:42:00,Valencia,999,2,2997
7963,Google Pixel 8,1,2025-01-09 04:30:00,Madrid,699,1,699
7964,iPhone 15,3,2025-12-17 16:54:00,Barcelona,999,12,2997
7965,Google Pixel 8,4,2025-06-04 16:22:00,Barcelona,699,6,2796
7966,Cargador USB-C,3,2025-11-17 05:10:00,Barcelona,25,11,75
7967,Cargador USB-C,4,2025-08-12 22:17:00,Bilbao,25,8,100
7968,iPhone 15,2,2025-08-24 13:14:00,Barcelona,999,8,1998
7969,Google Pixel 8,2,2025-04-26 21:40:00,Valencia,699,4,1398
7970,Google Pixel 8,3,2025-08-24 03:30:00,Barcelona,699,8,2097
7972,Teclado Mecánico,2,2025-10-27 13:12:00,Valencia,120,10,240
7973,AirPods Pro,4,2025-08-06 06:33:00,Barcelona,249,8,996
7974,Teclado Mecánico,2,2025-01-09 09:35:00,Sevilla,120,1,240
7975,Monitor 4K,4,2025-06-21 10:33:00,Sevilla,399,6,1596
7976,MacBook Pro,3,2025-03-11 11:37:00,Madrid,1499,3,4497
7977,Cargador USB-C,3,2025-01-05 05:58:00,Sevilla,25,1,75
7978,MacBook Pro,1,2025-01-20 17:27:00,Valencia,1499,1,1499
7979,AirPods Pro,4,2025-08-07 22:57:00,Sevilla,249,8,996
7980,AirPods Pro,2,2025-10-28 08:51:00,Madrid,249,10,498
7981,AirPods Pro,2,2025-11-02 22:38:00,Sevilla,249,11,498
7982,Cargador USB-C,3,2025-05-12 14:13:00,Madrid,25,5,75
7983,Monitor 4K,1,2025-07-26 04:59:00,Barcelona,399,7,399
7984,Teclado Mecánico,3,2025-02-11 18:25:00,Bilbao,120,2,360
7985,AirPods Pro,3,2025-11-18 12:40:00,Bilbao,249,11,747
7987,Cargador USB-C,3,2025-12-13 04:06:00,Madrid,25,12,75
7988,Cargador USB-C,1,2025-06-30 13:24:00,Sevilla,25,6,25
7989,AirPods Pro,1,2025-05-27 08:14:00,Madrid,249,5,249
7990,iPhone 15,3,2025-11-12 18:42:00,Sevilla,999,11,2997
7991,AirPods Pro,1,2025-04-21 01:31:00,Barcelona,249,4,249
7992,Teclado Mecánico,4,2025-11-30 06:55:00,Bilbao,120,11,480
7993,AirPods Pro,4,2025-09-09 16:28:00,Valencia,249,9,996
7994,Teclado Mecánico,4,2025-03-14 19:10:00,Bilbao,120,3,480
7995,Cargador USB-C,2,2025-04-29 01:17:00,Sevilla,25,4,50
7996,AirPods Pro,4,2025-10-25 04:33:00,Sevilla,249,10,996
7997,Monitor 4K,4,2025-06-17 01:46:00,Bilbao,399,6,1596
7998,Google Pixel 8,2,2025-06-22 01:21:00,Valencia,699,6,1398
7999,iPhone 15,2,2025-10-01 23:38:00,Bilbao,999,10,1998
8000,iPhone 15,4,2025-04-03 18:57:00,Sevilla,999,4,3996
8001,MacBook Pro,3,2025-12-28 11:13:00,Valencia,1499,12,4497
8002,Google Pixel 8,2,2025-10-09 06:39:00,Sevilla,699,10,1398
8003,MacBook Pro,2,2025-01-07 21:44:00,Bilbao,1499,1,2998
8004,Teclado Mecánico,4,2025-02-12 13:58:00,Valencia,120,2,480
8005,Teclado Mecánico,3,2025-10-21 11:59:00,Valencia,120,10,360
8006,Google Pixel 8,2,2025-11-06 00:25:00,Bilbao,699,11,1398
8007,Cargador USB-C,1,2025-02-04 14:56:00,Madrid,25,2,25
8008,Teclado Mecánico,4,2025-05-14 11:48:00,Bilbao,120,5,480
8010,AirPods Pro,4,2025-07-10 06:26:00,Madrid,249,7,996
8011,MacBook Pro,3,2025-08-30 17:42:00,Madrid,1499,8,4497
8012,AirPods Pro,4,2025-01-04 18:22:00,Bilbao,249,1,996
8013,Cargador USB-C,4,2025-04-22 01:53:00,Sevilla,25,4,100
8014,MacBook Pro,1,2025-06-21 09:30:00,Valencia,1499,6,1499
8015,MacBook Pro,3,2025-09-01 07:55:00,Sevilla,1499,9,4497
8016,Google Pixel 8,3,2025-01-18 03:33:00,Bilbao,699,1,2097
8017,AirPods Pro,3,2025-06-25 20:55:00,Bilbao,249,6,747
8018,Monitor 4K,2,2025-07-19 08:03:00,Bilbao,399,7,798
8019,Monitor 4K,1,2025-04-15 12:24:00,Barcelona,399,4,399
8020,Monitor 4K,1,2025-12-11 10:11:00,Bilbao,399,12,399
8022,AirPods Pro,2,2025-05-10 11:20:00,Madrid,249,5,498
8024,Teclado Mecánico,3,2025-04-30 13:52:00,Bilbao,120,4,360
8025,Cargador USB-C,4,2025-02-08 04:21:00,Valencia,25,2,100
8026,Cargador USB-C,1,2025-11-01 22:18:00,Bilbao,25,11,25
8027,Monitor 4K,1,2025-03-12 13:44:00,Barcelona,399,3,399
8028,Google Pixel 8,2,2025-04-05 20:49:00,Bilbao,699,4,1398
8029,Teclado Mecánico,3,2025-10-30 17:03:00,Madrid,120,10,360
8030,Cargador USB-C,3,2025-05-24 20:39:00,Bilbao,25,5,75
8031,iPhone 15,4,2025-01-27 03:55:00,Madrid,999,1,3996
8032,Cargador USB-C,4,2025-10-06 09:10:00,Valencia,25,10,100
8033,AirPods Pro,4,2025-12-23 20:45:00,Valencia,249,12,996
8034,MacBook Pro,3,2025-01-28 02:10:00,Bilbao,1499,1,4497
8036,AirPods Pro,4,2025-12-11 08:56:00,Valencia,249,12,996
8037,Monitor 4K,1,2025-03-15 23:49:00,Valencia,399,3,399
8038,Teclado Mecánico,4,2025-12-02 21:26:00,Valencia,120,12,480
8039,MacBook Pro,4,2025-08-27 16:36:00,Bilbao,1499,8,5996
8040,iPhone 15,3,2025-09-25 08:40:00,Bilbao,999,9,2997
8041,Cargador USB-C,4,2025-11-04 06:07:00,Valencia,25,11,100
8042,Monitor 4K,2,2025-03-11 00:31:00,Valencia,399,3,798
8044,AirPods Pro,1,2025-05-20 12:11:00,Madrid,249,5,249
8045,Monitor 4K,4,2025-04-07 15:20:00,Madrid,399,4,1596
8046,Cargador USB-C,3,2025-09-22 08:40:00,Barcelona,25,9,75
8047,iPhone 15,4,2025-09-18 17:11:00,Barcelona,999,9,3996
8048,Cargador USB-C,4,2025-11-13 09:55:00,Sevilla,25,11,100
8049,Monitor 4K,4,2025-09-10 05:33:00,Valencia,399,9,1596
8050,iPhone 15,3,2025-11-01 12:02:00,Bilbao,999,11,2997
8051,Google Pixel 8,3,2025-02-28 23:41:00,Sevilla,699,2,2097
8052,Google Pixel 8,2,2025-04-04 18:02:00,Bilbao,699,4,1398
8053,Cargador USB-C,2,2025-07-09 19:53:00,Bilbao,25,7,50
8054,MacBook Pro,3,2025-09-09 13:11:00,Sevilla,1499,9,4497
8055,AirPods Pro,4,2025-12-14 10:47:00,Sevilla,249,12,996
8056,MacBook Pro,4,2025-03-07 00:55:00,Madrid,1499,3,5996
8057,MacBook Pro,3,2025-06-28 15:56:00,Bilbao,1499,6,4497
8058,Google Pixel 8,3,2025-12-21 19:46:00,Valencia,699,12,2097
8059,Monitor 4K,4,2025-07-17 16:21:00,Bilbao,399,7,1596
8060,Google Pixel 8,2,2025-05-05 17:35:00,Bilbao,699,5,1398
8061,MacBook Pro,3,2025-12-19 16:54:00,Sevilla,1499,12,4497
8062,Monitor 4K,4,2025-03-07 01:46:00,Bilbao,399,3,1596
8063,Cargador USB-C,4,2025-09-05 09:04:00,Madrid,25,9,100
8064,Google Pixel 8,1,2025-12-22 08:45:00,Madrid,699,12,699
8065,Monitor 4K,1,2025-07-22 07:25:00,Sevilla,399,7,399
8066,MacBook Pro,4,2025-08-11 21:26:00,Madrid,1499,8,5996
8067,MacBook Pro,3,2025-03-02 15:01:00,Barcelona,1499,3,4497
8068,MacBook Pro,1,2025-10-01 22:43:00,Bilbao,1499,10,1499
8069,Monitor 4K,1,2025-08-05 15:34:00,Bilbao,399,8,399
8070,Teclado Mecánico,1,2025-02-06 07:55:00,Bilbao,120,2,120
8071,AirPods Pro,2,2025-11-21 07:17:00,Madrid,249,11,498
8072,Cargador USB-C,3,2025-12-09 04:36:00,Barcelona,25,12,75
8073,Monitor 4K,1,2025-05-17 16:07:00,Bilbao,399,5,399
8074,AirPods Pro,3,2025-12-19 19:24:00,Barcelona,249,12,747
8075,Cargador USB-C,2,2025-06-23 22:48:00,Valencia,25,6,50
8076,Google Pixel 8,3,2025-08-12 12:33:00,Valencia,699,8,2097
8077,AirPods Pro,3,2025-04-14 17:48:00,Madrid,249,4,747
8078,iPhone 15,3,2025-02-10 11:53:00,Valencia,999,2,2997
8079,Teclado Mecánico,3,2025-02-23 09:08:00,Madrid,120,2,360
8080,Monitor 4K,3,2025-09-22 17:17:00,Sevilla,399,9,1197
8081,Google Pixel 8,1,2025-05-14 02:59:00,Barcelona,699,5,699
8082,Google Pixel 8,2,2025-11-28 13:04:00,Bilbao,699,11,1398
8084,Cargador USB-C,2,2025-10-15 10:51:00,Bilbao,25,10,50
8085,MacBook Pro,1,2025-09-16 04:20:00,Barcelona,1499,9,1499
8086,AirPods Pro,2,2025-10-24 14:35:00,Valencia,249,10,498
8087,Teclado Mecánico,1,2025-10-02 13:15:00,Sevilla,120,10,120
8088,Teclado Mecánico,1,2025-09-13 03:45:00,Valencia,120,9,120
8089,Monitor 4K,1,2025-06-16 01:59:00,Madrid,399,6,399
8090,Google Pixel 8,3,2025-10-26 17:52:00,Sevilla,699,10,2097
8091,MacBook Pro,3,2025-11-28 06:02:00,Bilbao,1499,11,4497
8092,Teclado Mecánico,1,2025-05-12 07:24:00,Madrid,120,5,120
8094,Google Pixel 8,1,2025-02-22 23:22:00,Sevilla,699,2,699
8095,Google Pixel 8,1,2025-12-23 16:59:00,Bilbao,699,12,699
8096,MacBook Pro,2,2025-06-24 09:55:00,Sevilla,1499,6,2998
8097,MacBook Pro,3,2025-08-23 16:26:00,Madrid,1499,8,4497
8098,MacBook Pro,2,2025-08-07 04:02:00,Bilbao,1499,8,2998
8099,Teclado Mecánico,2,2025-02-26 15:58:00,Sevilla,120,2,240
8100,iPhone 15,4,2025-08-05 06:21:00,Valencia,999,8,3996
8102,Google Pixel 8,4,2025-12-09 18:49:00,Madrid,699,12,2796
8103,AirPods Pro,3,2025-10-28 09:46:00,Barcelona,249,10,747
8104,iPhone 15,3,2025-05-16 23:51:00,Madrid,999,5,2997
8105,Monitor 4K,1,2025-09-30 12:47:00,Sevilla,399,9,399
8106,Monitor 4K,4,2025-05-16 18:52:00,Sevilla,399,5,1596
8107,Cargador USB-C,2,2025-05-18 17:56:00,Valencia,25,5,50
8108,Monitor 4K,3,2025-11-02 04:03:00,Bilbao,399,11,1197
8109,Cargador USB-C,4,2025-11-18 20:34:00,Sevilla,25,11,100
8110,MacBook Pro,2,2025-06-07 18:24:00,Barcelona,1499,6,2998
8111,Google Pixel 8,4,2025-01-15 09:10:00,Madrid,699,1,2796
8112,iPhone 15,1,2025-01-17 06:23:00,Valencia,999,1,999
8113,Monitor 4K,4,2025-03-27 00:48:00,Barcelona,399,3,1596
8114,Google Pixel 8,4,2025-05-24 05:04:00,Bilbao,699,5,2796
8115,AirPods Pro,1,2025-02-17 00:40:00,Bilbao,249,2,249
8116,iPhone 15,3,2025-08-13 00:26:00,Barcelona,999,8,2997
8117,Cargador USB-C,4,2025-04-29 03:57:00,Madrid,25,4,100
8118,AirPods Pro,3,2025-07-08 16:35:00,Madrid,249,7,747
8119,iPhone 15,4,2025-05-26 21:52:00,Bilbao,999,5,3996
8120,Cargador USB-C,3,2025-02-13 00:23:00,Bilbao,25,2,75
8121,iPhone 15,4,2025-01-27 01:07:00,Sevilla,999,1,3996
8122,Google Pixel 8,1,2025-08-26 18:07:00,Barcelona,699,8,699
8123,Teclado Mecánico,4,2025-01-15 17:29:00,Sevilla,120,1,480
8124,Monitor 4K,2,2025-11-20 17:29:00,Barcelona,399,11,798
8125,Monitor 4K,3,2025-10-27 12:53:00,Valencia,399,10,1197
8126,Teclado Mecánico,1,2025-10-19 03:32:00,Barcelona,120,10,120
8127,Google Pixel 8,3,2025-09-01 03:56:00,Madrid,699,9,2097
8128,Cargador USB-C,4,2025-06-05 23:37:00,Valencia,25,6,100
8129,iPhone 15,2,2025-08-31 10:41:00,Madrid,999,8,1998
8130,iPhone 15,3,2025-02-14 06:36:00,Sevilla,999,2,2997
8131,MacBook Pro,2,2025-05-19 08:34:00,Valencia,1499,5,2998
8132,iPhone 15,1,2025-09-17 02:23:00,Bilbao,999,9,999
8133,Teclado Mecánico,3,2025-08-06 11:46:00,Barcelona,120,8,360
8134,Cargador USB-C,2,2025-12-02 11:46:00,Madrid,25,12,50
8135,AirPods Pro,1,2025-01-25 10:00:00,Bilbao,249,1,249
8136,Monitor 4K,1,2025-12-10 04:12:00,Barcelona,399,12,399
8137,iPhone 15,1,2025-09-06 00:42:00,Sevilla,999,9,999
8138,Cargador USB-C,4,2025-11-01 01:58:00,Bilbao,25,11,100
8139,AirPods Pro,2,2025-05-13 21:20:00,Barcelona,249,5,498
8140,Monitor 4K,3,2025-08-12 05:18:00,Sevilla,399,8,1197
8141,Google Pixel 8,2,2025-10-03 08:11:00,Sevilla,699,10,1398
8142,MacBook Pro,2,2025-07-13 16:39:00,Madrid,1499,7,2998
8143,Teclado Mecánico,2,2025-09-21 00:42:00,Valencia,120,9,240
8144,Cargador USB-C,2,2025-05-11 15:41:00,Valencia,25,5,50
8145,Google Pixel 8,2,2025-07-27 00:08:00,Sevilla,699,7,1398
8146,Monitor 4K,2,2025-05-16 20:12:00,Bilbao,399,5,798
8148,Google Pixel 8,3,2025-05-10 08:31:00,Valencia,699,5,2097
8149,Google Pixel 8,4,2025-02-24 21:28:00,Valencia,699,2,2796
8150,iPhone 15,4,2025-11-14 18:41:00,Sevilla,999,11,3996
8151,Teclado Mecánico,1,2025-11-27 13:11:00,Sevilla,120,11,120
8152,Monitor 4K,2,2025-10-01 10:45:00,Barcelona,399,10,798
8153,Teclado Mecánico,1,2025-04-14 11:09:00,Barcelona,120,4,120
8154,MacBook Pro,4,2025-07-27 19:34:00,Sevilla,1499,7,5996
8155,iPhone 15,2,2025-03-12 11:43:00,Valencia,999,3,1998
8156,iPhone 15,3,2025-08-01 01:48:00,Barcelona,999,8,2997
8157,Google Pixel 8,1,2025-08-21 05:36:00,Valencia,699,8,699
8158,Teclado Mecánico,2,2025-11-13 01:07:00,Sevilla,120,11,240
8159,Monitor 4K,3,2025-06-25 10:07:00,Sevilla,399,6,1197
8161,AirPods Pro,1,2025-12-27 13:59:00,Valencia,249,12,249
8162,MacBook Pro,4,2025-08-05 05:31:00,Sevilla,1499,8,5996
8163,iPhone 15,2,2025-02-18 07:41:00,Barcelona,999,2,1998
8164,AirPods Pro,1,2025-11-16 01:09:00,Bilbao,249,11,249
8165,Cargador USB-C,2,2025-09-28 03:46:00,Barcelona,25,9,50
8166,Teclado Mecánico,3,2025-06-14 12:38:00,Barcelona,120,6,360
8167,AirPods Pro,1,2025-03-22 09:54:00,Valencia,249,3,249
8168,Google Pixel 8,3,2025-02-04 14:37:00,Madrid,699,2,2097
8169,MacBook Pro,1,2025-11-27 13:20:00,Madrid,1499,11,1499
8170,MacBook Pro,1,2025-09-21 13:11:00,Madrid,1499,9,1499
8171,Teclado Mecánico,3,2025-04-27 18:13:00,Bilbao,120,4,360
8172,Google Pixel 8,3,2025-10-28 13:03:00,Madrid,699,10,2097
8174,iPhone 15,3,2025-09-10 13:14:00,Bilbao,999,9,2997
8175,Google Pixel 8,4,2025-05-05 05:50:00,Barcelona,699,5,2796
8176,Monitor 4K,1,2025-03-14 01:02:00,Valencia,399,3,399
8177,Teclado Mecánico,2,2025-02-13 18:12:00,Bilbao,120,2,240
8178,Google Pixel 8,4,2025-06-26 21:01:00,Sevilla,699,6,2796
8179,Google Pixel 8,4,2025-10-26 07:11:00,Bilbao,699,10,2796
8180,Monitor 4K,1,2025-05-19 23:54:00,Valencia,399,5,399
8181,Monitor 4K,3,2025-04-16 08:31:00,Madrid,399,4,1197
8182,MacBook Pro,1,2025-08-10 08:24:00,Bilbao,1499,8,1499
8183,iPhone 15,4,2025-03-28 06:41:00,Barcelona,999,3,3996
8184,MacBook Pro,3,2025-07-08 04:29:00,Valencia,1499,7,4497
8185,Teclado Mecánico,2,2025-02-14 11:29:00,Sevilla,120,2,240
8186,Cargador USB-C,3,2025-07-26 11:42:00,Sevilla,25,7,75
8187,MacBook Pro,3,2025-11-28 17:53:00,Madrid,1499,11,4497
8190,Teclado Mecánico,4,2025-07-01 09:28:00,Sevilla,120,7,480
8191,Monitor 4K,1,2025-04-05 14:08:00,Sevilla,399,4,399
8192,Monitor 4K,3,2025-01-13 22:33:00,Barcelona,399,1,1197
8193,Teclado Mecánico,1,2025-03-01 20:38:00,Barcelona,120,3,120
8194,iPhone 15,4,2025-12-02 15:29:00,Bilbao,999,12,3996
8195,AirPods Pro,2,2025-09-11 08:01:00,Bilbao,249,9,498
8196,Google Pixel 8,4,2025-11-24 04:29:00,Sevilla,699,11,2796
8197,Teclado Mecánico,2,2025-04-04 02:43:00,Sevilla,120,4,240
8198,MacBook Pro,3,2025-08-19 05:21:00,Sevilla,1499,8,4497
8199,AirPods Pro,4,2025-12-27 18:15:00,Barcelona,249,12,996
8200,iPhone 15,3,2025-08-09 11:37:00,Sevilla,999,8,2997
8201,Cargador USB-C,1,2025-06-22 02:14:00,Sevilla,25,6,25
8202,AirPods Pro,3,2025-05-17 00:30:00,Barcelona,249,5,747
8203,AirPods Pro,1,2025-10-28 09:32:00,Barcelona,249,10,249
8204,Teclado Mecánico,2,2025-09-12 02:18:00,Sevilla,120,9,240
8205,AirPods Pro,4,2025-08-15 04:36:00,Bilbao,249,8,996
8206,Cargador USB-C,1,2025-06-11 16:52:00,Valencia,25,6,25
8207,Cargador USB-C,4,2025-05-19 01:51:00,Madrid,25,5,100
8208,MacBook Pro,3,2025-10-30 06:05:00,Madrid,1499,10,4497
8209,Teclado Mecánico,3,2025-11-13 21:21:00,Valencia,120,11,360
8211,Google Pixel 8,3,2025-07-16 08:05:00,Valencia,699,7,2097
8212,Teclado Mecánico,1,2025-07-26 05:04:00,Barcelona,120,7,120
8213,MacBook Pro,4,2025-10-06 11:55:00,Bilbao,1499,10,5996
8214,iPhone 15,1,2025-12-09 23:55:00,Bilbao,999,12,999
8215,Cargador USB-C,3,2025-03-03 17:11:00,Valencia,25,3,75
8216,AirPods Pro,3,2025-05-22 18:04:00,Barcelona,249,5,747
8217,Monitor 4K,2,2025-06-08 14:22:00,Sevilla,399,6,798
8218,iPhone 15,4,2025-09-17 14:49:00,Valencia,999,9,3996
8219,iPhone 15,3,2025-01-30 03:08:00,Barcelona,999,1,2997
8221,MacBook Pro,3,2025-03-18 19:29:00,Valencia,1499,3,4497
8222,Google Pixel 8,1,2025-10-07 02:20:00,Madrid,699,10,699
8223,Google Pixel 8,3,2025-07-04 12:58:00,Bilbao,699,7,2097
8224,AirPods Pro,4,2025-05-07 23:45:00,Madrid,249,5,996
8225,Monitor 4K,3,2025-07-27 00:28:00,Valencia,399,7,1197
8226,Teclado Mecánico,3,2025-03-28 05:30:00,Sevilla,120,3,360
8227,Teclado Mecánico,3,2025-07-22 21:42:00,Bilbao,120,7,360
8228,Teclado Mecánico,2,2025-01-18 20:38:00,Sevilla,120,1,240
8229,AirPods Pro,1,2025-05-21 16:12:00,Barcelona,249,5,249
8230,Monitor 4K,4,2025-10-01 05:58:00,Sevilla,399,10,1596
8231,Cargador USB-C,3,2025-01-18 21:07:00,Barcelona,25,1,75
8232,Teclado Mecánico,3,2025-06-20 07:58:00,Valencia,120,6,360
8233,Teclado Mecánico,3,2025-02-04 17:16:00,Madrid,120,2,360
8234,iPhone 15,3,2025-03-01 14:16:00,Madrid,999,3,2997
8235,Teclado Mecánico,2,2025-04-23 03:26:00,Bilbao,120,4,240
8236,iPhone 15,4,2025-05-06 17:51:00,Barcelona,999,5,3996
8237,MacBook Pro,3,2025-05-05 03:52:00,Madrid,1499,5,4497
8238,Google Pixel 8,1,2025-05-17 08:41:00,Valencia,699,5,699
8239,MacBook Pro,2,2025-11-26 14:51:00,Sevilla,1499,11,2998
8241,Teclado Mecánico,2,2025-09-27 12:12:00,Madrid,120,9,240
8242,AirPods Pro,2,2025-01-08 19:48:00,Valencia,249,1,498
8243,Google Pixel 8,3,2025-07-08 18:49:00,Madrid,699,7,2097
8244,Teclado Mecánico,3,2025-01-04 20:00:00,Barcelona,120,1,360
8245,Cargador USB-C,3,2025-02-09 18:07:00,Barcelona,25,2,75
8246,Google Pixel 8,3,2025-07-28 16:43:00,Madrid,699,7,2097
8247,MacBook Pro,4,2025-09-26 02:45:00,Valencia,1499,9,5996
8248,Teclado Mecánico,3,2025-01-29 13:16:00,Bilbao,120,1,360
8249,Google Pixel 8,2,2025-10-19 20:37:00,Bilbao,699,10,1398
8251,Monitor 4K,3,2025-01-07 10:59:00,Madrid,399,1,1197
8252,AirPods Pro,2,2025-01-20 09:31:00,Bilbao,249,1,498
8253,Teclado Mecánico,2,2025-01-18 20:22:00,Sevilla,120,1,240
8254,AirPods Pro,4,2025-01-28 07:37:00,Bilbao,249,1,996
8255,Monitor 4K,1,2025-12-08 21:43:00,Barcelona,399,12,399
8256,MacBook Pro,2,2025-11-15 01:12:00,Barcelona,1499,11,2998
8257,MacBook Pro,2,2025-04-09 20:31:00,Bilbao,1499,4,2998
8258,iPhone 15,3,2025-03-07 03:25:00,Barcelona,999,3,2997
8259,Cargador USB-C,3,2025-08-13 22:40:00,Madrid,25,8,75
8260,MacBook Pro,1,2025-02-13 04:55:00,Valencia,1499,2,1499
8261,Google Pixel 8,3,2025-02-21 12:18:00,Bilbao,699,2,2097
8262,iPhone 15,2,2025-08-26 08:53:00,Bilbao,999,8,1998
8263,Cargador USB-C,4,2025-05-02 14:14:00,Sevilla,25,5,100
8264,iPhone 15,2,2025-11-29 04:33:00,Valencia,999,11,1998
8265,Teclado Mecánico,2,2025-09-29 16:10:00,Sevilla,120,9,240
8266,Cargador USB-C,1,2025-08-10 00:16:00,Sevilla,25,8,25
8267,Teclado Mecánico,1,2025-07-25 01:28:00,Barcelona,120,7,120
8268,Google Pixel 8,1,2025-10-04 18:41:00,Barcelona,699,10,699
8269,Cargador USB-C,3,2025-12-18 04:27:00,Barcelona,25,12,75
8270,Google Pixel 8,2,2025-02-12 23:42:00,Bilbao,699,2,1398
8271,AirPods Pro,1,2025-06-23 10:28:00,Barcelona,249,6,249
8272,MacBook Pro,1,2025-02-11 01:35:00,Bilbao,1499,2,1499
8273,Monitor 4K,4,2025-01-19 21:58:00,Barcelona,399,1,1596
8274,iPhone 15,3,2025-06-14 03:12:00,Sevilla,999,6,2997
8275,MacBook Pro,4,2025-03-11 05:15:00,Valencia,1499,3,5996
8276,MacBook Pro,2,2025-11-22 07:30:00,Valencia,1499,11,2998
8277,MacBook Pro,3,2025-01-12 09:06:00,Bilbao,1499,1,4497
8278,AirPods Pro,1,2025-07-16 10:58:00,Sevilla,249,7,249
8279,AirPods Pro,4,2025-10-16 19:46:00,Sevilla,249,10,996
8280,Google Pixel 8,1,2025-03-03 19:18:00,Madrid,699,3,699
8281,Google Pixel 8,4,2025-09-10 21:01:00,Madrid,699,9,2796
8282,Teclado Mecánico,1,2025-02-22 08:56:00,Sevilla,120,2,120
8283,Monitor 4K,2,2025-10-11 13:00:00,Barcelona,399,10,798
8284,Cargador USB-C,1,2025-06-29 05:54:00,Barcelona,25,6,25
8285,AirPods Pro,3,2025-08-28 18:06:00,Sevilla,249,8,747
8286,Teclado Mecánico,3,2025-06-09 20:01:00,Sevilla,120,6,360
8287,Teclado Mecánico,1,2025-06-17 16:57:00,Bilbao,120,6,120
8288,Teclado Mecánico,1,2025-02-09 23:13:00,Sevilla,120,2,120
8289,Monitor 4K,3,2025-04-14 05:51:00,Valencia,399,4,1197
8290,Google Pixel 8,3,2025-06-19 07:03:00,Sevilla,699,6,2097
8291,Monitor 4K,2,2025-12-12 01:06:00,Valencia,399,12,798
8292,Monitor 4K,1,2025-03-08 12:49:00,Sevilla,399,3,399
8293,Google Pixel 8,3,2025-10-29 09:47:00,Bilbao,699,10,2097
8294,AirPods Pro,2,2025-05-15 00:39:00,Barcelona,249,5,498
8295,Cargador USB-C,1,2025-12-16 20:43:00,Valencia,25,12,25
8296,Cargador USB-C,3,2025-12-12 10:15:00,Madrid,25,12,75
8297,iPhone 15,4,2025-07-30 15:52:00,Madrid,999,7,3996
8298,Google Pixel 8,3,2025-08-17 10:31:00,Valencia,699,8,2097
8299,AirPods Pro,1,2025-11-16 09:45:00,Madrid,249,11,249
8302,Teclado Mecánico,3,2025-11-01 22:43:00,Bilbao,120,11,360
8303,Google Pixel 8,4,2025-09-18 03:13:00,Sevilla,699,9,2796
8304,Monitor 4K,1,2025-12-20 13:38:00,Bilbao,399,12,399
8305,MacBook Pro,4,2025-03-03 08:28:00,Barcelona,1499,3,5996
8306,Cargador USB-C,1,2025-07-31 07:58:00,Bilbao,25,7,25
8307,Monitor 4K,3,2025-01-21 10:15:00,Sevilla,399,1,1197
8308,Teclado Mecánico,4,2025-09-04 07:32:00,Madrid,120,9,480
8309,Monitor 4K,3,2025-10-23 21:04:00,Barcelona,399,10,1197
8310,Google Pixel 8,2,2025-03-25 21:07:00,Bilbao,699,3,1398
8311,MacBook Pro,4,2025-09-19 15:31:00,Valencia,1499,9,5996
8312,AirPods Pro,4,2025-11-24 09:09:00,Valencia,249,11,996
8313,AirPods Pro,3,2025-11-09 12:49:00,Bilbao,249,11,747
8314,Google Pixel 8,4,2025-06-09 11:41:00,Valencia,699,6,2796
8315,iPhone 15,1,2025-08-13 03:28:00,Barcelona,999,8,999
8316,Cargador USB-C,4,2025-01-09 01:39:00,Valencia,25,1,100
8317,MacBook Pro,2,2025-06-19 18:59:00,Bilbao,1499,6,2998
8318,Monitor 4K,2,2025-11-09 01:15:00,Barcelona,399,11,798
8319,Cargador USB-C,2,2025-03-01 18:54:00,Madrid,25,3,50
8320,Teclado Mecánico,2,2025-10-15 17:34:00,Sevilla,120,10,240
8321,Cargador USB-C,4,2025-03-12 07:59:00,Valencia,25,3,100
8322,Google Pixel 8,3,2025-11-23 00:09:00,Madrid,699,11,2097
8323,MacBook Pro,1,2025-06-13 11:35:00,Madrid,1499,6,1499
8324,Google Pixel 8,2,2025-11-17 08:55:00,Madrid,699,11,1398
8325,Cargador USB-C,1,2025-02-13 00:51:00,Bilbao,25,2,25
8326,MacBook Pro,2,2025-08-13 12:52:00,Bilbao,1499,8,2998
8327,MacBook Pro,1,2025-01-10 01:36:00,Sevilla,1499,1,1499
8328,AirPods Pro,2,2025-07-27 11:56:00,Sevilla,249,7,498
8329,AirPods Pro,4,2025-05-14 22:16:00,Bilbao,249,5,996
8330,Cargador USB-C,1,2025-07-01 03:10:00,Bilbao,25,7,25
8331,Cargador USB-C,1,2025-09-28 23:32:00,Barcelona,25,9,25
8332,AirPods Pro,1,2025-02-14 03:31:00,Sevilla,249,2,249
8333,Cargador USB-C,4,2025-12-17 08:22:00,Madrid,25,12,100
8334,AirPods Pro,2,2025-07-31 04:56:00,Madrid,249,7,498
8335,Google Pixel 8,1,2025-07-22 16:04:00,Barcelona,699,7,699
8336,MacBook Pro,3,2025-02-06 16:04:00,Madrid,1499,2,4497
8337,MacBook Pro,2,2025-11-25 03:28:00,Sevilla,1499,11,2998
8338,Google Pixel 8,4,2025-07-04 06:47:00,Valencia,699,7,2796
8339,Teclado Mecánico,4,2025-08-12 07:53:00,Barcelona,120,8,480
8341,Monitor 4K,2,2025-01-10 17:15:00,Valencia,399,1,798
8342,AirPods Pro,4,2025-09-10 17:34:00,Bilbao,249,9,996
8343,Cargador USB-C,4,2025-09-10 14:11:00,Valencia,25,9,100
8344,Monitor 4K,2,2025-09-12 21:59:00,Madrid,399,9,798
8345,AirPods Pro,4,2025-11-17 18:15:00,Madrid,249,11,996
8346,Monitor 4K,4,2025-04-18 14:48:00,Madrid,399,4,1596
8347,Teclado Mecánico,2,2025-04-17 18:01:00,Valencia,120,4,240
8348,MacBook Pro,2,2025-08-28 02:07:00,Barcelona,1499,8,2998
8349,iPhone 15,2,2025-12-22 12:49:00,Bilbao,999,12,1998
8350,Teclado Mecánico,1,2025-03-29 02:37:00,Barcelona,120,3,120
8351,Teclado Mecánico,2,2025-06-24 22:11:00,Valencia,120,6,240
8353,MacBook Pro,3,2025-01-15 23:09:00,Madrid,1499,1,4497
8354,iPhone 15,3,2025-05-22 11:34:00,Sevilla,999,5,2997
8355,AirPods Pro,4,2025-01-06 06:34:00,Sevilla,249,1,996
8356,iPhone 15,2,2025-09-23 06:06:00,Sevilla,999,9,1998
8357,Cargador USB-C,3,2025-12-29 19:13:00,Bilbao,25,12,75
8358,Teclado Mecánico,4,2025-01-14 21:45:00,Sevilla,120,1,480
8359,Teclado Mecánico,1,2025-06-03 07:36:00,Sevilla,120,6,120
8360,Cargador USB-C,3,2025-07-22 03:01:00,Barcelona,25,7,75
8361,MacBook Pro,4,2025-09-18 19:02:00,Bilbao,1499,9,5996
8362,iPhone 15,4,2025-07-26 13:37:00,Sevilla,999,7,3996
8363,Cargador USB-C,4,2025-04-10 14:57:00,Madrid,25,4,100
8364,Monitor 4K,3,2025-08-31 05:40:00,Sevilla,399,8,1197
8365,Google Pixel 8,1,2025-03-22 20:36:00,Bilbao,699,3,699
8366,iPhone 15,2,2025-04-26 15:19:00,Madrid,999,4,1998
8367,Google Pixel 8,2,2025-10-10 21:00:00,Madrid,699,10,1398
8368,Cargador USB-C,1,2025-09-05 20:48:00,Barcelona,25,9,25
8369,MacBook Pro,1,2025-05-21 11:58:00,Barcelona,1499,5,1499
8370,iPhone 15,3,2025-03-16 13:42:00,Valencia,999,3,2997
8371,Monitor 4K,2,2025-09-20 22:24:00,Valencia,399,9,798
8372,iPhone 15,2,2025-05-08 03:07:00,Madrid,999,5,1998
8373,Cargador USB-C,4,2025-06-11 06:07:00,Barcelona,25,6,100
8374,AirPods Pro,3,2025-01-01 19:55:00,Madrid,249,1,747
8375,Cargador USB-C,1,2025-11-17 06:48:00,Bilbao,25,11,25
8376,iPhone 15,2,2025-07-15 06:03:00,Barcelona,999,7,1998
8377,Monitor 4K,1,2025-11-01 21:57:00,Valencia,399,11,399
8378,iPhone 15,3,2025-09-09 13:01:00,Madrid,999,9,2997
8379,Google Pixel 8,3,2025-08-31 03:18:00,Valencia,699,8,2097
8380,Google Pixel 8,2,2025-05-27 20:03:00,Bilbao,699,5,1398
8381,MacBook Pro,4,2025-10-11 23:42:00,Barcelona,1499,10,5996
8382,Google Pixel 8,4,2025-06-10 16:06:00,Barcelona,699,6,2796
8383,MacBook Pro,2,2025-04-16 22:53:00,Valencia,1499,4,2998
8384,MacBook Pro,2,2025-06-25 00:00:00,Valencia,1499,6,2998
8385,Cargador USB-C,1,2025-01-25 03:10:00,Madrid,25,1,25
8386,Teclado Mecánico,3,2025-09-10 10:32:00,Bilbao,120,9,360
8387,Monitor 4K,2,2025-12-23 00:57:00,Madrid,399,12,798
8388,MacBook Pro,3,2025-02-25 08:23:00,Sevilla,1499,2,4497
8389,MacBook Pro,3,2025-02-21 18:23:00,Sevilla,1499,2,4497
8390,Teclado Mecánico,4,2025-04-19 12:00:00,Madrid,120,4,480
8391,AirPods Pro,2,2025-11-07 17:27:00,Valencia,249,11,498
8392,Teclado Mecánico,4,2025-05-29 01:18:00,Valencia,120,5,480
8393,Google Pixel 8,1,2025-08-05 14:22:00,Bilbao,699,8,699
8394,AirPods Pro,3,2025-04-07 17:45:00,Sevilla,249,4,747
8395,MacBook Pro,2,2025-05-18 08:30:00,Barcelona,1499,5,2998
8397,Teclado Mecánico,3,2025-07-26 04:06:00,Sevilla,120,7,360
8398,Monitor 4K,4,2025-06-29 19:46:00,Bilbao,399,6,1596
8399,Monitor 4K,2,2025-04-24 07:17:00,Sevilla,399,4,798
8400,Teclado Mecánico,3,2025-08-30 18:15:00,Bilbao,120,8,360
8401,Monitor 4K,1,2025-06-19 12:08:00,Valencia,399,6,399
8402,iPhone 15,1,2025-09-29 15:24:00,Barcelona,999,9,999
8403,MacBook Pro,2,2025-12-30 07:39:00,Barcelona,1499,12,2998
8404,AirPods Pro,3,2025-10-26 23:44:00,Bilbao,249,10,747
8405,Cargador USB-C,2,2025-12-07 12:08:00,Barcelona,25,12,50
8407,iPhone 15,1,2025-09-16 17:20:00,Barcelona,999,9,999
8408,Monitor 4K,4,2025-02-24 15:20:00,Bilbao,399,2,1596
8409,Teclado Mecánico,1,2025-09-18 20:28:00,Sevilla,120,9,120
8410,Google Pixel 8,2,2025-12-09 05:01:00,Barcelona,699,12,1398
8411,AirPods Pro,2,2025-06-20 23:12:00,Bilbao,249,6,498
8412,MacBook Pro,1,2025-12-30 15:50:00,Bilbao,1499,12,1499
8413,Teclado Mecánico,3,2025-04-18 11:36:00,Barcelona,120,4,360
8414,Cargador USB-C,3,2025-09-12 03:13:00,Sevilla,25,9,75
8415,iPhone 15,1,2025-12-13 20:00:00,Valencia,999,12,999
8416,AirPods Pro,2,2025-10-19 09:03:00,Bilbao,249,10,498
8417,Cargador USB-C,3,2025-01-07 20:33:00,Barcelona,25,1,75
8418,AirPods Pro,1,2025-07-25 11:07:00,Barcelona,249,7,249
8419,iPhone 15,4,2025-01-02 00:55:00,Bilbao,999,1,3996
8420,iPhone 15,4,2025-05-28 15:33:00,Valencia,999,5,3996
8422,Google Pixel 8,2,2025-06-27 14:25:00,Sevilla,699,6,1398
8423,Cargador USB-C,3,2025-08-24 17:28:00,Valencia,25,8,75
8424,Monitor 4K,4,2025-11-17 21:54:00,Madrid,399,11,1596
8425,MacBook Pro,4,2025-10-26 12:34:00,Sevilla,1499,10,5996
8426,Monitor 4K,4,2025-04-16 14:39:00,Madrid,399,4,1596
8427,Monitor 4K,1,2025-03-06 14:39:00,Madrid,399,3,399
8428,Teclado Mecánico,2,2025-06-24 21:30:00,Bilbao,120,6,240
8429,AirPods Pro,1,2025-09-03 02:02:00,Sevilla,249,9,249
8430,Monitor 4K,1,2025-11-13 03:22:00,Barcelona,399,11,399
8431,Cargador USB-C,3,2025-02-27 14:42:00,Valencia,25,2,75
8432,AirPods Pro,3,2025-03-10 04:26:00,Madrid,249,3,747
8433,iPhone 15,4,2025-07-15 19:03:00,Sevilla,999,7,3996
8434,Cargador USB-C,3,2025-06-10 03:15:00,Bilbao,25,6,75
8435,AirPods Pro,3,2025-11-14 09:32:00,Sevilla,249,11,747
8436,Google Pixel 8,2,2025-10-29 17:26:00,Valencia,699,10,1398
8438,Google Pixel 8,3,2025-06-10 22:27:00,Barcelona,699,6,2097
8439,AirPods Pro,4,2025-06-17 15:36:00,Valencia,249,6,996
8441,Google Pixel 8,1,2025-01-15 07:28:00,Bilbao,699,1,699
8442,AirPods Pro,3,2025-12-23 04:18:00,Sevilla,249,12,747
8443,Teclado Mecánico,3,2025-06-19 13:44:00,Valencia,120,6,360
8444,Google Pixel 8,3,2025-07-04 11:35:00,Madrid,699,7,2097
8445,MacBook Pro,2,2025-06-03 05:55:00,Bilbao,1499,6,2998
8446,AirPods Pro,1,2025-06-25 14:52:00,Madrid,249,6,249
8447,Cargador USB-C,1,2025-03-20 10:03:00,Madrid,25,3,25
8448,iPhone 15,2,2025-03-27 22:57:00,Madrid,999,3,1998
8449,MacBook Pro,1,2025-01-07 03:18:00,Sevilla,1499,1,1499
8450,Cargador USB-C,2,2025-10-01 12:07:00,Madrid,25,10,50
8452,Monitor 4K,4,2025-04-17 02:27:00,Valencia,399,4,1596
8453,Teclado Mecánico,3,2025-10-24 21:52:00,Madrid,120,10,360
8454,Teclado Mecánico,4,2025-12-14 09:34:00,Barcelona,120,12,480
8455,MacBook Pro,3,2025-01-02 06:42:00,Bilbao,1499,1,4497
8456,Google Pixel 8,1,2025-02-19 12:16:00,Barcelona,699,2,699
8457,Google Pixel 8,1,2025-10-08 18:56:00,Bilbao,699,10,699
8458,iPhone 15,3,2025-09-12 03:23:00,Sevilla,999,9,2997
8459,Cargador USB-C,1,2025-02-07 00:35:00,Madrid,25,2,25
8461,Teclado Mecánico,1,2025-03-06 04:59:00,Madrid,120,3,120
8462,Teclado Mecánico,1,2025-04-10 22:13:00,Madrid,120,4,120
8463,Teclado Mecánico,3,2025-06-04 10:26:00,Bilbao,120,6,360
8464,Monitor 4K,3,2025-03-18 06:46:00,Madrid,399,3,1197
8466,AirPods Pro,3,2025-11-18 23:40:00,Valencia,249,11,747
8467,Monitor 4K,2,2025-06-27 03:34:00,Valencia,399,6,798
8468,Google Pixel 8,3,2025-01-25 13:10:00,Bilbao,699,1,2097
8469,Monitor 4K,2,2025-12-05 20:41:00,Sevilla,399,12,798
8470,Monitor 4K,1,2025-05-22 16:26:00,Valencia,399,5,399
8471,AirPods Pro,1,2025-03-13 00:39:00,Barcelona,249,3,249
8472,Teclado Mecánico,2,2025-09-14 20:41:00,Barcelona,120,9,240
8473,MacBook Pro,2,2025-10-10 10:29:00,Bilbao,1499,10,2998
8474,AirPods Pro,3,2025-09-17 18:42:00,Valencia,249,9,747
8475,iPhone 15,2,2025-09-10 12:00:00,Barcelona,999,9,1998
8477,iPhone 15,1,2025-08-23 02:34:00,Barcelona,999,8,999
8478,Monitor 4K,3,2025-03-29 12:32:00,Valencia,399,3,1197
8479,iPhone 15,3,2025-11-19 04:47:00,Barcelona,999,11,2997
8480,Teclado Mecánico,3,2025-03-26 02:43:00,Madrid,120,3,360
8481,MacBook Pro,1,2025-08-19 01:00:00,Sevilla,1499,8,1499
8482,Cargador USB-C,3,2025-09-01 21:31:00,Valencia,25,9,75
8483,MacBook Pro,3,2025-12-10 13:31:00,Madrid,1499,12,4497
8484,Monitor 4K,1,2025-10-14 21:12:00,Madrid,399,10,399
8485,Monitor 4K,1,2025-04-27 14:10:00,Bilbao,399,4,399
8486,iPhone 15,4,2025-06-16 01:08:00,Sevilla,999,6,3996
8487,Google Pixel 8,1,2025-11-02 17:47:00,Sevilla,699,11,699
8488,iPhone 15,3,2025-04-07 07:30:00,Valencia,999,4,2997
8490,Teclado Mecánico,1,2025-04-11 08:26:00,Barcelona,120,4,120
8491,Teclado Mecánico,1,2025-04-08 06:42:00,Valencia,120,4,120
8492,Cargador USB-C,1,2025-03-14 15:16:00,Sevilla,25,3,25
8493,Google Pixel 8,2,2025-10-06 08:09:00,Bilbao,699,10,1398
8494,MacBook Pro,4,2025-12-07 05:41:00,Valencia,1499,12,5996
8495,AirPods Pro,2,2025-06-17 00:22:00,Madrid,249,6,498
8496,iPhone 15,1,2025-03-10 05:47:00,Valencia,999,3,999
8497,Teclado Mecánico,2,2025-10-27 19:59:00,Valencia,120,10,240
8498,AirPods Pro,4,2025-12-01 11:20:00,Barcelona,249,12,996
8499,Google Pixel 8,2,2025-03-21 00:42:00,Sevilla,699,3,1398
8500,Monitor 4K,3,2025-08-19 21:25:00,Valencia,399,8,1197
8501,iPhone 15,3,2025-11-08 14:24:00,Valencia,999,11,2997
8502,MacBook Pro,3,2025-08-16 02:53:00,Valencia,1499,8,4497
8503,Teclado Mecánico,1,2025-12-15 15:26:00,Barcelona,120,12,120
8504,Teclado Mecánico,4,2025-10-09 22:23:00,Valencia,120,10,480
8505,Monitor 4K,4,2025-11-22 03:01:00,Bilbao,399,11,1596
8506,Teclado Mecánico,2,2025-03-15 17:58:00,Barcelona,120,3,240
8507,Google Pixel 8,1,2025-03-07 04:50:00,Bilbao,699,3,699
8508,Monitor 4K,3,2025-08-02 14:05:00,Valencia,399,8,1197
8509,Monitor 4K,2,2025-12-21 13:59:00,Sevilla,399,12,798
8510,Google Pixel 8,4,2025-11-28 05:21:00,Madrid,699,11,2796
8511,Cargador USB-C,4,2025-08-29 01:16:00,Barcelona,25,8,100
8512,iPhone 15,3,2025-09-08 11:26:00,Madrid,999,9,2997
8513,Monitor 4K,2,2025-11-17 23:11:00,Valencia,399,11,798
8514,Monitor 4K,2,2025-02-05 00:05:00,Valencia,399,2,798
8515,MacBook Pro,1,2025-10-23 01:14:00,Valencia,1499,10,1499
8516,Monitor 4K,2,2025-02-09 22:43:00,Barcelona,399,2,798
8517,iPhone 15,4,2025-01-22 03:10:00,Madrid,999,1,3996
8519,Teclado Mecánico,3,2025-11-15 13:12:00,Bilbao,120,11,360
8520,Cargador USB-C,3,2025-09-07 20:52:00,Valencia,25,9,75
8521,Cargador USB-C,3,2025-07-03 10:33:00,Madrid,25,7,75
8522,Cargador USB-C,4,2025-11-21 01:37:00,Madrid,25,11,100
8523,Teclado Mecánico,3,2025-10-12 22:50:00,Sevilla,120,10,360
8524,Teclado Mecánico,4,2025-07-20 05:01:00,Valencia,120,7,480
8525,Monitor 4K,1,2025-06-07 16:27:00,Madrid,399,6,399
8526,Google Pixel 8,3,2025-12-27 10:31:00,Barcelona,699,12,2097
8527,MacBook Pro,1,2025-05-26 13:21:00,Bilbao,1499,5,1499
8528,iPhone 15,1,2025-10-23 20:37:00,Valencia,999,10,999
8529,MacBook Pro,1,2025-06-14 23:56:00,Barcelona,1499,6,1499
8530,iPhone 15,3,2025-02-28 18:59:00,Bilbao,999,2,2997
8531,Google Pixel 8,2,2025-09-24 05:51:00,Barcelona,699,9,1398
8532,Google Pixel 8,3,2025-02-20 11:04:00,Valencia,699,2,2097
8533,Google Pixel 8,2,2025-03-27 04:13:00,Madrid,699,3,1398
8534,Cargador USB-C,4,2025-12-15 04:22:00,Madrid,25,12,100
8535,Google Pixel 8,1,2025-11-11 17:47:00,Madrid,699,11,699
8536,Google Pixel 8,4,2025-07-21 07:19:00,Bilbao,699,7,2796
8537,Teclado Mecánico,1,2025-06-08 02:37:00,Sevilla,120,6,120
8538,Teclado Mecánico,2,2025-06-05 03:29:00,Barcelona,120,6,240
8539,Cargador USB-C,2,2025-03-20 23:25:00,Bilbao,25,3,50
8540,Cargador USB-C,1,2025-02-18 04:03:00,Madrid,25,2,25
8541,Teclado Mecánico,2,2025-06-07 03:52:00,Bilbao,120,6,240
8542,MacBook Pro,3,2025-07-18 02:30:00,Sevilla,1499,7,4497
8543,Google Pixel 8,3,2025-03-09 12:33:00,Barcelona,699,3,2097
8544,MacBook Pro,3,2025-04-14 16:43:00,Barcelona,1499,4,4497
8545,iPhone 15,1,2025-11-19 01:35:00,Valencia,999,11,999
8546,Cargador USB-C,2,2025-12-30 00:55:00,Barcelona,25,12,50
8547,Monitor 4K,2,2025-11-15 17:13:00,Madrid,399,11,798
8549,MacBook Pro,2,2025-03-30 08:35:00,Barcelona,1499,3,2998
8550,Google Pixel 8,3,2025-02-26 02:07:00,Madrid,699,2,2097
8551,AirPods Pro,1,2025-04-16 20:05:00,Valencia,249,4,249
8552,AirPods Pro,3,2025-09-29 05:41:00,Sevilla,249,9,747
8553,Teclado Mecánico,1,2025-05-30 06:45:00,Barcelona,120,5,120
8554,Google Pixel 8,2,2025-01-02 22:56:00,Sevilla,699,1,1398
8555,Teclado Mecánico,3,2025-06-16 18:52:00,Madrid,120,6,360
8556,Monitor 4K,4,2025-07-07 07:35:00,Bilbao,399,7,1596
8557,iPhone 15,1,2025-06-10 20:57:00,Sevilla,999,6,999
8558,Google Pixel 8,2,2025-11-30 19:38:00,Madrid,699,11,1398
8559,AirPods Pro,2,2025-06-08 21:45:00,Sevilla,249,6,498
8560,iPhone 15,2,2025-12-09 12:55:00,Sevilla,999,12,1998
8561,AirPods Pro,3,2025-02-28 20:23:00,Sevilla,249,2,747
8562,AirPods Pro,4,2025-12-29 19:46:00,Madrid,249,12,996
8563,Cargador USB-C,1,2025-01-30 22:45:00,Barcelona,25,1,25
8564,Google Pixel 8,2,2025-09-07 03:03:00,Bilbao,699,9,1398
8566,AirPods Pro,3,2025-04-09 08:43:00,Bilbao,249,4,747
8567,Teclado Mecánico,3,2025-04-03 19:57:00,Valencia,120,4,360
8568,Teclado Mecánico,2,2025-05-28 13:06:00,Sevilla,120,5,240
8569,AirPods Pro,4,2025-05-23 07:48:00,Madrid,249,5,996
8570,AirPods Pro,3,2025-10-17 13:06:00,Valencia,249,10,747
8571,Cargador USB-C,2,2025-05-12 20:34:00,Valencia,25,5,50
8572,Teclado Mecánico,2,2025-08-03 14:04:00,Sevilla,120,8,240
8573,MacBook Pro,2,2025-02-25 03:39:00,Sevilla,1499,2,2998
8574,AirPods Pro,3,2025-06-27 10:50:00,Barcelona,249,6,747
8575,Cargador USB-C,3,2025-06-26 17:53:00,Valencia,25,6,75
8576,Teclado Mecánico,1,2025-11-10 13:44:00,Madrid,120,11,120
8577,Monitor 4K,3,2025-08-04 06:10:00,Madrid,399,8,1197
8578,Google Pixel 8,1,2025-07-21 22:42:00,Bilbao,699,7,699
8579,Monitor 4K,2,2025-10-17 03:29:00,Barcelona,399,10,798
8580,AirPods Pro,4,2025-08-04 08:02:00,Valencia,249,8,996
8581,AirPods Pro,3,2025-03-26 09:36:00,Barcelona,249,3,747
8582,Cargador USB-C,4,2025-08-22 15:52:00,Valencia,25,8,100
8583,iPhone 15,4,2025-01-26 11:25:00,Valencia,999,1,3996
8584,MacBook Pro,3,2025-07-26 08:56:00,Barcelona,1499,7,4497
8585,Monitor 4K,4,2025-10-19 08:34:00,Barcelona,399,10,1596
8586,iPhone 15,1,2025-09-09 23:53:00,Sevilla,999,9,999
8587,MacBook Pro,3,2025-11-18 13:42:00,Valencia,1499,11,4497
8588,Cargador USB-C,3,2025-11-20 10:47:00,Madrid,25,11,75
8589,AirPods Pro,2,2025-06-25 01:03:00,Sevilla,249,6,498
8590,AirPods Pro,3,2025-12-22 13:23:00,Barcelona,249,12,747
8591,Monitor 4K,4,2025-12-22 18:53:00,Barcelona,399,12,1596
8592,Google Pixel 8,2,2025-12-13 17:31:00,Barcelona,699,12,1398
8593,iPhone 15,1,2025-06-04 13:24:00,Sevilla,999,6,999
8594,Cargador USB-C,4,2025-01-27 14:05:00,Sevilla,25,1,100
8595,AirPods Pro,4,2025-10-22 22:08:00,Barcelona,249,10,996
8596,MacBook Pro,1,2025-08-27 13:18:00,Barcelona,1499,8,1499
8597,Monitor 4K,3,2025-10-11 19:05:00,Sevilla,399,10,1197
8598,Monitor 4K,1,2025-06-26 23:52:00,Madrid,399,6,399
8599,Cargador USB-C,1,2025-10-16 12:45:00,Bilbao,25,10,25
8600,iPhone 15,3,2025-07-24 19:39:00,Madrid,999,7,2997
8601,Monitor 4K,1,2025-06-23 00:26:00,Valencia,399,6,399
8602,Teclado Mecánico,2,2025-12-05 15:27:00,Madrid,120,12,240
8603,iPhone 15,3,2025-08-15 08:49:00,Madrid,999,8,2997
8604,iPhone 15,4,2025-04-12 19:50:00,Barcelona,999,4,3996
8605,Google Pixel 8,2,2025-06-18 06:05:00,Sevilla,699,6,1398
8606,MacBook Pro,3,2025-02-09 15:28:00,Barcelona,1499,2,4497
8607,Cargador USB-C,4,2025-01-05 10:18:00,Bilbao,25,1,100
8608,Monitor 4K,2,2025-02-10 01:55:00,Barcelona,399,2,798
8610,Cargador USB-C,3,2025-10-19 10:02:00,Bilbao,25,10,75
8612,Cargador USB-C,3,2025-03-21 05:08:00,Barcelona,25,3,75
8613,Monitor 4K,3,2025-09-17 22:28:00,Barcelona,399,9,1197
8614,Teclado Mecánico,2,2025-09-10 10:39:00,Barcelona,120,9,240
8615,Cargador USB-C,3,2025-07-12 01:20:00,Barcelona,25,7,75
8616,Monitor 4K,1,2025-11-27 11:21:00,Madrid,399,11,399
8617,Google Pixel 8,3,2025-08-19 03:25:00,Barcelona,699,8,2097
8618,iPhone 15,1,2025-12-14 04:27:00,Barcelona,999,12,999
8619,Teclado Mecánico,2,2025-08-26 12:42:00,Valencia,120,8,240
8620,Google Pixel 8,1,2025-06-05 12:43:00,Barcelona,699,6,699
8621,Monitor 4K,3,2025-11-23 14:58:00,Valencia,399,11,1197
8622,Monitor 4K,2,2025-01-15 18:23:00,Valencia,399,1,798
8623,MacBook Pro,4,2025-05-09 15:11:00,Valencia,1499,5,5996
8624,iPhone 15,3,2025-01-03 14:18:00,Sevilla,999,1,2997
8625,Cargador USB-C,2,2025-05-04 13:53:00,Bilbao,25,5,50
8626,AirPods Pro,2,2025-10-23 07:18:00,Valencia,249,10,498
8627,AirPods Pro,2,2025-12-14 05:28:00,Sevilla,249,12,498
8628,iPhone 15,2,2025-02-12 18:02:00,Barcelona,999,2,1998
8629,MacBook Pro,3,2025-12-31 13:07:00,Barcelona,1499,12,4497
8630,iPhone 15,2,2025-04-01 11:35:00,Bilbao,999,4,1998
8631,AirPods Pro,2,2025-03-28 05:43:00,Madrid,249,3,498
8632,Monitor 4K,2,2025-10-14 23:06:00,Sevilla,399,10,798
8633,Teclado Mecánico,3,2025-05-07 01:44:00,Barcelona,120,5,360
8634,Monitor 4K,2,2025-06-08 00:52:00,Barcelona,399,6,798
8635,MacBook Pro,2,2025-06-22 14:08:00,Barcelona,1499,6,2998
8636,Cargador USB-C,2,2025-09-16 11:06:00,Barcelona,25,9,50
8637,iPhone 15,4,2025-01-13 03:45:00,Sevilla,999,1,3996
8638,Google Pixel 8,4,2025-12-17 22:12:00,Bilbao,699,12,2796
8639,iPhone 15,4,2025-10-28 17:19:00,Barcelona,999,10,3996
8640,Monitor 4K,1,2025-08-30 01:26:00,Barcelona,399,8,399
8641,Google Pixel 8,2,2025-06-20 04:29:00,Sevilla,699,6,1398
8642,Cargador USB-C,3,2025-03-08 03:47:00,Sevilla,25,3,75
8643,iPhone 15,3,2025-08-20 18:56:00,Bilbao,999,8,2997
8644,MacBook Pro,3,2025-05-23 03:02:00,Valencia,1499,5,4497
8645,Google Pixel 8,2,2025-12-15 22:53:00,Sevilla,699,12,1398
8646,Teclado Mecánico,3,2025-09-18 01:55:00,Bilbao,120,9,360
8647,MacBook Pro,4,2025-08-21 20:51:00,Bilbao,1499,8,5996
8648,AirPods Pro,4,2025-01-25 17:04:00,Madrid,249,1,996
8649,Google Pixel 8,2,2025-08-06 02:07:00,Valencia,699,8,1398
8650,Monitor 4K,4,2025-09-01 18:07:00,Valencia,399,9,1596
8651,Google Pixel 8,2,2025-10-19 17:46:00,Bilbao,699,10,1398
8652,Monitor 4K,4,2025-12-29 02:02:00,Barcelona,399,12,1596
8653,AirPods Pro,3,2025-10-24 06:59:00,Barcelona,249,10,747
8654,iPhone 15,4,2025-08-01 15:05:00,Bilbao,999,8,3996
8655,AirPods Pro,1,2025-12-08 08:23:00,Madrid,249,12,249
8656,iPhone 15,4,2025-03-31 15:59:00,Valencia,999,3,3996
8657,MacBook Pro,3,2025-10-02 15:38:00,Bilbao,1499,10,4497
8658,Google Pixel 8,4,2025-09-02 15:54:00,Valencia,699,9,2796
8659,MacBook Pro,4,2025-08-02 21:20:00,Barcelona,1499,8,5996
8660,Cargador USB-C,4,2025-02-09 14:32:00,Madrid,25,2,100
8661,MacBook Pro,4,2025-04-18 17:58:00,Madrid,1499,4,5996
8662,Cargador USB-C,4,2025-03-25 01:17:00,Sevilla,25,3,100
8663,Google Pixel 8,1,2025-06-27 09:42:00,Valencia,699,6,699
8664,Teclado Mecánico,3,2025-07-01 11:23:00,Barcelona,120,7,360
8665,Teclado Mecánico,3,2025-05-24 16:45:00,Sevilla,120,5,360
8666,Monitor 4K,1,2025-12-19 02:19:00,Valencia,399,12,399
8667,Google Pixel 8,4,2025-07-06 05:21:00,Sevilla,699,7,2796
8669,Monitor 4K,1,2025-06-12 14:15:00,Valencia,399,6,399
8670,Teclado Mecánico,1,2025-10-03 13:55:00,Madrid,120,10,120
8671,Google Pixel 8,4,2025-11-18 18:47:00,Bilbao,699,11,2796
8672,iPhone 15,4,2025-07-03 08:13:00,Barcelona,999,7,3996
8673,Google Pixel 8,2,2025-04-23 14:29:00,Madrid,699,4,1398
8674,Google Pixel 8,4,2025-08-31 12:04:00,Valencia,699,8,2796
8675,iPhone 15,2,2025-11-23 13:56:00,Madrid,999,11,1998
8676,AirPods Pro,4,2025-08-16 06:02:00,Sevilla,249,8,996
8678,Cargador USB-C,1,2025-01-12 03:01:00,Madrid,25,1,25
8679,Google Pixel 8,2,2025-02-25 13:29:00,Valencia,699,2,1398
8680,AirPods Pro,1,2025-08-26 20:48:00,Valencia,249,8,249
8682,Google Pixel 8,3,2025-08-15 03:53:00,Sevilla,699,8,2097
8683,iPhone 15,2,2025-05-26 13:36:00,Sevilla,999,5,1998
8684,MacBook Pro,3,2025-01-25 06:00:00,Sevilla,1499,1,4497
8685,Cargador USB-C,1,2025-07-04 15:50:00,Madrid,25,7,25
8686,iPhone 15,2,2025-05-04 22:05:00,Valencia,999,5,1998
8687,Cargador USB-C,3,2025-03-31 20:03:00,Barcelona,25,3,75
8688,Monitor 4K,2,2025-12-24 14:35:00,Bilbao,399,12,798
8689,Google Pixel 8,2,2025-11-16 07:28:00,Madrid,699,11,1398
8690,iPhone 15,2,2025-02-12 12:14:00,Sevilla,999,2,1998
8691,Teclado Mecánico,4,2025-09-04 02:51:00,Sevilla,120,9,480
8692,Teclado Mecánico,2,2025-08-08 05:27:00,Barcelona,120,8,240
8693,Teclado Mecánico,1,2025-07-22 13:20:00,Barcelona,120,7,120
8694,iPhone 15,1,2025-01-13 03:08:00,Bilbao,999,1,999
8695,Monitor 4K,1,2025-09-17 09:30:00,Bilbao,399,9,399
8696,iPhone 15,4,2025-02-05 02:06:00,Bilbao,999,2,3996
8697,AirPods Pro,4,2025-03-09 06:37:00,Valencia,249,3,996
8698,Monitor 4K,3,2025-04-06 06:06:00,Sevilla,399,4,1197
8699,Teclado Mecánico,1,2025-12-08 23:28:00,Bilbao,120,12,120
8700,AirPods Pro,3,2025-08-04 23:29:00,Valencia,249,8,747
8701,Monitor 4K,4,2025-12-31 12:13:00,Barcelona,399,12,1596
8702,Google Pixel 8,3,2025-01-10 03:55:00,Valencia,699,1,2097
8703,iPhone 15,4,2025-08-02 04:45:00,Madrid,999,8,3996
8704,MacBook Pro,2,2025-06-01 03:54:00,Madrid,1499,6,2998
8705,Cargador USB-C,1,2025-08-29 08:20:00,Sevilla,25,8,25
8706,Monitor 4K,1,2025-07-23 14:17:00,Barcelona,399,7,399
8707,Cargador USB-C,1,2025-09-12 02:41:00,Valencia,25,9,25
8708,MacBook Pro,4,2025-09-28 12:47:00,Barcelona,1499,9,5996
8709,Monitor 4K,1,2025-03-23 17:14:00,Valencia,399,3,399
8710,AirPods Pro,2,2025-04-29 22:20:00,Barcelona,249,4,498
8712,iPhone 15,4,2025-04-09 11:17:00,Valencia,999,4,3996
8713,MacBook Pro,1,2025-02-17 06:50:00,Bilbao,1499,2,1499
8714,Google Pixel 8,2,2025-09-11 23:39:00,Valencia,699,9,1398
8715,AirPods Pro,1,2025-09-29 14:49:00,Bilbao,249,9,249
8716,Google Pixel 8,4,2025-05-25 12:03:00,Madrid,699,5,2796
8717,Cargador USB-C,2,2025-11-02 10:45:00,Barcelona,25,11,50
8718,MacBook Pro,1,2025-09-26 16:36:00,Bilbao,1499,9,1499
8719,iPhone 15,4,2025-02-21 08:39:00,Valencia,999,2,3996
8720,Cargador USB-C,2,2025-11-13 08:16:00,Madrid,25,11,50
8721,Teclado Mecánico,3,2025-09-27 03:27:00,Bilbao,120,9,360
8722,Monitor 4K,1,2025-12-28 07:38:00,Madrid,399,12,399
8723,Cargador USB-C,4,2025-01-09 01:42:00,Barcelona,25,1,100
8724,Google Pixel 8,3,2025-07-03 13:45:00,Bilbao,699,7,2097
8725,AirPods Pro,1,2025-04-23 03:50:00,Valencia,249,4,249
8726,MacBook Pro,2,2025-12-21 18:02:00,Valencia,1499,12,2998
8727,AirPods Pro,1,2025-09-14 09:50:00,Madrid,249,9,249
8728,Google Pixel 8,1,2025-11-19 09:16:00,Bilbao,699,11,699
8729,Cargador USB-C,2,2025-03-20 06:54:00,Barcelona,25,3,50
8730,iPhone 15,2,2025-03-27 12:28:00,Sevilla,999,3,1998
8731,Cargador USB-C,3,2025-07-24 06:27:00,Madrid,25,7,75
8732,Google Pixel 8,3,2025-08-07 18:07:00,Sevilla,699,8,2097
8733,iPhone 15,4,2025-11-02 06:43:00,Barcelona,999,11,3996
8734,Cargador USB-C,4,2025-04-02 17:57:00,Bilbao,25,4,100
8735,MacBook Pro,2,2025-11-11 02:16:00,Madrid,1499,11,2998
8736,Cargador USB-C,1,2025-08-14 13:44:00,Bilbao,25,8,25
8737,Teclado Mecánico,2,2025-02-11 18:27:00,Valencia,120,2,240
8738,iPhone 15,1,2025-01-16 18:53:00,Bilbao,999,1,999
8739,iPhone 15,4,2025-04-10 04:50:00,Bilbao,999,4,3996
8740,AirPods Pro,3,2025-06-25 22:01:00,Barcelona,249,6,747
8741,iPhone 15,3,2025-08-28 22:40:00,Bilbao,999,8,2997
8742,MacBook Pro,4,2025-04-30 20:36:00,Bilbao,1499,4,5996
8743,Cargador USB-C,3,2025-04-25 09:56:00,Bilbao,25,4,75
8744,iPhone 15,2,2025-02-26 03:51:00,Barcelona,999,2,1998
8745,MacBook Pro,1,2025-11-13 23:49:00,Madrid,1499,11,1499
8746,MacBook Pro,2,2025-05-03 10:53:00,Madrid,1499,5,2998
8747,iPhone 15,4,2025-04-18 07:56:00,Madrid,999,4,3996
8748,iPhone 15,4,2025-07-24 02:34:00,Madrid,999,7,3996
8749,iPhone 15,3,2025-11-19 04:48:00,Valencia,999,11,2997
8750,AirPods Pro,1,2025-02-01 05:24:00,Valencia,249,2,249
8751,Monitor 4K,3,2025-02-24 00:55:00,Bilbao,399,2,1197
8752,Google Pixel 8,4,2025-11-06 07:28:00,Bilbao,699,11,2796
8753,iPhone 15,4,2025-02-09 05:43:00,Bilbao,999,2,3996
8754,Teclado Mecánico,1,2025-04-12 08:47:00,Barcelona,120,4,120
8755,AirPods Pro,4,2025-07-15 15:18:00,Barcelona,249,7,996
8756,AirPods Pro,4,2025-02-24 00:47:00,Barcelona,249,2,996
8757,Cargador USB-C,1,2025-12-20 06:17:00,Sevilla,25,12,25
8758,Google Pixel 8,1,2025-07-08 08:56:00,Madrid,699,7,699
8759,MacBook Pro,4,2025-05-09 18:33:00,Madrid,1499,5,5996
8761,Monitor 4K,2,2025-12-15 16:00:00,Bilbao,399,12,798
8762,AirPods Pro,4,2025-12-28 09:04:00,Bilbao,249,12,996
8763,Monitor 4K,3,2025-06-14 08:25:00,Sevilla,399,6,1197
8764,Cargador USB-C,1,2025-08-22 04:37:00,Madrid,25,8,25
8765,AirPods Pro,4,2025-03-25 15:59:00,Valencia,249,3,996
8766,AirPods Pro,4,2025-03-22 00:16:00,Valencia,249,3,996
8767,MacBook Pro,1,2025-07-02 03:58:00,Sevilla,1499,7,1499
8768,iPhone 15,3,2025-11-18 04:10:00,Bilbao,999,11,2997
8769,Google Pixel 8,1,2025-06-19 12:55:00,Madrid,699,6,699
8770,AirPods Pro,3,2025-11-29 15:37:00,Barcelona,249,11,747
8771,iPhone 15,1,2025-11-27 09:17:00,Madrid,999,11,999
8772,Teclado Mecánico,3,2025-06-26 02:15:00,Bilbao,120,6,360
8773,iPhone 15,1,2025-01-30 20:16:00,Madrid,999,1,999
8774,MacBook Pro,4,2025-01-26 16:57:00,Bilbao,1499,1,5996
8775,AirPods Pro,2,2025-02-20 04:05:00,Bilbao,249,2,498
8776,Google Pixel 8,4,2025-11-16 00:13:00,Bilbao,699,11,2796
8777,MacBook Pro,2,2025-05-28 23:58:00,Bilbao,1499,5,2998
8779,Teclado Mecánico,4,2025-09-27 08:47:00,Valencia,120,9,480
8780,Google Pixel 8,2,2025-06-29 19:25:00,Barcelona,699,6,1398
8782,Monitor 4K,3,2025-02-23 00:48:00,Madrid,399,2,1197
8783,Google Pixel 8,1,2025-06-23 00:08:00,Barcelona,699,6,699
8784,iPhone 15,1,2025-02-10 09:55:00,Barcelona,999,2,999
8785,AirPods Pro,2,2025-06-24 02:05:00,Sevilla,249,6,498
8786,MacBook Pro,1,2025-04-23 13:07:00,Madrid,1499,4,1499
8787,AirPods Pro,1,2025-10-24 14:10:00,Valencia,249,10,249
8788,Teclado Mecánico,1,2025-12-27 16:44:00,Madrid,120,12,120
8789,Teclado Mecánico,1,2025-12-17 06:30:00,Barcelona,120,12,120
8790,Teclado Mecánico,2,2025-08-17 19:41:00,Barcelona,120,8,240
8791,MacBook Pro,2,2025-10-06 01:18:00,Valencia,1499,10,2998
8792,Cargador USB-C,1,2025-06-09 12:06:00,Madrid,25,6,25
8793,MacBook Pro,3,2025-04-26 20:58:00,Sevilla,1499,4,4497
8794,Google Pixel 8,2,2025-03-25 19:59:00,Sevilla,699,3,1398
8795,Teclado Mecánico,3,2025-05-26 15:40:00,Valencia,120,5,360
8796,Teclado Mecánico,3,2025-09-15 10:24:00,Valencia,120,9,360
8797,AirPods Pro,4,2025-06-25 15:46:00,Bilbao,249,6,996
8798,Monitor 4K,3,2025-06-13 02:16:00,Sevilla,399,6,1197
8799,AirPods Pro,2,2025-09-20 05:12:00,Valencia,249,9,498
8800,iPhone 15,1,2025-01-19 07:20:00,Bilbao,999,1,999
8801,AirPods Pro,3,2025-09-29 21:28:00,Madrid,249,9,747
8802,MacBook Pro,2,2025-09-19 17:33:00,Sevilla,1499,9,2998
8803,Cargador USB-C,4,2025-01-25 23:46:00,Sevilla,25,1,100
8804,MacBook Pro,2,2025-07-27 13:41:00,Barcelona,1499,7,2998
8805,Cargador USB-C,2,2025-05-07 16:08:00,Barcelona,25,5,50
8806,MacBook Pro,2,2025-07-26 13:56:00,Valencia,1499,7,2998
8807,Google Pixel 8,1,2025-04-12 15:48:00,Barcelona,699,4,699
8808,Teclado Mecánico,3,2025-12-19 06:55:00,Sevilla,120,12,360
8809,AirPods Pro,1,2025-10-20 15:29:00,Madrid,249,10,249
8810,Teclado Mecánico,1,2025-09-26 23:31:00,Madrid,120,9,120
8811,Google Pixel 8,2,2025-11-16 11:05:00,Bilbao,699,11,1398
8812,iPhone 15,3,2025-12-24 07:58:00,Bilbao,999,12,2997
8813,Cargador USB-C,3,2025-10-06 16:49:00,Barcelona,25,10,75
8814,iPhone 15,3,2025-12-29 09:38:00,Sevilla,999,12,2997
8815,Cargador USB-C,4,2025-11-30 10:11:00,Valencia,25,11,100
8816,Monitor 4K,4,2025-02-25 18:33:00,Barcelona,399,2,1596
8817,Cargador USB-C,1,2025-03-27 06:42:00,Barcelona,25,3,25
8818,Teclado Mecánico,4,2025-02-27 09:28:00,Bilbao,120,2,480
8819,iPhone 15,4,2025-12-16 13:57:00,Sevilla,999,12,3996
8820,MacBook Pro,1,2025-03-30 16:07:00,Valencia,1499,3,1499
8822,Cargador USB-C,4,2025-12-21 08:34:00,Barcelona,25,12,100
8823,MacBook Pro,1,2025-12-09 17:41:00,Sevilla,1499,12,1499
8824,Teclado Mecánico,4,2025-06-05 17:20:00,Bilbao,120,6,480
8825,Cargador USB-C,3,2025-08-01 12:26:00,Madrid,25,8,75
8826,MacBook Pro,2,2025-08-24 17:30:00,Madrid,1499,8,2998
8827,iPhone 15,1,2025-02-21 09:46:00,Bilbao,999,2,999
8828,Teclado Mecánico,2,2025-06-25 11:14:00,Valencia,120,6,240
8829,Google Pixel 8,3,2025-06-08 15:12:00,Sevilla,699,6,2097
8830,MacBook Pro,1,2025-05-17 05:40:00,Valencia,1499,5,1499
8831,Teclado Mecánico,1,2025-12-29 01:37:00,Madrid,120,12,120
8832,AirPods Pro,3,2025-06-27 07:10:00,Barcelona,249,6,747
8833,Google Pixel 8,2,2025-12-19 10:44:00,Valencia,699,12,1398
8834,Monitor 4K,4,2025-11-12 13:05:00,Madrid,399,11,1596
8835,Teclado Mecánico,2,2025-05-04 13:07:00,Valencia,120,5,240
8836,iPhone 15,4,2025-10-30 03:15:00,Bilbao,999,10,3996
8837,AirPods Pro,1,2025-01-29 05:39:00,Valencia,249,1,249
8838,Monitor 4K,1,2025-02-20 11:10:00,Madrid,399,2,399
8839,Teclado Mecánico,2,2025-06-25 16:40:00,Barcelona,120,6,240
8840,MacBook Pro,3,2025-12-01 19:13:00,Valencia,1499,12,4497
8841,iPhone 15,4,2025-06-15 04:15:00,Madrid,999,6,3996
8842,AirPods Pro,4,2025-06-02 11:45:00,Valencia,249,6,996
8843,Google Pixel 8,1,2025-08-17 10:23:00,Bilbao,699,8,699
8844,Teclado Mecánico,3,2025-12-20 08:38:00,Bilbao,120,12,360
8845,Cargador USB-C,3,2025-11-22 08:22:00,Madrid,25,11,75
8846,iPhone 15,3,2025-11-13 18:57:00,Bilbao,999,11,2997
8847,Google Pixel 8,4,2025-12-13 21:17:00,Madrid,699,12,2796
8848,Cargador USB-C,4,2025-05-04 20:38:00,Valencia,25,5,100
8849,Monitor 4K,2,2025-05-06 20:09:00,Valencia,399,5,798
8850,MacBook Pro,2,2025-06-19 20:01:00,Barcelona,1499,6,2998
8851,Teclado Mecánico,4,2025-12-18 16:50:00,Madrid,120,12,480
8852,AirPods Pro,1,2025-04-01 10:27:00,Bilbao,249,4,249
8853,AirPods Pro,2,2025-10-09 18:00:00,Barcelona,249,10,498
8854,AirPods Pro,4,2025-06-02 08:57:00,Bilbao,249,6,996
8855,MacBook Pro,1,2025-09-17 19:47:00,Bilbao,1499,9,1499
8856,Teclado Mecánico,2,2025-02-12 08:45:00,Valencia,120,2,240
8857,Cargador USB-C,2,2025-10-08 09:12:00,Bilbao,25,10,50
8858,Google Pixel 8,3,2025-06-02 20:29:00,Valencia,699,6,2097
8859,iPhone 15,3,2025-02-11 10:41:00,Barcelona,999,2,2997
8860,Google Pixel 8,3,2025-07-08 20:46:00,Barcelona,699,7,2097
8861,MacBook Pro,3,2025-07-25 06:02:00,Barcelona,1499,7,4497
8862,MacBook Pro,3,2025-08-22 17:02:00,Barcelona,1499,8,4497
8863,Teclado Mecánico,1,2025-04-17 21:53:00,Bilbao,120,4,120
8864,AirPods Pro,4,2025-04-08 14:59:00,Barcelona,249,4,996
8865,Monitor 4K,1,2025-08-28 02:36:00,Valencia,399,8,399
8866,Teclado Mecánico,4,2025-08-03 11:53:00,Madrid,120,8,480
8867,Google Pixel 8,4,2025-04-12 08:54:00,Madrid,699,4,2796
8868,Cargador USB-C,3,2025-09-10 07:07:00,Sevilla,25,9,75
8869,AirPods Pro,4,2025-12-06 03:16:00,Madrid,249,12,996
8870,Teclado Mecánico,4,2025-01-18 21:41:00,Barcelona,120,1,480
8871,iPhone 15,1,2025-09-12 16:25:00,Barcelona,999,9,999
8872,iPhone 15,4,2025-09-11 11:17:00,Madrid,999,9,3996
8873,iPhone 15,3,2025-11-03 10:52:00,Bilbao,999,11,2997
8875,Cargador USB-C,2,2025-02-19 22:50:00,Bilbao,25,2,50
8877,Cargador USB-C,3,2025-09-12 09:05:00,Bilbao,25,9,75
8878,MacBook Pro,1,2025-11-01 11:49:00,Barcelona,1499,11,1499
8879,Teclado Mecánico,1,2025-07-27 04:21:00,Valencia,120,7,120
8880,MacBook Pro,2,2025-10-13 03:26:00,Valencia,1499,10,2998
8881,AirPods Pro,2,2025-10-27 08:13:00,Bilbao,249,10,498
8882,Google Pixel 8,3,2025-03-12 14:55:00,Bilbao,699,3,2097
8883,AirPods Pro,1,2025-04-17 05:34:00,Barcelona,249,4,249
8884,Google Pixel 8,2,2025-12-28 09:43:00,Barcelona,699,12,1398
8885,MacBook Pro,3,2025-11-06 16:42:00,Valencia,1499,11,4497
8886,Google Pixel 8,2,2025-06-24 01:42:00,Valencia,699,6,1398
8887,MacBook Pro,3,2025-03-02 21:50:00,Sevilla,1499,3,4497
8888,iPhone 15,3,2025-07-15 04:39:00,Valencia,999,7,2997
8889,Teclado Mecánico,1,2025-08-20 13:15:00,Madrid,120,8,120
8890,MacBook Pro,4,2025-10-12 14:25:00,Madrid,1499,10,5996
8891,Cargador USB-C,3,2025-09-02 11:12:00,Bilbao,25,9,75
8892,AirPods Pro,2,2025-05-03 22:51:00,Bilbao,249,5,498
8893,Monitor 4K,2,2025-02-07 11:33:00,Valencia,399,2,798
8894,iPhone 15,3,2025-05-30 06:44:00,Barcelona,999,5,2997
8895,Cargador USB-C,2,2025-09-08 22:08:00,Sevilla,25,9,50
8896,Google Pixel 8,4,2025-10-02 14:52:00,Madrid,699,10,2796
8897,Teclado Mecánico,2,2025-06-01 19:09:00,Sevilla,120,6,240
8899,MacBook Pro,3,2025-11-23 05:45:00,Bilbao,1499,11,4497
8900,iPhone 15,3,2025-07-29 20:24:00,Valencia,999,7,2997
8901,MacBook Pro,1,2025-09-23 06:40:00,Madrid,1499,9,1499
8902,MacBook Pro,3,2025-03-30 20:43:00,Barcelona,1499,3,4497
8903,Teclado Mecánico,4,2025-11-21 02:05:00,Madrid,120,11,480
8904,AirPods Pro,4,2025-01-05 05:27:00,Barcelona,249,1,996
8905,Google Pixel 8,2,2025-03-18 19:49:00,Valencia,699,3,1398
8906,MacBook Pro,2,2025-03-31 22:16:00,Barcelona,1499,3,2998
8907,AirPods Pro,2,2025-02-16 15:42:00,Valencia,249,2,498
8908,iPhone 15,3,2025-05-01 16:00:00,Valencia,999,5,2997
8909,iPhone 15,1,2025-02-06 04:36:00,Sevilla,999,2,999
8910,AirPods Pro,4,2025-11-12 06:41:00,Bilbao,249,11,996
8911,MacBook Pro,4,2025-06-17 17:20:00,Valencia,1499,6,5996
8912,MacBook Pro,3,2025-11-03 00:20:00,Barcelona,1499,11,4497
8913,Teclado Mecánico,4,2025-06-22 16:40:00,Sevilla,120,6,480
8914,iPhone 15,4,2025-03-10 22:18:00,Valencia,999,3,3996
8915,MacBook Pro,4,2025-07-31 07:26:00,Valencia,1499,7,5996
8916,MacBook Pro,2,2025-10-17 03:40:00,Valencia,1499,10,2998
8917,Monitor 4K,2,2025-10-13 10:13:00,Barcelona,399,10,798
8918,Teclado Mecánico,3,2025-01-22 13:53:00,Barcelona,120,1,360
8919,iPhone 15,1,2025-10-04 00:01:00,Madrid,999,10,999
8920,Google Pixel 8,4,2025-12-09 10:45:00,Bilbao,699,12,2796
8921,Teclado Mecánico,1,2025-05-06 11:33:00,Bilbao,120,5,120
8922,Teclado Mecánico,2,2025-07-27 10:34:00,Madrid,120,7,240
8923,Google Pixel 8,1,2025-07-07 22:50:00,Valencia,699,7,699
8924,Teclado Mecánico,2,2025-07-03 06:33:00,Barcelona,120,7,240
8925,Google Pixel 8,2,2025-08-23 02:43:00,Barcelona,699,8,1398
8927,Monitor 4K,3,2025-09-25 01:04:00,Bilbao,399,9,1197
8928,AirPods Pro,2,2025-08-05 17:00:00,Sevilla,249,8,498
8929,Google Pixel 8,2,2025-05-06 17:55:00,Barcelona,699,5,1398
8930,Teclado Mecánico,2,2025-12-30 06:06:00,Bilbao,120,12,240
8931,Monitor 4K,2,2025-02-19 08:51:00,Madrid,399,2,798
8932,Google Pixel 8,1,2025-05-09 10:00:00,Madrid,699,5,699
8933,iPhone 15,4,2025-03-06 03:09:00,Bilbao,999,3,3996
8934,MacBook Pro,4,2025-07-07 06:52:00,Bilbao,1499,7,5996
8935,Cargador USB-C,4,2025-03-22 13:02:00,Valencia,25,3,100
8936,Teclado Mecánico,3,2025-04-28 02:53:00,Barcelona,120,4,360
8937,Cargador USB-C,3,2025-03-17 17:36:00,Madrid,25,3,75
8938,Monitor 4K,1,2025-01-15 23:38:00,Barcelona,399,1,399
8939,Cargador USB-C,1,2025-11-10 08:00:00,Sevilla,25,11,25
8940,Teclado Mecánico,4,2025-12-25 02:35:00,Bilbao,120,12,480
8941,Google Pixel 8,2,2025-03-16 18:20:00,Sevilla,699,3,1398
8942,Cargador USB-C,1,2025-01-18 18:30:00,Madrid,25,1,25
8943,Monitor 4K,2,2025-12-23 07:51:00,Valencia,399,12,798
8944,AirPods Pro,3,2025-02-02 13:28:00,Bilbao,249,2,747
8945,Cargador USB-C,2,2025-11-25 00:24:00,Sevilla,25,11,50
8947,AirPods Pro,3,2025-09-13 17:05:00,Madrid,249,9,747
8948,Teclado Mecánico,3,2025-01-01 01:48:00,Sevilla,120,1,360
8949,Teclado Mecánico,4,2025-04-28 11:33:00,Barcelona,120,4,480
8950,MacBook Pro,3,2025-03-12 17:28:00,Sevilla,1499,3,4497
8951,Google Pixel 8,4,2025-07-01 22:56:00,Barcelona,699,7,2796
8952,MacBook Pro,2,2025-08-04 02:18:00,Barcelona,1499,8,2998
8953,MacBook Pro,4,2025-04-24 19:15:00,Madrid,1499,4,5996
8954,MacBook Pro,4,2025-04-01 12:21:00,Valencia,1499,4,5996
8955,MacBook Pro,4,2025-05-30 09:29:00,Valencia,1499,5,5996
8956,MacBook Pro,1,2025-05-13 16:38:00,Bilbao,1499,5,1499
8957,Cargador USB-C,2,2025-03-29 01:24:00,Barcelona,25,3,50
8958,AirPods Pro,4,2025-01-04 10:03:00,Bilbao,249,1,996
8959,AirPods Pro,1,2025-09-30 11:19:00,Madrid,249,9,249
8960,iPhone 15,1,2025-11-20 07:53:00,Bilbao,999,11,999
8961,Monitor 4K,1,2025-08-16 10:35:00,Sevilla,399,8,399
8962,Google Pixel 8,1,2025-03-02 20:59:00,Valencia,699,3,699
8964,Monitor 4K,1,2025-12-10 03:26:00,Bilbao,399,12,399
8965,AirPods Pro,4,2025-06-28 18:26:00,Barcelona,249,6,996
8966,Cargador USB-C,1,2025-05-04 19:55:00,Sevilla,25,5,25
8967,Teclado Mecánico,3,2025-12-17 12:52:00,Valencia,120,12,360
8968,Monitor 4K,2,2025-06-10 03:39:00,Madrid,399,6,798
8969,AirPods Pro,3,2025-12-10 21:31:00,Madrid,249,12,747
8970,Google Pixel 8,3,2025-12-11 20:27:00,Barcelona,699,12,2097
8971,AirPods Pro,3,2025-01-13 16:26:00,Madrid,249,1,747
8972,Teclado Mecánico,3,2025-01-31 18:08:00,Barcelona,120,1,360
8973,AirPods Pro,4,2025-01-04 19:29:00,Valencia,249,1,996
8974,AirPods Pro,4,2025-06-07 05:41:00,Barcelona,249,6,996
8975,Monitor 4K,1,2025-12-27 17:42:00,Sevilla,399,12,399
8976,Teclado Mecánico,2,2025-03-20 13:37:00,Sevilla,120,3,240
8977,Cargador USB-C,2,2025-08-06 15:43:00,Barcelona,25,8,50
8978,MacBook Pro,3,2025-12-22 02:51:00,Bilbao,1499,12,4497
8979,iPhone 15,2,2025-04-15 01:38:00,Barcelona,999,4,1998
8980,iPhone 15,3,2025-09-06 03:44:00,Valencia,999,9,2997
8981,Monitor 4K,1,2025-04-05 18:36:00,Barcelona,399,4,399
8982,Google Pixel 8,1,2025-05-23 16:41:00,Valencia,699,5,699
8983,Teclado Mecánico,1,2025-06-15 04:17:00,Bilbao,120,6,120
8984,AirPods Pro,3,2025-10-27 21:54:00,Valencia,249,10,747
8985,iPhone 15,4,2025-06-28 14:57:00,Bilbao,999,6,3996
8986,MacBook Pro,2,2025-01-05 08:18:00,Madrid,1499,1,2998
8987,iPhone 15,2,2025-03-07 15:14:00,Barcelona,999,3,1998
8988,Teclado Mecánico,1,2025-06-03 14:54:00,Madrid,120,6,120
8989,AirPods Pro,1,2025-01-04 02:05:00,Barcelona,249,1,249
8990,Cargador USB-C,2,2025-06-29 22:47:00,Bilbao,25,6,50
8991,Monitor 4K,1,2025-03-19 17:28:00,Bilbao,399,3,399
8992,AirPods Pro,3,2025-02-25 11:42:00,Valencia,249,2,747
8993,iPhone 15,4,2025-06-04 00:46:00,Valencia,999,6,3996
8994,iPhone 15,1,2025-01-24 23:33:00,Barcelona,999,1,999
8996,MacBook Pro,3,2025-09-09 22:24:00,Madrid,1499,9,4497
8997,MacBook Pro,1,2025-06-22 04:46:00,Barcelona,1499,6,1499
8998,Google Pixel 8,4,2025-05-18 12:43:00,Valencia,699,5,2796
8999,MacBook Pro,2,2025-12-07 09:45:00,Bilbao,1499,12,2998
9001,Cargador USB-C,4,2025-08-20 11:04:00,Barcelona,25,8,100
9002,Teclado Mecánico,3,2025-02-13 11:20:00,Valencia,120,2,360
9003,Monitor 4K,4,2025-02-17 06:38:00,Valencia,399,2,1596
9004,Cargador USB-C,1,2025-12-03 16:29:00,Barcelona,25,12,25
9005,Cargador USB-C,2,2025-09-23 02:51:00,Sevilla,25,9,50
9006,Google Pixel 8,2,2025-02-07 15:31:00,Valencia,699,2,1398
9007,Cargador USB-C,2,2025-04-14 13:55:00,Bilbao,25,4,50
9008,Cargador USB-C,1,2025-06-01 14:13:00,Valencia,25,6,25
9009,Monitor 4K,3,2025-07-25 09:47:00,Barcelona,399,7,1197
9010,Teclado Mecánico,2,2025-08-28 13:29:00,Valencia,120,8,240
9011,Cargador USB-C,4,2025-02-09 11:20:00,Madrid,25,2,100
9012,Cargador USB-C,2,2025-05-06 00:04:00,Valencia,25,5,50
9013,iPhone 15,4,2025-03-05 20:10:00,Madrid,999,3,3996
9014,Teclado Mecánico,4,2025-12-14 19:19:00,Valencia,120,12,480
9015,iPhone 15,1,2025-11-17 14:57:00,Bilbao,999,11,999
9016,AirPods Pro,4,2025-03-11 09:02:00,Madrid,249,3,996
9017,Teclado Mecánico,2,2025-09-10 19:31:00,Barcelona,120,9,240
9018,AirPods Pro,1,2025-04-22 03:49:00,Barcelona,249,4,249
9020,Google Pixel 8,2,2025-11-15 03:59:00,Barcelona,699,11,1398
9021,Teclado Mecánico,4,2025-02-07 09:32:00,Bilbao,120,2,480
9022,MacBook Pro,4,2025-03-12 17:37:00,Sevilla,1499,3,5996
9023,Teclado Mecánico,4,2025-03-16 22:08:00,Valencia,120,3,480
9024,Monitor 4K,4,2025-12-03 16:54:00,Sevilla,399,12,1596
9025,Google Pixel 8,3,2025-06-20 18:33:00,Bilbao,699,6,2097
9026,iPhone 15,2,2025-03-06 13:40:00,Barcelona,999,3,1998
9027,Google Pixel 8,4,2025-08-08 03:13:00,Sevilla,699,8,2796
9028,MacBook Pro,2,2025-08-17 14:56:00,Sevilla,1499,8,2998
9029,Google Pixel 8,3,2025-01-09 00:17:00,Madrid,699,1,2097
9030,MacBook Pro,3,2025-11-15 19:24:00,Sevilla,1499,11,4497
9031,Monitor 4K,2,2025-02-11 05:34:00,Sevilla,399,2,798
9032,MacBook Pro,4,2025-09-08 01:52:00,Valencia,1499,9,5996
9033,Google Pixel 8,3,2025-04-08 05:56:00,Sevilla,699,4,2097
9034,Cargador USB-C,3,2025-01-08 10:58:00,Barcelona,25,1,75
9035,Monitor 4K,2,2025-05-24 06:23:00,Bilbao,399,5,798
9036,MacBook Pro,3,2025-07-20 10:32:00,Barcelona,1499,7,4497
9037,iPhone 15,2,2025-05-21 12:50:00,Madrid,999,5,1998
9038,Teclado Mecánico,2,2025-03-26 17:46:00,Bilbao,120,3,240
9039,Cargador USB-C,4,2025-10-23 08:42:00,Bilbao,25,10,100
9040,Monitor 4K,2,2025-08-30 19:15:00,Madrid,399,8,798
9041,Cargador USB-C,4,2025-02-03 05:43:00,Madrid,25,2,100
9042,MacBook Pro,4,2025-01-01 23:55:00,Bilbao,1499,1,5996
9043,Cargador USB-C,1,2025-08-29 05:12:00,Sevilla,25,8,25
9044,Monitor 4K,3,2025-01-11 14:46:00,Barcelona,399,1,1197
9045,AirPods Pro,4,2025-04-19 03:30:00,Sevilla,249,4,996
9046,MacBook Pro,3,2025-06-16 15:17:00,Madrid,1499,6,4497
9047,iPhone 15,4,2025-04-07 06:56:00,Madrid,999,4,3996
9048,Cargador USB-C,1,2025-07-27 06:32:00,Madrid,25,7,25
9049,AirPods Pro,4,2025-10-13 21:43:00,Sevilla,249,10,996
9050,iPhone 15,1,2025-10-29 03:51:00,Madrid,999,10,999
9051,Google Pixel 8,4,2025-08-05 22:54:00,Barcelona,699,8,2796
9052,Monitor 4K,2,2025-08-26 10:30:00,Sevilla,399,8,798
9053,AirPods Pro,4,2025-09-14 05:50:00,Valencia,249,9,996
9054,Teclado Mecánico,1,2025-10-04 20:27:00,Sevilla,120,10,120
9055,AirPods Pro,2,2025-08-01 04:54:00,Bilbao,249,8,498
9056,iPhone 15,2,2025-01-03 20:43:00,Sevilla,999,1,1998
9057,Teclado Mecánico,2,2025-03-02 05:58:00,Barcelona,120,3,240
9058,iPhone 15,1,2025-10-02 03:22:00,Bilbao,999,10,999
9059,Cargador USB-C,3,2025-03-30 17:41:00,Barcelona,25,3,75
9061,Teclado Mecánico,3,2025-06-24 03:14:00,Bilbao,120,6,360
9062,Cargador USB-C,2,2025-09-02 03:03:00,Valencia,25,9,50
9063,Monitor 4K,4,2025-06-24 22:20:00,Barcelona,399,6,1596
9064,AirPods Pro,2,2025-08-15 21:04:00,Sevilla,249,8,498
9065,AirPods Pro,2,2025-09-12 07:26:00,Madrid,249,9,498
9066,MacBook Pro,4,2025-01-22 11:57:00,Valencia,1499,1,5996
9067,Cargador USB-C,4,2025-04-05 21:31:00,Bilbao,25,4,100
9068,Monitor 4K,2,2025-09-01 09:40:00,Sevilla,399,9,798
9069,Google Pixel 8,3,2025-12-27 01:58:00,Bilbao,699,12,2097
9070,Teclado Mecánico,2,2025-11-08 12:56:00,Barcelona,120,11,240
9071,Google Pixel 8,4,2025-05-25 11:04:00,Madrid,699,5,2796
9072,Cargador USB-C,2,2025-06-17 11:17:00,Sevilla,25,6,50
9073,Cargador USB-C,1,2025-01-29 21:38:00,Valencia,25,1,25
9074,Google Pixel 8,3,2025-06-19 17:26:00,Sevilla,699,6,2097
9075,Google Pixel 8,3,2025-06-04 11:37:00,Madrid,699,6,2097
9076,Google Pixel 8,4,2025-02-07 09:38:00,Valencia,699,2,2796
9077,Teclado Mecánico,2,2025-08-27 00:44:00,Sevilla,120,8,240
9078,Cargador USB-C,2,2025-03-12 13:38:00,Valencia,25,3,50
9079,Teclado Mecánico,1,2025-02-17 04:05:00,Valencia,120,2,120
9080,AirPods Pro,2,2025-03-07 21:19:00,Bilbao,249,3,498
9081,Cargador USB-C,1,2025-07-15 19:31:00,Sevilla,25,7,25
9083,Cargador USB-C,1,2025-12-23 09:39:00,Madrid,25,12,25
9084,MacBook Pro,2,2025-01-24 08:56:00,Valencia,1499,1,2998
9085,Monitor 4K,2,2025-04-14 03:07:00,Barcelona,399,4,798
9086,Teclado Mecánico,2,2025-04-13 03:56:00,Barcelona,120,4,240
9087,Teclado Mecánico,1,2025-04-05 23:54:00,Barcelona,120,4,120
9088,iPhone 15,2,2025-07-05 19:30:00,Barcelona,999,7,1998
9089,MacBook Pro,1,2025-03-05 11:05:00,Bilbao,1499,3,1499
9090,AirPods Pro,1,2025-01-06 20:42:00,Bilbao,249,1,249
9091,iPhone 15,1,2025-03-19 16:54:00,Bilbao,999,3,999
9092,Monitor 4K,3,2025-11-12 12:24:00,Barcelona,399,11,1197
9093,iPhone 15,2,2025-01-31 09:06:00,Madrid,999,1,1998
9094,MacBook Pro,3,2025-03-07 12:50:00,Madrid,1499,3,4497
9095,MacBook Pro,1,2025-06-03 11:23:00,Barcelona,1499,6,1499
9096,Monitor 4K,2,2025-03-12 22:11:00,Valencia,399,3,798
9097,Google Pixel 8,4,2025-03-03 06:28:00,Valencia,699,3,2796
9098,iPhone 15,3,2025-11-08 23:23:00,Sevilla,999,11,2997
9099,Cargador USB-C,2,2025-06-01 22:28:00,Bilbao,25,6,50
9100,MacBook Pro,2,2025-09-15 13:25:00,Bilbao,1499,9,2998
9101,MacBook Pro,3,2025-08-11 14:01:00,Barcelona,1499,8,4497
9102,Teclado Mecánico,3,2025-06-10 13:22:00,Madrid,120,6,360
9103,AirPods Pro,3,2025-10-03 10:08:00,Barcelona,249,10,747
9104,Cargador USB-C,1,2025-06-02 06:24:00,Sevilla,25,6,25
9105,Teclado Mecánico,3,2025-03-12 14:10:00,Valencia,120,3,360
9106,Monitor 4K,4,2025-12-07 08:53:00,Bilbao,399,12,1596
9107,AirPods Pro,3,2025-07-31 18:06:00,Valencia,249,7,747
9108,Google Pixel 8,3,2025-03-06 09:14:00,Bilbao,699,3,2097
9110,Teclado Mecánico,2,2025-01-11 04:37:00,Bilbao,120,1,240
9111,MacBook Pro,4,2025-01-30 13:49:00,Sevilla,1499,1,5996
9112,Google Pixel 8,1,2025-02-17 03:52:00,Valencia,699,2,699
9113,Teclado Mecánico,4,2025-01-04 13:54:00,Sevilla,120,1,480
9114,Cargador USB-C,4,2025-01-06 08:27:00,Barcelona,25,1,100
9115,Google Pixel 8,4,2025-10-28 03:15:00,Madrid,699,10,2796
9116,AirPods Pro,2,2025-12-06 13:18:00,Madrid,249,12,498
9117,iPhone 15,3,2025-07-23 17:49:00,Valencia,999,7,2997
9118,MacBook Pro,2,2025-07-03 15:35:00,Valencia,1499,7,2998
9119,Google Pixel 8,2,2025-02-23 11:06:00,Bilbao,699,2,1398
9121,Cargador USB-C,4,2025-07-04 20:19:00,Sevilla,25,7,100
9123,MacBook Pro,2,2025-03-03 00:57:00,Valencia,1499,3,2998
9124,Monitor 4K,4,2025-10-21 20:17:00,Bilbao,399,10,1596
9125,Teclado Mecánico,2,2025-08-27 09:23:00,Barcelona,120,8,240
9126,MacBook Pro,4,2025-11-27 03:05:00,Madrid,1499,11,5996
9128,Google Pixel 8,1,2025-06-13 21:54:00,Barcelona,699,6,699
9129,AirPods Pro,4,2025-09-12 04:16:00,Barcelona,249,9,996
9130,Google Pixel 8,2,2025-07-09 16:00:00,Sevilla,699,7,1398
9131,Google Pixel 8,4,2025-01-09 15:27:00,Madrid,699,1,2796
9132,Teclado Mecánico,2,2025-05-23 00:44:00,Sevilla,120,5,240
9133,AirPods Pro,3,2025-06-18 01:36:00,Barcelona,249,6,747
9134,iPhone 15,1,2025-12-20 22:09:00,Madrid,999,12,999
9135,iPhone 15,3,2025-12-12 21:04:00,Valencia,999,12,2997
9136,AirPods Pro,3,2025-11-05 07:20:00,Barcelona,249,11,747
9137,Monitor 4K,1,2025-01-18 08:24:00,Bilbao,399,1,399
9138,iPhone 15,1,2025-01-28 19:28:00,Sevilla,999,1,999
9139,MacBook Pro,1,2025-04-25 07:52:00,Valencia,1499,4,1499
9140,Cargador USB-C,4,2025-07-03 12:29:00,Barcelona,25,7,100
9141,Google Pixel 8,4,2025-01-21 18:35:00,Sevilla,699,1,2796
9142,Teclado Mecánico,4,2025-10-04 17:49:00,Bilbao,120,10,480
9143,Google Pixel 8,3,2025-08-24 02:14:00,Barcelona,699,8,2097
9144,AirPods Pro,4,2025-09-26 21:10:00,Bilbao,249,9,996
9145,Teclado Mecánico,2,2025-05-17 12:52:00,Sevilla,120,5,240
9146,MacBook Pro,1,2025-10-31 12:44:00,Valencia,1499,10,1499
9147,MacBook Pro,1,2025-06-17 05:07:00,Bilbao,1499,6,1499
9148,Teclado Mecánico,2,2025-04-21 02:38:00,Madrid,120,4,240
9149,iPhone 15,2,2025-03-04 00:34:00,Sevilla,999,3,1998
9150,MacBook Pro,4,2025-08-08 21:01:00,Sevilla,1499,8,5996
9151,iPhone 15,1,2025-04-20 22:20:00,Sevilla,999,4,999
9153,iPhone 15,4,2025-10-02 17:12:00,Bilbao,999,10,3996
9154,MacBook Pro,3,2025-05-13 07:24:00,Sevilla,1499,5,4497
9155,Teclado Mecánico,4,2025-09-04 10:14:00,Madrid,120,9,480
9156,Cargador USB-C,4,2025-11-17 21:29:00,Barcelona,25,11,100
9157,iPhone 15,2,2025-02-23 08:31:00,Valencia,999,2,1998
9158,AirPods Pro,4,2025-05-22 08:31:00,Valencia,249,5,996
9159,Cargador USB-C,1,2025-01-07 19:06:00,Valencia,25,1,25
9160,Cargador USB-C,2,2025-04-05 06:41:00,Sevilla,25,4,50
9161,AirPods Pro,4,2025-12-17 04:41:00,Sevilla,249,12,996
9162,MacBook Pro,1,2025-06-29 13:06:00,Madrid,1499,6,1499
9163,AirPods Pro,2,2025-01-05 10:47:00,Sevilla,249,1,498
9164,Cargador USB-C,3,2025-10-12 22:50:00,Bilbao,25,10,75
9165,Cargador USB-C,4,2025-10-05 04:29:00,Madrid,25,10,100
9166,MacBook Pro,3,2025-12-07 17:27:00,Madrid,1499,12,4497
9167,Monitor 4K,4,2025-11-01 09:12:00,Madrid,399,11,1596
9168,Google Pixel 8,1,2025-06-29 06:33:00,Madrid,699,6,699
9169,MacBook Pro,2,2025-08-05 14:43:00,Madrid,1499,8,2998
9170,iPhone 15,1,2025-03-05 09:32:00,Madrid,999,3,999
9171,Teclado Mecánico,4,2025-05-26 03:51:00,Madrid,120,5,480
9172,Google Pixel 8,1,2025-11-20 18:37:00,Madrid,699,11,699
9173,Cargador USB-C,3,2025-05-31 21:37:00,Valencia,25,5,75
9174,Monitor 4K,1,2025-06-01 06:48:00,Bilbao,399,6,399
9175,iPhone 15,1,2025-06-10 08:38:00,Madrid,999,6,999
9176,Monitor 4K,1,2025-02-12 17:35:00,Bilbao,399,2,399
9177,Monitor 4K,2,2025-09-29 18:23:00,Sevilla,399,9,798
9178,Teclado Mecánico,1,2025-08-13 17:46:00,Barcelona,120,8,120
9179,AirPods Pro,1,2025-12-11 02:52:00,Valencia,249,12,249
9180,iPhone 15,1,2025-03-14 06:55:00,Valencia,999,3,999
9181,AirPods Pro,3,2025-10-28 04:13:00,Valencia,249,10,747
9182,iPhone 15,4,2025-04-04 22:42:00,Sevilla,999,4,3996
9183,Teclado Mecánico,3,2025-12-26 15:08:00,Bilbao,120,12,360
9184,MacBook Pro,3,2025-10-17 08:06:00,Bilbao,1499,10,4497
9185,AirPods Pro,3,2025-05-21 15:00:00,Barcelona,249,5,747
9186,iPhone 15,2,2025-12-15 14:10:00,Valencia,999,12,1998
9187,Monitor 4K,1,2025-09-24 05:27:00,Barcelona,399,9,399
9188,AirPods Pro,2,2025-09-16 20:11:00,Valencia,249,9,498
9189,MacBook Pro,2,2025-09-26 21:41:00,Bilbao,1499,9,2998
9190,iPhone 15,4,2025-07-31 18:16:00,Sevilla,999,7,3996
9191,Teclado Mecánico,2,2025-08-25 17:34:00,Sevilla,120,8,240
9192,AirPods Pro,1,2025-06-26 09:54:00,Madrid,249,6,249
9193,Monitor 4K,2,2025-09-01 11:34:00,Sevilla,399,9,798
9195,AirPods Pro,1,2025-02-06 06:05:00,Madrid,249,2,249
9197,Cargador USB-C,3,2025-02-09 06:54:00,Sevilla,25,2,75
9198,Teclado Mecánico,3,2025-01-24 21:05:00,Barcelona,120,1,360
9199,AirPods Pro,3,2025-07-14 01:50:00,Sevilla,249,7,747
9200,Teclado Mecánico,3,2025-03-07 05:53:00,Valencia,120,3,360
9201,Google Pixel 8,2,2025-06-26 21:12:00,Madrid,699,6,1398
9202,MacBook Pro,4,2025-07-04 21:37:00,Barcelona,1499,7,5996
9203,AirPods Pro,2,2025-12-29 00:09:00,Valencia,249,12,498
9204,iPhone 15,1,2025-06-23 21:57:00,Valencia,999,6,999
9205,Teclado Mecánico,4,2025-11-09 07:51:00,Bilbao,120,11,480
9206,Teclado Mecánico,4,2025-02-06 03:44:00,Bilbao,120,2,480
9208,AirPods Pro,1,2025-08-28 20:26:00,Barcelona,249,8,249
9209,AirPods Pro,1,2025-12-25 06:51:00,Barcelona,249,12,249
9211,Teclado Mecánico,1,2025-11-19 01:54:00,Bilbao,120,11,120
9212,iPhone 15,4,2025-12-17 16:18:00,Sevilla,999,12,3996
9213,MacBook Pro,4,2025-06-02 00:50:00,Bilbao,1499,6,5996
9214,Cargador USB-C,1,2025-05-28 18:31:00,Barcelona,25,5,25
9215,Teclado Mecánico,2,2025-05-22 04:47:00,Madrid,120,5,240
9216,AirPods Pro,3,2025-08-29 04:13:00,Bilbao,249,8,747
9217,Cargador USB-C,1,2025-06-17 00:45:00,Bilbao,25,6,25
9219,iPhone 15,1,2025-07-04 21:19:00,Sevilla,999,7,999
9220,Google Pixel 8,3,2025-12-19 09:25:00,Sevilla,699,12,2097
9221,AirPods Pro,1,2025-02-12 01:22:00,Bilbao,249,2,249
9222,Teclado Mecánico,1,2025-08-14 02:18:00,Barcelona,120,8,120
9223,Cargador USB-C,2,2025-10-17 11:50:00,Madrid,25,10,50
9224,MacBook Pro,3,2025-09-14 12:00:00,Sevilla,1499,9,4497
9225,Cargador USB-C,1,2025-08-22 22:22:00,Barcelona,25,8,25
9226,Google Pixel 8,2,2025-07-20 15:45:00,Bilbao,699,7,1398
9227,Monitor 4K,2,2025-11-06 22:13:00,Sevilla,399,11,798
9228,Cargador USB-C,3,2025-02-15 14:26:00,Valencia,25,2,75
9229,AirPods Pro,2,2025-07-04 19:07:00,Madrid,249,7,498
9231,Monitor 4K,1,2025-09-27 02:52:00,Madrid,399,9,399
9232,Google Pixel 8,3,2025-03-11 18:49:00,Bilbao,699,3,2097
9233,iPhone 15,3,2025-07-26 13:49:00,Valencia,999,7,2997
9234,Teclado Mecánico,3,2025-04-16 07:51:00,Barcelona,120,4,360
9235,Teclado Mecánico,4,2025-04-19 21:49:00,Bilbao,120,4,480
9236,iPhone 15,3,2025-10-16 21:45:00,Bilbao,999,10,2997
9237,Monitor 4K,4,2025-05-19 08:17:00,Valencia,399,5,1596
9238,iPhone 15,4,2025-06-15 14:22:00,Sevilla,999,6,3996
9239,Teclado Mecánico,1,2025-08-30 23:32:00,Barcelona,120,8,120
9240,Monitor 4K,4,2025-11-15 05:28:00,Valencia,399,11,1596
9241,Teclado Mecánico,2,2025-03-15 13:01:00,Sevilla,120,3,240
9242,Teclado Mecánico,4,2025-11-03 19:17:00,Sevilla,120,11,480
9243,Teclado Mecánico,2,2025-09-25 05:58:00,Valencia,120,9,240
9244,AirPods Pro,4,2025-12-25 11:08:00,Valencia,249,12,996
9245,MacBook Pro,4,2025-06-18 06:59:00,Sevilla,1499,6,5996
9246,MacBook Pro,4,2025-03-21 10:00:00,Valencia,1499,3,5996
9247,AirPods Pro,1,2025-04-01 05:01:00,Valencia,249,4,249
9248,Cargador USB-C,4,2025-08-28 23:50:00,Bilbao,25,8,100
9249,MacBook Pro,2,2025-06-05 17:21:00,Bilbao,1499,6,2998
9250,AirPods Pro,1,2025-08-07 00:46:00,Sevilla,249,8,249
9251,AirPods Pro,4,2025-07-20 23:30:00,Valencia,249,7,996
9252,MacBook Pro,2,2025-03-12 14:57:00,Barcelona,1499,3,2998
9253,Teclado Mecánico,2,2025-07-17 15:03:00,Barcelona,120,7,240
9254,iPhone 15,1,2025-12-01 16:46:00,Madrid,999,12,999
9255,Cargador USB-C,4,2025-01-08 19:11:00,Bilbao,25,1,100
9256,Monitor 4K,2,2025-05-16 23:05:00,Bilbao,399,5,798
9257,Monitor 4K,3,2025-11-13 23:24:00,Bilbao,399,11,1197
9258,iPhone 15,2,2025-06-20 09:18:00,Barcelona,999,6,1998
9259,Google Pixel 8,4,2025-11-09 19:36:00,Sevilla,699,11,2796
9260,Teclado Mecánico,2,2025-01-31 05:48:00,Barcelona,120,1,240
9261,Google Pixel 8,3,2025-09-08 17:30:00,Barcelona,699,9,2097
9262,Google Pixel 8,1,2025-06-03 07:42:00,Madrid,699,6,699
9263,Cargador USB-C,1,2025-09-28 23:59:00,Madrid,25,9,25
9264,AirPods Pro,3,2025-11-20 19:25:00,Valencia,249,11,747
9265,AirPods Pro,3,2025-01-30 22:31:00,Barcelona,249,1,747
9266,Cargador USB-C,3,2025-06-03 14:27:00,Sevilla,25,6,75
9267,Teclado Mecánico,1,2025-07-20 22:48:00,Madrid,120,7,120
9268,Cargador USB-C,2,2025-01-07 03:33:00,Valencia,25,1,50
9269,Teclado Mecánico,2,2025-07-09 18:15:00,Sevilla,120,7,240
9270,iPhone 15,1,2025-04-23 10:11:00,Barcelona,999,4,999
9271,Cargador USB-C,4,2025-05-20 13:38:00,Valencia,25,5,100
9272,iPhone 15,2,2025-09-15 00:19:00,Madrid,999,9,1998
9273,iPhone 15,1,2025-11-02 00:20:00,Barcelona,999,11,999
9274,Teclado Mecánico,1,2025-12-20 06:32:00,Sevilla,120,12,120
9275,Monitor 4K,3,2025-10-21 21:21:00,Valencia,399,10,1197
9276,MacBook Pro,3,2025-11-26 19:43:00,Valencia,1499,11,4497
9277,MacBook Pro,3,2025-07-22 21:27:00,Madrid,1499,7,4497
9278,iPhone 15,4,2025-07-02 12:59:00,Sevilla,999,7,3996
9279,iPhone 15,1,2025-05-15 09:18:00,Barcelona,999,5,999
9280,Cargador USB-C,1,2025-12-06 16:58:00,Barcelona,25,12,25
9281,MacBook Pro,4,2025-04-19 12:42:00,Valencia,1499,4,5996
9282,Monitor 4K,4,2025-05-02 21:07:00,Valencia,399,5,1596
9283,Cargador USB-C,1,2025-09-10 10:18:00,Madrid,25,9,25
9284,Cargador USB-C,1,2025-11-19 08:13:00,Barcelona,25,11,25
9285,MacBook Pro,4,2025-09-29 14:44:00,Barcelona,1499,9,5996
9286,Cargador USB-C,3,2025-08-04 14:13:00,Madrid,25,8,75
9287,Monitor 4K,4,2025-05-14 17:00:00,Sevilla,399,5,1596
9288,iPhone 15,2,2025-09-09 08:00:00,Valencia,999,9,1998
9289,Teclado Mecánico,3,2025-10-30 16:03:00,Barcelona,120,10,360
9290,Cargador USB-C,1,2025-03-30 16:27:00,Valencia,25,3,25
9291,Google Pixel 8,4,2025-08-05 05:43:00,Bilbao,699,8,2796
9292,iPhone 15,2,2025-09-26 06:50:00,Madrid,999,9,1998
9293,Teclado Mecánico,4,2025-05-28 15:12:00,Barcelona,120,5,480
9294,Cargador USB-C,2,2025-02-21 00:02:00,Valencia,25,2,50
9295,AirPods Pro,2,2025-07-05 22:23:00,Madrid,249,7,498
9296,MacBook Pro,4,2025-09-17 08:16:00,Barcelona,1499,9,5996
9297,AirPods Pro,3,2025-12-16 19:37:00,Sevilla,249,12,747
9298,MacBook Pro,3,2025-02-28 15:37:00,Bilbao,1499,2,4497
9299,MacBook Pro,1,2025-12-26 00:28:00,Barcelona,1499,12,1499
9300,Google Pixel 8,1,2025-03-21 13:03:00,Valencia,699,3,699
9301,Cargador USB-C,1,2025-12-02 16:21:00,Barcelona,25,12,25
9302,Monitor 4K,4,2025-09-11 19:20:00,Bilbao,399,9,1596
9303,AirPods Pro,3,2025-04-17 06:16:00,Sevilla,249,4,747
9304,MacBook Pro,3,2025-07-24 22:14:00,Valencia,1499,7,4497
9305,Cargador USB-C,4,2025-02-03 18:23:00,Bilbao,25,2,100
9306,Teclado Mecánico,1,2025-10-25 07:36:00,Sevilla,120,10,120
9307,Google Pixel 8,3,2025-10-29 04:04:00,Barcelona,699,10,2097
9308,AirPods Pro,1,2025-10-28 17:27:00,Barcelona,249,10,249
9309,Cargador USB-C,3,2025-01-19 00:15:00,Sevilla,25,1,75
9310,AirPods Pro,1,2025-08-19 16:01:00,Madrid,249,8,249
9311,iPhone 15,4,2025-11-10 00:52:00,Madrid,999,11,3996
9312,Google Pixel 8,1,2025-07-12 17:55:00,Barcelona,699,7,699
9313,Cargador USB-C,3,2025-07-13 00:15:00,Madrid,25,7,75
9314,Google Pixel 8,4,2025-04-18 22:12:00,Bilbao,699,4,2796
9315,Monitor 4K,1,2025-09-26 06:41:00,Bilbao,399,9,399
9316,iPhone 15,4,2025-09-16 20:56:00,Valencia,999,9,3996
9317,iPhone 15,1,2025-02-23 13:42:00,Sevilla,999,2,999
9318,iPhone 15,2,2025-05-31 19:09:00,Sevilla,999,5,1998
9319,MacBook Pro,1,2025-04-10 17:34:00,Barcelona,1499,4,1499
9320,MacBook Pro,2,2025-11-03 05:29:00,Sevilla,1499,11,2998
9321,Cargador USB-C,1,2025-08-05 06:42:00,Barcelona,25,8,25
9322,MacBook Pro,1,2025-11-05 12:26:00,Valencia,1499,11,1499
9323,MacBook Pro,1,2025-02-07 19:23:00,Madrid,1499,2,1499
9324,Teclado Mecánico,3,2025-03-17 20:30:00,Sevilla,120,3,360
9325,AirPods Pro,1,2025-10-19 05:41:00,Madrid,249,10,249
9326,Monitor 4K,3,2025-05-22 15:38:00,Valencia,399,5,1197
9327,Cargador USB-C,4,2025-08-26 03:37:00,Madrid,25,8,100
9328,Cargador USB-C,4,2025-10-24 10:41:00,Sevilla,25,10,100
9329,MacBook Pro,2,2025-11-03 11:02:00,Sevilla,1499,11,2998
9330,MacBook Pro,4,2025-04-01 22:15:00,Madrid,1499,4,5996
9331,Cargador USB-C,1,2025-08-07 01:42:00,Barcelona,25,8,25
9332,AirPods Pro,4,2025-03-28 10:14:00,Sevilla,249,3,996
9333,Cargador USB-C,2,2025-11-30 21:53:00,Valencia,25,11,50
9334,Cargador USB-C,4,2025-09-16 13:57:00,Bilbao,25,9,100
9335,AirPods Pro,3,2025-11-21 15:10:00,Bilbao,249,11,747
9336,MacBook Pro,2,2025-12-24 09:53:00,Valencia,1499,12,2998
9337,Teclado Mecánico,2,2025-04-23 19:11:00,Bilbao,120,4,240
9338,Teclado Mecánico,1,2025-01-14 19:17:00,Bilbao,120,1,120
9339,Cargador USB-C,2,2025-06-06 12:40:00,Madrid,25,6,50
9340,Google Pixel 8,4,2025-03-30 12:30:00,Valencia,699,3,2796
9341,iPhone 15,1,2025-07-17 23:33:00,Bilbao,999,7,999
9342,Google Pixel 8,3,2025-02-21 04:29:00,Valencia,699,2,2097
9343,MacBook Pro,3,2025-01-18 08:42:00,Madrid,1499,1,4497
9344,Google Pixel 8,1,2025-11-11 02:27:00,Sevilla,699,11,699
9345,Google Pixel 8,2,2025-12-12 16:50:00,Barcelona,699,12,1398
9346,iPhone 15,3,2025-07-25 20:12:00,Madrid,999,7,2997
9347,Teclado Mecánico,3,2025-09-21 02:39:00,Madrid,120,9,360
9348,Google Pixel 8,2,2025-05-13 19:23:00,Sevilla,699,5,1398
9350,Google Pixel 8,4,2025-08-14 19:09:00,Madrid,699,8,2796
9351,iPhone 15,4,2025-02-20 05:16:00,Madrid,999,2,3996
9352,iPhone 15,1,2025-05-10 10:54:00,Madrid,999,5,999
9353,Google Pixel 8,3,2025-07-14 09:07:00,Barcelona,699,7,2097
9354,Cargador USB-C,4,2025-04-06 19:51:00,Valencia,25,4,100
9355,iPhone 15,4,2025-08-31 16:15:00,Barcelona,999,8,3996
9356,Cargador USB-C,4,2025-02-07 04:35:00,Sevilla,25,2,100
9357,Cargador USB-C,4,2025-08-20 22:44:00,Bilbao,25,8,100
9358,Cargador USB-C,1,2025-03-07 19:34:00,Bilbao,25,3,25
9359,Cargador USB-C,1,2025-03-31 10:54:00,Bilbao,25,3,25
9360,MacBook Pro,1,2025-12-14 19:15:00,Madrid,1499,12,1499
9361,Cargador USB-C,1,2025-07-16 05:35:00,Valencia,25,7,25
9362,MacBook Pro,1,2025-09-29 01:38:00,Bilbao,1499,9,1499
9363,AirPods Pro,2,2025-03-19 09:54:00,Bilbao,249,3,498
9364,MacBook Pro,3,2025-05-24 09:57:00,Bilbao,1499,5,4497
9366,Monitor 4K,3,2025-03-18 16:01:00,Madrid,399,3,1197
9367,Monitor 4K,4,2025-05-24 04:37:00,Sevilla,399,5,1596
9368,Monitor 4K,1,2025-04-18 04:09:00,Bilbao,399,4,399
9369,Cargador USB-C,1,2025-06-08 18:26:00,Barcelona,25,6,25
9371,iPhone 15,3,2025-03-07 17:54:00,Valencia,999,3,2997
9372,Teclado Mecánico,3,2025-01-06 12:47:00,Madrid,120,1,360
9373,iPhone 15,2,2025-10-24 05:49:00,Barcelona,999,10,1998
9374,Teclado Mecánico,1,2025-06-04 13:26:00,Sevilla,120,6,120
9375,iPhone 15,4,2025-10-26 18:51:00,Barcelona,999,10,3996
9376,MacBook Pro,1,2025-02-23 13:47:00,Barcelona,1499,2,1499
9378,iPhone 15,2,2025-05-09 08:43:00,Bilbao,999,5,1998
9379,Teclado Mecánico,3,2025-05-30 07:19:00,Valencia,120,5,360
9380,Google Pixel 8,2,2025-06-09 03:06:00,Barcelona,699,6,1398
9381,AirPods Pro,4,2025-04-14 06:16:00,Sevilla,249,4,996
9382,iPhone 15,2,2025-08-26 07:22:00,Bilbao,999,8,1998
9383,MacBook Pro,3,2025-11-15 09:45:00,Madrid,1499,11,4497
9384,AirPods Pro,2,2025-03-25 13:59:00,Valencia,249,3,498
9385,Teclado Mecánico,2,2025-06-28 05:07:00,Barcelona,120,6,240
9386,Cargador USB-C,1,2025-03-27 17:04:00,Valencia,25,3,25
9387,Monitor 4K,3,2025-11-13 10:19:00,Sevilla,399,11,1197
9388,Teclado Mecánico,4,2025-06-28 18:34:00,Barcelona,120,6,480
9389,Cargador USB-C,3,2025-09-10 05:14:00,Valencia,25,9,75
9390,MacBook Pro,4,2025-03-19 14:19:00,Madrid,1499,3,5996
9391,MacBook Pro,4,2025-04-23 05:37:00,Bilbao,1499,4,5996
9392,MacBook Pro,3,2025-09-16 21:21:00,Valencia,1499,9,4497
9393,iPhone 15,4,2025-01-15 02:59:00,Sevilla,999,1,3996
9394,AirPods Pro,4,2025-10-04 06:32:00,Madrid,249,10,996
9395,MacBook Pro,1,2025-04-19 16:58:00,Bilbao,1499,4,1499
9396,AirPods Pro,3,2025-03-27 08:38:00,Barcelona,249,3,747
9397,MacBook Pro,2,2025-08-26 04:25:00,Barcelona,1499,8,2998
9398,iPhone 15,4,2025-08-13 20:32:00,Valencia,999,8,3996
9399,Teclado Mecánico,4,2025-09-08 19:36:00,Bilbao,120,9,480
9400,Cargador USB-C,1,2025-07-20 07:03:00,Valencia,25,7,25
9401,Google Pixel 8,2,2025-08-31 00:15:00,Bilbao,699,8,1398
9403,Cargador USB-C,3,2025-01-12 13:35:00,Sevilla,25,1,75
9405,Monitor 4K,4,2025-02-28 08:31:00,Valencia,399,2,1596
9406,MacBook Pro,1,2025-01-15 13:45:00,Barcelona,1499,1,1499
9407,MacBook Pro,4,2025-09-16 20:07:00,Madrid,1499,9,5996
9408,AirPods Pro,4,2025-09-14 23:48:00,Bilbao,249,9,996
9409,Teclado Mecánico,1,2025-07-22 00:33:00,Sevilla,120,7,120
9410,Google Pixel 8,2,2025-05-23 06:13:00,Sevilla,699,5,1398
9411,Google Pixel 8,1,2025-08-08 09:46:00,Madrid,699,8,699
9412,Teclado Mecánico,1,2025-06-29 06:27:00,Madrid,120,6,120
9413,Monitor 4K,4,2025-12-05 10:40:00,Sevilla,399,12,1596
9414,Cargador USB-C,1,2025-05-12 13:56:00,Barcelona,25,5,25
9415,Monitor 4K,1,2025-07-12 05:31:00,Barcelona,399,7,399
9416,Cargador USB-C,1,2025-08-11 03:33:00,Sevilla,25,8,25
9417,Cargador USB-C,1,2025-06-04 04:26:00,Barcelona,25,6,25
9418,Google Pixel 8,3,2025-06-02 01:06:00,Sevilla,699,6,2097
9419,Monitor 4K,3,2025-10-24 00:58:00,Bilbao,399,10,1197
9420,MacBook Pro,1,2025-05-29 11:04:00,Bilbao,1499,5,1499
9421,AirPods Pro,2,2025-04-30 15:12:00,Madrid,249,4,498
9422,MacBook Pro,4,2025-12-17 10:03:00,Bilbao,1499,12,5996
9423,Google Pixel 8,1,2025-11-23 23:33:00,Madrid,699,11,699
9424,Google Pixel 8,2,2025-02-18 07:09:00,Madrid,699,2,1398
9426,MacBook Pro,3,2025-07-17 16:03:00,Sevilla,1499,7,4497
9427,Cargador USB-C,3,2025-07-18 07:52:00,Sevilla,25,7,75
9429,iPhone 15,3,2025-01-04 15:44:00,Valencia,999,1,2997
9430,Cargador USB-C,3,2025-10-10 06:35:00,Valencia,25,10,75
9431,Google Pixel 8,4,2025-02-13 03:17:00,Barcelona,699,2,2796
9432,Monitor 4K,3,2025-04-17 22:11:00,Madrid,399,4,1197
9433,Monitor 4K,3,2025-10-10 07:02:00,Madrid,399,10,1197
9434,AirPods Pro,2,2025-11-25 01:16:00,Valencia,249,11,498
9435,Monitor 4K,4,2025-05-28 13:28:00,Sevilla,399,5,1596
9436,MacBook Pro,1,2025-04-19 10:26:00,Barcelona,1499,4,1499
9437,Google Pixel 8,2,2025-08-01 04:40:00,Sevilla,699,8,1398
9438,AirPods Pro,1,2025-10-28 21:57:00,Sevilla,249,10,249
9439,Monitor 4K,3,2025-09-27 13:30:00,Bilbao,399,9,1197
9440,Teclado Mecánico,4,2025-03-15 11:22:00,Valencia,120,3,480
9441,AirPods Pro,4,2025-03-29 21:49:00,Barcelona,249,3,996
9442,Google Pixel 8,1,2025-10-31 05:28:00,Bilbao,699,10,699
9443,Cargador USB-C,2,2025-12-07 20:17:00,Sevilla,25,12,50
9444,Teclado Mecánico,3,2025-12-01 19:07:00,Valencia,120,12,360
9445,iPhone 15,3,2025-05-06 06:51:00,Bilbao,999,5,2997
9446,Teclado Mecánico,2,2025-08-14 09:38:00,Barcelona,120,8,240
9447,AirPods Pro,1,2025-05-08 16:09:00,Valencia,249,5,249
9448,Teclado Mecánico,3,2025-01-22 17:48:00,Valencia,120,1,360
9450,Google Pixel 8,2,2025-03-05 00:18:00,Madrid,699,3,1398
9451,Cargador USB-C,3,2025-07-03 20:01:00,Valencia,25,7,75
9452,iPhone 15,3,2025-10-12 09:29:00,Madrid,999,10,2997
9453,AirPods Pro,4,2025-12-14 23:03:00,Barcelona,249,12,996
9454,Cargador USB-C,2,2025-07-23 21:55:00,Valencia,25,7,50
9455,Cargador USB-C,2,2025-01-26 03:01:00,Sevilla,25,1,50
9456,iPhone 15,4,2025-07-11 13:19:00,Sevilla,999,7,3996
9457,Google Pixel 8,1,2025-02-12 11:26:00,Bilbao,699,2,699
9459,Cargador USB-C,3,2025-06-11 08:28:00,Madrid,25,6,75
9460,MacBook Pro,2,2025-07-01 16:02:00,Sevilla,1499,7,2998
9461,Monitor 4K,2,2025-05-31 00:05:00,Barcelona,399,5,798
9462,Google Pixel 8,3,2025-04-06 09:15:00,Valencia,699,4,2097
9463,Teclado Mecánico,3,2025-12-15 07:52:00,Madrid,120,12,360
9464,Monitor 4K,1,2025-10-26 06:19:00,Sevilla,399,10,399
9465,AirPods Pro,4,2025-06-17 02:11:00,Valencia,249,6,996
9466,iPhone 15,3,2025-04-01 08:44:00,Sevilla,999,4,2997
9467,iPhone 15,1,2025-03-14 07:04:00,Barcelona,999,3,999
9468,Monitor 4K,1,2025-10-26 00:27:00,Bilbao,399,10,399
9469,MacBook Pro,2,2025-11-23 07:56:00,Bilbao,1499,11,2998
9470,Cargador USB-C,2,2025-02-07 07:20:00,Madrid,25,2,50
9471,AirPods Pro,1,2025-10-11 23:54:00,Sevilla,249,10,249
9472,iPhone 15,1,2025-10-20 17:17:00,Bilbao,999,10,999
9473,Google Pixel 8,1,2025-02-23 14:38:00,Barcelona,699,2,699
9474,Google Pixel 8,2,2025-08-05 07:41:00,Sevilla,699,8,1398
9475,iPhone 15,3,2025-12-02 11:26:00,Valencia,999,12,2997
9476,iPhone 15,3,2025-06-29 17:30:00,Sevilla,999,6,2997
9477,AirPods Pro,1,2025-10-29 09:47:00,Valencia,249,10,249
9478,Monitor 4K,2,2025-01-05 09:31:00,Barcelona,399,1,798
9479,Teclado Mecánico,3,2025-06-19 12:12:00,Madrid,120,6,360
9480,iPhone 15,2,2025-03-02 09:06:00,Bilbao,999,3,1998
9481,Monitor 4K,4,2025-06-18 19:36:00,Barcelona,399,6,1596
9482,AirPods Pro,3,2025-12-06 10:11:00,Madrid,249,12,747
9483,Monitor 4K,1,2025-03-06 10:01:00,Valencia,399,3,399
9484,Monitor 4K,4,2025-09-06 05:59:00,Valencia,399,9,1596
9485,Cargador USB-C,3,2025-09-01 20:48:00,Valencia,25,9,75
9486,Cargador USB-C,2,2025-07-15 10:06:00,Madrid,25,7,50
9487,Monitor 4K,4,2025-02-07 21:20:00,Barcelona,399,2,1596
9488,Monitor 4K,4,2025-09-04 11:19:00,Madrid,399,9,1596
9489,AirPods Pro,2,2025-07-18 07:10:00,Madrid,249,7,498
9490,Monitor 4K,1,2025-06-14 17:07:00,Barcelona,399,6,399
9491,Cargador USB-C,2,2025-01-31 02:02:00,Bilbao,25,1,50
9492,AirPods Pro,3,2025-06-24 04:56:00,Madrid,249,6,747
9493,Monitor 4K,1,2025-12-08 14:20:00,Madrid,399,12,399
9494,Monitor 4K,1,2025-02-05 11:01:00,Bilbao,399,2,399
9495,Monitor 4K,2,2025-02-16 19:38:00,Sevilla,399,2,798
9496,AirPods Pro,2,2025-11-22 19:09:00,Valencia,249,11,498
9497,Monitor 4K,2,2025-12-02 16:03:00,Valencia,399,12,798
9498,MacBook Pro,4,2025-10-09 05:35:00,Valencia,1499,10,5996
9499,Cargador USB-C,2,2025-09-03 01:01:00,Sevilla,25,9,50
9500,iPhone 15,4,2025-05-20 00:39:00,Sevilla,999,5,3996
9501,Cargador USB-C,4,2025-10-19 21:25:00,Barcelona,25,10,100
9502,iPhone 15,1,2025-10-19 20:53:00,Barcelona,999,10,999
9503,iPhone 15,4,2025-08-24 09:44:00,Bilbao,999,8,3996
9504,Cargador USB-C,3,2025-12-30 17:52:00,Valencia,25,12,75
9505,MacBook Pro,2,2025-01-03 01:52:00,Bilbao,1499,1,2998
9506,Google Pixel 8,2,2025-04-14 11:14:00,Bilbao,699,4,1398
9507,Teclado Mecánico,1,2025-02-25 06:31:00,Valencia,120,2,120
9508,AirPods Pro,1,2025-07-03 23:06:00,Madrid,249,7,249
9509,iPhone 15,3,2025-03-13 15:13:00,Sevilla,999,3,2997
9510,Monitor 4K,3,2025-09-13 01:14:00,Bilbao,399,9,1197
9511,iPhone 15,4,2025-09-21 04:18:00,Valencia,999,9,3996
9512,MacBook Pro,4,2025-02-19 03:47:00,Madrid,1499,2,5996
9513,Google Pixel 8,2,2025-06-26 01:53:00,Madrid,699,6,1398
9514,Monitor 4K,4,2025-03-05 12:30:00,Madrid,399,3,1596
9515,MacBook Pro,2,2025-03-12 13:19:00,Bilbao,1499,3,2998
9516,Cargador USB-C,3,2025-02-09 17:29:00,Valencia,25,2,75
9517,Google Pixel 8,2,2025-01-09 22:33:00,Madrid,699,1,1398
9518,MacBook Pro,3,2025-01-21 15:30:00,Valencia,1499,1,4497
9519,Teclado Mecánico,4,2025-04-21 04:33:00,Valencia,120,4,480
9520,Monitor 4K,1,2025-09-03 16:25:00,Valencia,399,9,399
9521,Cargador USB-C,4,2025-07-25 21:04:00,Sevilla,25,7,100
9522,Teclado Mecánico,2,2025-12-07 07:22:00,Bilbao,120,12,240
9523,Monitor 4K,3,2025-03-31 22:28:00,Sevilla,399,3,1197
9524,Google Pixel 8,2,2025-06-02 09:51:00,Barcelona,699,6,1398
9525,Teclado Mecánico,2,2025-05-27 10:56:00,Bilbao,120,5,240
9526,Teclado Mecánico,3,2025-02-05 19:38:00,Bilbao,120,2,360
9527,iPhone 15,2,2025-08-16 07:09:00,Valencia,999,8,1998
9528,Cargador USB-C,1,2025-05-19 03:22:00,Sevilla,25,5,25
9529,Monitor 4K,2,2025-06-25 12:20:00,Madrid,399,6,798
9530,MacBook Pro,1,2025-12-30 00:51:00,Bilbao,1499,12,1499
9531,MacBook Pro,4,2025-08-17 18:52:00,Sevilla,1499,8,5996
9532,Google Pixel 8,3,2025-10-20 22:36:00,Valencia,699,10,2097
9533,AirPods Pro,2,2025-01-21 04:31:00,Bilbao,249,1,498
9534,Cargador USB-C,1,2025-05-29 06:50:00,Barcelona,25,5,25
9535,Monitor 4K,4,2025-09-26 10:57:00,Valencia,399,9,1596
9536,MacBook Pro,1,2025-08-21 20:33:00,Madrid,1499,8,1499
9537,Google Pixel 8,3,2025-05-23 13:47:00,Bilbao,699,5,2097
9538,MacBook Pro,1,2025-09-02 14:37:00,Bilbao,1499,9,1499
9539,Teclado Mecánico,3,2025-03-21 12:35:00,Madrid,120,3,360
9541,Monitor 4K,1,2025-10-20 08:26:00,Sevilla,399,10,399
9542,Teclado Mecánico,4,2025-06-29 00:33:00,Barcelona,120,6,480
9543,Monitor 4K,4,2025-02-14 22:00:00,Valencia,399,2,1596
9544,Google Pixel 8,2,2025-12-03 18:19:00,Sevilla,699,12,1398
9545,AirPods Pro,1,2025-10-09 18:13:00,Sevilla,249,10,249
9546,Monitor 4K,3,2025-05-03 23:01:00,Madrid,399,5,1197
9547,Cargador USB-C,2,2025-09-17 03:40:00,Madrid,25,9,50
9548,Google Pixel 8,1,2025-05-10 21:09:00,Valencia,699,5,699
9549,AirPods Pro,1,2025-10-13 21:55:00,Bilbao,249,10,249
9550,Google Pixel 8,4,2025-02-14 16:12:00,Bilbao,699,2,2796
9551,Monitor 4K,1,2025-06-23 11:36:00,Barcelona,399,6,399
9552,Cargador USB-C,1,2025-04-03 17:33:00,Bilbao,25,4,25
9553,MacBook Pro,2,2025-01-13 11:23:00,Madrid,1499,1,2998
9554,iPhone 15,1,2025-01-20 05:59:00,Bilbao,999,1,999
9555,MacBook Pro,4,2025-06-16 07:11:00,Madrid,1499,6,5996
9556,Google Pixel 8,3,2025-08-25 09:17:00,Barcelona,699,8,2097
9557,AirPods Pro,4,2025-03-02 07:42:00,Barcelona,249,3,996
9558,Google Pixel 8,4,2025-10-04 18:00:00,Barcelona,699,10,2796
9559,iPhone 15,2,2025-10-19 00:56:00,Sevilla,999,10,1998
9560,AirPods Pro,2,2025-12-21 17:27:00,Barcelona,249,12,498
9561,iPhone 15,1,2025-01-09 15:45:00,Valencia,999,1,999
9562,Monitor 4K,2,2025-12-04 08:10:00,Bilbao,399,12,798
9563,iPhone 15,4,2025-10-06 06:08:00,Bilbao,999,10,3996
9564,Google Pixel 8,1,2025-07-14 20:23:00,Valencia,699,7,699
9565,Teclado Mecánico,3,2025-05-05 00:14:00,Madrid,120,5,360
9566,Google Pixel 8,1,2025-11-01 01:51:00,Barcelona,699,11,699
9567,iPhone 15,1,2025-02-14 06:02:00,Sevilla,999,2,999
9568,Monitor 4K,3,2025-12-24 08:15:00,Barcelona,399,12,1197
9569,iPhone 15,2,2025-09-09 12:47:00,Barcelona,999,9,1998
9570,Monitor 4K,2,2025-12-04 12:09:00,Valencia,399,12,798
9571,MacBook Pro,4,2025-10-06 12:03:00,Barcelona,1499,10,5996
9572,iPhone 15,3,2025-05-12 14:54:00,Sevilla,999,5,2997
9573,MacBook Pro,2,2025-12-18 16:45:00,Bilbao,1499,12,2998
9574,Teclado Mecánico,3,2025-03-16 02:32:00,Sevilla,120,3,360
9575,MacBook Pro,1,2025-08-30 12:36:00,Sevilla,1499,8,1499
9576,Monitor 4K,4,2025-08-03 03:47:00,Valencia,399,8,1596
9577,Monitor 4K,1,2025-03-22 15:52:00,Sevilla,399,3,399
9578,AirPods Pro,4,2025-06-24 12:59:00,Sevilla,249,6,996
9579,Teclado Mecánico,1,2025-11-29 12:20:00,Madrid,120,11,120
9580,AirPods Pro,4,2025-09-29 16:48:00,Valencia,249,9,996
9581,Teclado Mecánico,2,2025-07-17 14:53:00,Valencia,120,7,240
9582,Teclado Mecánico,1,2025-07-24 11:14:00,Bilbao,120,7,120
9583,Teclado Mecánico,2,2025-12-07 23:13:00,Madrid,120,12,240
9584,Google Pixel 8,3,2025-05-15 22:01:00,Bilbao,699,5,2097
9585,AirPods Pro,3,2025-09-30 22:53:00,Madrid,249,9,747
9586,Monitor 4K,2,2025-09-06 20:50:00,Sevilla,399,9,798
9587,MacBook Pro,1,2025-07-16 22:37:00,Bilbao,1499,7,1499
9588,Monitor 4K,4,2025-01-31 08:15:00,Sevilla,399,1,1596
9589,Monitor 4K,4,2025-05-03 11:35:00,Bilbao,399,5,1596
9590,iPhone 15,1,2025-04-05 23:35:00,Barcelona,999,4,999
9591,Monitor 4K,4,2025-04-21 07:51:00,Valencia,399,4,1596
9592,iPhone 15,1,2025-04-17 12:49:00,Valencia,999,4,999
9593,Google Pixel 8,2,2025-12-16 04:36:00,Madrid,699,12,1398
9594,MacBook Pro,2,2025-07-29 15:01:00,Barcelona,1499,7,2998
9595,Cargador USB-C,1,2025-08-27 17:40:00,Madrid,25,8,25
9596,Google Pixel 8,3,2025-04-25 17:12:00,Madrid,699,4,2097
9597,iPhone 15,1,2025-08-11 10:25:00,Bilbao,999,8,999
9598,Cargador USB-C,3,2025-12-11 04:01:00,Valencia,25,12,75
9599,Cargador USB-C,3,2025-06-07 01:50:00,Sevilla,25,6,75
9600,Monitor 4K,1,2025-05-27 15:22:00,Madrid,399,5,399
9602,Teclado Mecánico,2,2025-07-19 10:13:00,Sevilla,120,7,240
9603,AirPods Pro,3,2025-01-12 10:28:00,Barcelona,249,1,747
9604,iPhone 15,2,2025-08-26 10:45:00,Bilbao,999,8,1998
9605,iPhone 15,1,2025-07-26 10:46:00,Valencia,999,7,999
9606,iPhone 15,1,2025-08-14 06:24:00,Valencia,999,8,999
9607,Google Pixel 8,1,2025-12-23 20:04:00,Barcelona,699,12,699
9608,Google Pixel 8,4,2025-12-21 15:03:00,Bilbao,699,12,2796
9609,AirPods Pro,1,2025-05-19 11:45:00,Bilbao,249,5,249
9610,Google Pixel 8,2,2025-04-23 13:44:00,Valencia,699,4,1398
9611,MacBook Pro,3,2025-12-18 08:22:00,Valencia,1499,12,4497
9612,MacBook Pro,1,2025-07-23 16:16:00,Barcelona,1499,7,1499
9613,MacBook Pro,2,2025-05-14 18:10:00,Sevilla,1499,5,2998
9614,iPhone 15,1,2025-05-15 14:42:00,Sevilla,999,5,999
9615,Cargador USB-C,1,2025-07-31 00:14:00,Sevilla,25,7,25
9616,MacBook Pro,4,2025-03-19 00:31:00,Madrid,1499,3,5996
9617,Cargador USB-C,1,2025-09-01 21:44:00,Bilbao,25,9,25
9618,Cargador USB-C,1,2025-11-12 01:37:00,Barcelona,25,11,25
9619,MacBook Pro,1,2025-09-13 23:17:00,Sevilla,1499,9,1499
9620,Google Pixel 8,1,2025-08-22 20:28:00,Valencia,699,8,699
9621,AirPods Pro,4,2025-06-25 23:01:00,Sevilla,249,6,996
9622,Monitor 4K,2,2025-11-20 22:05:00,Sevilla,399,11,798
9623,MacBook Pro,3,2025-10-01 00:01:00,Madrid,1499,10,4497
9624,Teclado Mecánico,1,2025-07-08 12:21:00,Madrid,120,7,120
9625,Google Pixel 8,2,2025-11-30 08:12:00,Madrid,699,11,1398
9626,Monitor 4K,1,2025-07-29 00:02:00,Valencia,399,7,399
9627,Teclado Mecánico,1,2025-01-01 15:37:00,Sevilla,120,1,120
9628,Cargador USB-C,2,2025-05-13 15:05:00,Barcelona,25,5,50
9629,Monitor 4K,3,2025-10-27 20:03:00,Madrid,399,10,1197
9630,iPhone 15,4,2025-12-22 00:50:00,Sevilla,999,12,3996
9631,AirPods Pro,4,2025-06-27 15:36:00,Madrid,249,6,996
9632,Google Pixel 8,1,2025-09-10 16:07:00,Sevilla,699,9,699
9633,AirPods Pro,1,2025-04-14 16:43:00,Valencia,249,4,249
9634,Google Pixel 8,1,2025-10-05 02:34:00,Sevilla,699,10,699
9635,MacBook Pro,2,2025-06-18 06:32:00,Bilbao,1499,6,2998
9636,AirPods Pro,3,2025-10-23 01:20:00,Madrid,249,10,747
9637,Teclado Mecánico,3,2025-08-24 18:41:00,Valencia,120,8,360
9638,iPhone 15,3,2025-03-09 18:58:00,Bilbao,999,3,2997
9639,AirPods Pro,4,2025-12-19 03:13:00,Bilbao,249,12,996
9640,iPhone 15,2,2025-02-17 22:43:00,Bilbao,999,2,1998
9641,Cargador USB-C,4,2025-02-22 12:40:00,Valencia,25,2,100
9642,Cargador USB-C,2,2025-01-07 08:36:00,Valencia,25,1,50
9643,Monitor 4K,1,2025-02-04 08:50:00,Valencia,399,2,399
9644,Teclado Mecánico,3,2025-10-08 13:40:00,Valencia,120,10,360
9645,AirPods Pro,1,2025-03-08 10:53:00,Barcelona,249,3,249
9646,MacBook Pro,2,2025-06-22 05:39:00,Bilbao,1499,6,2998
9647,AirPods Pro,4,2025-02-14 18:29:00,Madrid,249,2,996
9648,MacBook Pro,2,2025-11-20 05:11:00,Bilbao,1499,11,2998
9649,AirPods Pro,4,2025-07-21 11:49:00,Madrid,249,7,996
9650,MacBook Pro,2,2025-07-04 17:14:00,Madrid,1499,7,2998
9651,iPhone 15,3,2025-09-19 22:07:00,Sevilla,999,9,2997
9652,Teclado Mecánico,3,2025-10-19 01:43:00,Barcelona,120,10,360
9653,MacBook Pro,1,2025-06-13 07:27:00,Barcelona,1499,6,1499
9654,Monitor 4K,1,2025-02-19 16:54:00,Sevilla,399,2,399
9655,iPhone 15,4,2025-08-31 07:44:00,Barcelona,999,8,3996
9656,Monitor 4K,1,2025-08-14 07:42:00,Bilbao,399,8,399
9657,Teclado Mecánico,1,2025-03-15 20:27:00,Barcelona,120,3,120
9658,Teclado Mecánico,2,2025-12-28 23:59:00,Barcelona,120,12,240
9659,AirPods Pro,2,2025-02-09 12:11:00,Barcelona,249,2,498
9660,Teclado Mecánico,2,2025-05-27 12:54:00,Sevilla,120,5,240
9661,Cargador USB-C,4,2025-01-12 05:38:00,Sevilla,25,1,100
9662,AirPods Pro,4,2025-11-27 00:58:00,Valencia,249,11,996
9663,AirPods Pro,2,2025-04-25 06:25:00,Valencia,249,4,498
9665,Google Pixel 8,4,2025-02-26 22:27:00,Sevilla,699,2,2796
9666,Google Pixel 8,2,2025-09-15 16:14:00,Barcelona,699,9,1398
9667,Google Pixel 8,3,2025-10-15 10:07:00,Bilbao,699,10,2097
9668,iPhone 15,1,2025-05-21 04:48:00,Madrid,999,5,999
9669,iPhone 15,4,2025-10-27 17:55:00,Barcelona,999,10,3996
9671,Google Pixel 8,3,2025-02-14 15:34:00,Barcelona,699,2,2097
9672,MacBook Pro,2,2025-01-16 11:47:00,Bilbao,1499,1,2998
9673,Cargador USB-C,1,2025-07-15 19:55:00,Valencia,25,7,25
9674,Monitor 4K,1,2025-04-30 15:26:00,Bilbao,399,4,399
9675,Google Pixel 8,2,2025-11-27 21:21:00,Barcelona,699,11,1398
9676,Cargador USB-C,4,2025-03-28 07:21:00,Madrid,25,3,100
9677,Monitor 4K,3,2025-10-22 20:45:00,Bilbao,399,10,1197
9678,Google Pixel 8,1,2025-06-11 09:10:00,Sevilla,699,6,699
9680,iPhone 15,2,2025-08-27 05:55:00,Bilbao,999,8,1998
9681,Cargador USB-C,3,2025-06-03 16:04:00,Sevilla,25,6,75
9682,Teclado Mecánico,4,2025-06-09 23:14:00,Valencia,120,6,480
9683,Monitor 4K,2,2025-11-30 10:16:00,Sevilla,399,11,798
9684,Monitor 4K,2,2025-09-22 16:22:00,Valencia,399,9,798
9685,MacBook Pro,3,2025-06-21 20:36:00,Bilbao,1499,6,4497
9686,Cargador USB-C,2,2025-01-25 01:03:00,Sevilla,25,1,50
9687,Cargador USB-C,4,2025-03-17 04:47:00,Sevilla,25,3,100
9688,Cargador USB-C,1,2025-04-20 09:10:00,Bilbao,25,4,25
9689,Google Pixel 8,2,2025-04-24 15:16:00,Sevilla,699,4,1398
9690,MacBook Pro,2,2025-06-07 07:40:00,Barcelona,1499,6,2998
9691,Cargador USB-C,4,2025-02-23 22:49:00,Sevilla,25,2,100
9692,Teclado Mecánico,1,2025-05-12 18:14:00,Sevilla,120,5,120
9693,Teclado Mecánico,1,2025-03-19 13:07:00,Madrid,120,3,120
9694,MacBook Pro,4,2025-10-23 00:47:00,Bilbao,1499,10,5996
9695,iPhone 15,3,2025-05-04 05:21:00,Madrid,999,5,2997
9696,iPhone 15,1,2025-07-19 12:39:00,Bilbao,999,7,999
9697,Monitor 4K,2,2025-10-28 02:40:00,Barcelona,399,10,798
9698,Cargador USB-C,3,2025-11-23 20:31:00,Barcelona,25,11,75
9699,MacBook Pro,1,2025-10-06 02:02:00,Bilbao,1499,10,1499
9700,Google Pixel 8,3,2025-08-01 10:46:00,Bilbao,699,8,2097
9701,Cargador USB-C,1,2025-10-13 12:09:00,Bilbao,25,10,25
9702,AirPods Pro,3,2025-12-24 01:07:00,Barcelona,249,12,747
9703,Teclado Mecánico,4,2025-05-24 11:55:00,Valencia,120,5,480
9704,iPhone 15,3,2025-12-12 22:15:00,Madrid,999,12,2997
9705,iPhone 15,4,2025-11-06 02:36:00,Madrid,999,11,3996
9706,AirPods Pro,2,2025-06-15 09:21:00,Madrid,249,6,498
9708,Cargador USB-C,3,2025-10-31 11:10:00,Valencia,25,10,75
9709,AirPods Pro,2,2025-12-17 00:24:00,Sevilla,249,12,498
9710,Google Pixel 8,1,2025-10-11 01:37:00,Sevilla,699,10,699
9711,Google Pixel 8,1,2025-01-12 08:54:00,Madrid,699,1,699
9712,Cargador USB-C,1,2025-08-15 22:17:00,Madrid,25,8,25
9713,MacBook Pro,3,2025-02-11 00:21:00,Bilbao,1499,2,4497
9714,Google Pixel 8,1,2025-07-03 12:43:00,Bilbao,699,7,699
9715,Google Pixel 8,2,2025-10-03 18:47:00,Valencia,699,10,1398
9716,Monitor 4K,3,2025-09-05 07:19:00,Barcelona,399,9,1197
9717,iPhone 15,2,2025-07-25 06:12:00,Barcelona,999,7,1998
9718,Monitor 4K,1,2025-12-28 07:01:00,Barcelona,399,12,399
9719,AirPods Pro,2,2025-03-23 19:25:00,Bilbao,249,3,498
9720,Google Pixel 8,3,2025-05-11 09:57:00,Madrid,699,5,2097
9721,Monitor 4K,4,2025-03-04 17:09:00,Madrid,399,3,1596
9722,Monitor 4K,1,2025-05-22 21:29:00,Sevilla,399,5,399
9723,MacBook Pro,4,2025-03-09 12:39:00,Bilbao,1499,3,5996
9725,Cargador USB-C,4,2025-06-20 23:58:00,Madrid,25,6,100
9727,Monitor 4K,1,2025-04-26 10:10:00,Bilbao,399,4,399
9728,AirPods Pro,4,2025-07-26 22:31:00,Valencia,249,7,996
9729,Cargador USB-C,3,2025-01-09 02:57:00,Bilbao,25,1,75
9730,AirPods Pro,2,2025-08-27 15:23:00,Madrid,249,8,498
9731,iPhone 15,3,2025-06-07 17:37:00,Barcelona,999,6,2997
9732,Monitor 4K,1,2025-06-07 11:29:00,Bilbao,399,6,399
9733,Google Pixel 8,2,2025-09-10 12:19:00,Barcelona,699,9,1398
9734,Monitor 4K,2,2025-10-11 09:29:00,Sevilla,399,10,798
9735,Google Pixel 8,2,2025-03-22 11:47:00,Valencia,699,3,1398
9736,MacBook Pro,1,2025-06-16 15:21:00,Barcelona,1499,6,1499
9737,AirPods Pro,3,2025-04-16 20:37:00,Barcelona,249,4,747
9738,AirPods Pro,3,2025-02-22 10:18:00,Sevilla,249,2,747
9739,Cargador USB-C,3,2025-12-15 19:54:00,Valencia,25,12,75
9740,Monitor 4K,2,2025-05-22 11:21:00,Bilbao,399,5,798
9741,Teclado Mecánico,4,2025-03-31 02:21:00,Bilbao,120,3,480
9742,Cargador USB-C,4,2025-08-26 18:26:00,Valencia,25,8,100
9743,Google Pixel 8,1,2025-05-28 15:56:00,Bilbao,699,5,699
9744,iPhone 15,2,2025-03-23 07:17:00,Valencia,999,3,1998
9745,AirPods Pro,4,2025-09-16 17:36:00,Barcelona,249,9,996
9746,Google Pixel 8,3,2025-12-13 11:23:00,Valencia,699,12,2097
9747,Cargador USB-C,2,2025-10-06 20:51:00,Barcelona,25,10,50
9748,Google Pixel 8,4,2025-09-05 01:18:00,Sevilla,699,9,2796
9749,Monitor 4K,1,2025-11-17 23:06:00,Bilbao,399,11,399
9750,iPhone 15,2,2025-07-28 06:07:00,Barcelona,999,7,1998
9753,Google Pixel 8,2,2025-04-03 05:58:00,Bilbao,699,4,1398
9754,Cargador USB-C,1,2025-05-12 19:41:00,Bilbao,25,5,25
9755,Teclado Mecánico,2,2025-03-05 19:26:00,Bilbao,120,3,240
9756,iPhone 15,1,2025-05-20 22:42:00,Sevilla,999,5,999
9757,Cargador USB-C,1,2025-07-24 16:10:00,Bilbao,25,7,25
9758,iPhone 15,3,2025-05-29 17:49:00,Barcelona,999,5,2997
9759,Google Pixel 8,4,2025-12-03 05:35:00,Bilbao,699,12,2796
9760,iPhone 15,1,2025-06-23 09:24:00,Barcelona,999,6,999
9761,Monitor 4K,1,2025-09-19 06:44:00,Barcelona,399,9,399
9762,Monitor 4K,3,2025-06-30 04:47:00,Sevilla,399,6,1197
9763,AirPods Pro,3,2025-05-30 14:12:00,Madrid,249,5,747
9764,Teclado Mecánico,4,2025-05-04 18:56:00,Madrid,120,5,480
9765,iPhone 15,1,2025-05-21 18:36:00,Bilbao,999,5,999
9766,iPhone 15,1,2025-03-12 06:14:00,Valencia,999,3,999
9767,MacBook Pro,1,2025-01-23 15:51:00,Bilbao,1499,1,1499
9768,Teclado Mecánico,1,2025-04-23 15:57:00,Bilbao,120,4,120
9769,Cargador USB-C,1,2025-06-02 01:23:00,Madrid,25,6,25
9770,Teclado Mecánico,3,2025-09-30 12:28:00,Bilbao,120,9,360
9771,MacBook Pro,2,2025-05-31 04:52:00,Bilbao,1499,5,2998
9772,Monitor 4K,3,2025-12-23 22:15:00,Bilbao,399,12,1197
9773,Monitor 4K,3,2025-12-08 20:43:00,Barcelona,399,12,1197
9774,Cargador USB-C,3,2025-10-06 14:20:00,Madrid,25,10,75
9775,Teclado Mecánico,3,2025-02-25 03:28:00,Bilbao,120,2,360
9776,Monitor 4K,4,2025-12-10 20:15:00,Valencia,399,12,1596
9777,Teclado Mecánico,4,2025-10-05 18:33:00,Barcelona,120,10,480
9778,Cargador USB-C,4,2025-02-06 03:39:00,Barcelona,25,2,100
9779,AirPods Pro,2,2025-03-18 12:30:00,Bilbao,249,3,498
9780,Cargador USB-C,2,2025-01-21 09:56:00,Bilbao,25,1,50
9781,iPhone 15,1,2025-06-03 20:44:00,Sevilla,999,6,999
9782,Teclado Mecánico,4,2025-05-13 05:25:00,Bilbao,120,5,480
9783,Monitor 4K,4,2025-07-30 09:20:00,Bilbao,399,7,1596
9784,Teclado Mecánico,3,2025-05-23 19:26:00,Valencia,120,5,360
9785,AirPods Pro,4,2025-12-07 03:52:00,Bilbao,249,12,996
9786,Monitor 4K,3,2025-09-03 11:42:00,Madrid,399,9,1197
9787,iPhone 15,3,2025-05-24 17:42:00,Valencia,999,5,2997
9788,Teclado Mecánico,4,2025-02-02 05:43:00,Bilbao,120,2,480
9789,Monitor 4K,1,2025-05-05 12:24:00,Sevilla,399,5,399
9790,Teclado Mecánico,2,2025-12-16 16:29:00,Bilbao,120,12,240
9792,Teclado Mecánico,1,2025-10-10 13:59:00,Bilbao,120,10,120
9793,MacBook Pro,1,2025-10-18 22:08:00,Valencia,1499,10,1499
9794,AirPods Pro,1,2025-06-11 01:48:00,Bilbao,249,6,249
9795,Google Pixel 8,1,2025-01-09 11:12:00,Bilbao,699,1,699
9796,MacBook Pro,1,2025-03-12 11:40:00,Bilbao,1499,3,1499
9797,Cargador USB-C,1,2025-01-28 11:39:00,Sevilla,25,1,25
9798,AirPods Pro,4,2025-02-12 10:08:00,Barcelona,249,2,996
9799,Teclado Mecánico,4,2025-08-11 01:16:00,Sevilla,120,8,480
9800,Cargador USB-C,3,2025-08-08 00:27:00,Sevilla,25,8,75
9801,iPhone 15,4,2025-05-13 15:39:00,Sevilla,999,5,3996
9802,Monitor 4K,3,2025-08-03 06:04:00,Barcelona,399,8,1197
9803,Google Pixel 8,3,2025-09-18 09:15:00,Valencia,699,9,2097
9804,AirPods Pro,2,2025-12-22 17:27:00,Bilbao,249,12,498
9805,MacBook Pro,3,2025-10-26 17:26:00,Valencia,1499,10,4497
9806,AirPods Pro,1,2025-07-16 23:17:00,Bilbao,249,7,249
9807,Teclado Mecánico,3,2025-02-03 00:51:00,Valencia,120,2,360
9808,Monitor 4K,3,2025-04-17 20:28:00,Valencia,399,4,1197
9809,Google Pixel 8,1,2025-04-14 14:48:00,Madrid,699,4,699
9810,AirPods Pro,1,2025-11-09 16:56:00,Valencia,249,11,249
9811,Teclado Mecánico,3,2025-06-17 02:34:00,Bilbao,120,6,360
9812,Cargador USB-C,3,2025-09-26 13:31:00,Barcelona,25,9,75
9814,AirPods Pro,2,2025-03-10 13:52:00,Bilbao,249,3,498
9815,Teclado Mecánico,4,2025-05-16 11:39:00,Valencia,120,5,480
9816,Google Pixel 8,1,2025-04-15 00:57:00,Madrid,699,4,699
9817,AirPods Pro,3,2025-11-01 06:27:00,Bilbao,249,11,747
9818,Teclado Mecánico,1,2025-08-19 06:21:00,Valencia,120,8,120
9819,iPhone 15,3,2025-09-11 17:55:00,Bilbao,999,9,2997
9820,iPhone 15,1,2025-01-08 11:35:00,Madrid,999,1,999
9821,Monitor 4K,4,2025-08-13 09:38:00,Madrid,399,8,1596
9822,AirPods Pro,3,2025-02-14 19:46:00,Sevilla,249,2,747
9824,Google Pixel 8,1,2025-09-26 17:19:00,Madrid,699,9,699
9825,MacBook Pro,3,2025-05-29 11:04:00,Bilbao,1499,5,4497
9826,MacBook Pro,2,2025-10-06 17:32:00,Barcelona,1499,10,2998
9827,iPhone 15,2,2025-01-01 01:04:00,Barcelona,999,1,1998
9828,MacBook Pro,4,2025-11-08 19:37:00,Sevilla,1499,11,5996
9829,Monitor 4K,3,2025-10-08 15:22:00,Sevilla,399,10,1197
9830,Cargador USB-C,3,2025-08-09 07:02:00,Sevilla,25,8,75
9831,Teclado Mecánico,2,2025-01-03 03:00:00,Barcelona,120,1,240
9832,Google Pixel 8,4,2025-09-16 00:44:00,Bilbao,699,9,2796
9833,Teclado Mecánico,2,2025-03-31 23:00:00,Bilbao,120,3,240
9834,iPhone 15,4,2025-04-28 17:14:00,Valencia,999,4,3996
9835,MacBook Pro,3,2025-11-27 07:04:00,Sevilla,1499,11,4497
9836,Teclado Mecánico,1,2025-12-31 14:28:00,Barcelona,120,12,120
9837,Google Pixel 8,3,2025-07-16 11:22:00,Bilbao,699,7,2097
9838,Google Pixel 8,1,2025-02-05 22:52:00,Madrid,699,2,699
9839,MacBook Pro,4,2025-11-13 20:36:00,Barcelona,1499,11,5996
9840,Cargador USB-C,2,2025-05-15 04:35:00,Sevilla,25,5,50
9841,Teclado Mecánico,4,2025-08-21 13:49:00,Bilbao,120,8,480
9842,Cargador USB-C,1,2025-08-05 14:58:00,Sevilla,25,8,25
9843,Cargador USB-C,3,2025-09-16 21:44:00,Sevilla,25,9,75
9844,Monitor 4K,3,2025-03-04 23:48:00,Madrid,399,3,1197
9845,iPhone 15,3,2025-11-04 02:26:00,Sevilla,999,11,2997
9846,Monitor 4K,1,2025-08-06 11:32:00,Madrid,399,8,399
9847,MacBook Pro,3,2025-01-02 19:07:00,Valencia,1499,1,4497
9848,iPhone 15,1,2025-10-19 03:11:00,Barcelona,999,10,999
9849,Teclado Mecánico,4,2025-09-20 22:37:00,Valencia,120,9,480
9851,Cargador USB-C,4,2025-11-19 12:48:00,Madrid,25,11,100
9852,iPhone 15,1,2025-08-10 05:20:00,Sevilla,999,8,999
9853,AirPods Pro,4,2025-03-01 03:22:00,Sevilla,249,3,996
9854,iPhone 15,2,2025-10-31 05:59:00,Bilbao,999,10,1998
9855,Cargador USB-C,1,2025-10-13 14:18:00,Madrid,25,10,25
9856,Google Pixel 8,1,2025-10-24 11:38:00,Sevilla,699,10,699
9857,AirPods Pro,3,2025-03-21 04:26:00,Madrid,249,3,747
9858,Monitor 4K,4,2025-02-25 14:15:00,Bilbao,399,2,1596
9859,Cargador USB-C,1,2025-07-24 03:29:00,Bilbao,25,7,25
9860,Google Pixel 8,1,2025-08-19 10:17:00,Bilbao,699,8,699
9861,iPhone 15,4,2025-09-04 08:38:00,Valencia,999,9,3996
9862,iPhone 15,3,2025-05-13 06:22:00,Barcelona,999,5,2997
9863,Cargador USB-C,3,2025-02-28 04:29:00,Bilbao,25,2,75
9864,Cargador USB-C,3,2025-10-06 19:39:00,Bilbao,25,10,75
9865,iPhone 15,3,2025-03-20 06:22:00,Valencia,999,3,2997
9866,iPhone 15,3,2025-10-13 18:40:00,Valencia,999,10,2997
9868,AirPods Pro,2,2025-07-01 16:49:00,Sevilla,249,7,498
9869,Monitor 4K,4,2025-08-25 12:14:00,Barcelona,399,8,1596
9870,Cargador USB-C,2,2025-02-26 10:20:00,Bilbao,25,2,50
9871,Google Pixel 8,1,2025-03-09 13:25:00,Valencia,699,3,699
9872,Monitor 4K,2,2025-08-08 09:10:00,Barcelona,399,8,798
9873,Monitor 4K,1,2025-07-11 17:37:00,Bilbao,399,7,399
9874,Monitor 4K,3,2025-08-25 07:22:00,Bilbao,399,8,1197
9877,Monitor 4K,4,2025-03-24 06:31:00,Valencia,399,3,1596
9878,Cargador USB-C,2,2025-11-03 10:46:00,Madrid,25,11,50
9879,iPhone 15,1,2025-05-20 14:40:00,Madrid,999,5,999
9880,iPhone 15,3,2025-06-28 23:12:00,Madrid,999,6,2997
9881,Teclado Mecánico,2,2025-10-18 14:14:00,Sevilla,120,10,240
9882,AirPods Pro,3,2025-08-21 11:41:00,Madrid,249,8,747
9883,Teclado Mecánico,2,2025-07-24 19:07:00,Bilbao,120,7,240
9884,MacBook Pro,2,2025-02-10 23:44:00,Valencia,1499,2,2998
9885,MacBook Pro,1,2025-11-22 15:12:00,Valencia,1499,11,1499
9886,AirPods Pro,3,2025-07-26 00:19:00,Valencia,249,7,747
9887,Monitor 4K,3,2025-02-10 13:26:00,Barcelona,399,2,1197
9888,iPhone 15,4,2025-12-21 03:54:00,Valencia,999,12,3996
9889,Google Pixel 8,1,2025-12-04 14:55:00,Sevilla,699,12,699
9890,iPhone 15,4,2025-11-04 17:00:00,Madrid,999,11,3996
9891,iPhone 15,1,2025-09-25 14:09:00,Madrid,999,9,999
9892,iPhone 15,4,2025-06-13 21:37:00,Barcelona,999,6,3996
9893,Google Pixel 8,4,2025-11-27 02:02:00,Valencia,699,11,2796
9894,iPhone 15,2,2025-01-22 14:06:00,Barcelona,999,1,1998
9895,Teclado Mecánico,1,2025-06-18 01:41:00,Barcelona,120,6,120
9896,Monitor 4K,4,2025-11-10 12:34:00,Barcelona,399,11,1596
9897,Google Pixel 8,2,2025-09-01 03:26:00,Barcelona,699,9,1398
9898,iPhone 15,4,2025-04-02 04:03:00,Valencia,999,4,3996
9899,Cargador USB-C,4,2025-02-14 23:40:00,Barcelona,25,2,100
9900,iPhone 15,1,2025-09-06 14:55:00,Valencia,999,9,999
9902,Teclado Mecánico,1,2025-08-09 01:14:00,Bilbao,120,8,120
9903,Google Pixel 8,4,2025-09-02 04:15:00,Madrid,699,9,2796
9904,MacBook Pro,2,2025-01-23 12:39:00,Bilbao,1499,1,2998
9905,Google Pixel 8,3,2025-12-06 04:12:00,Sevilla,699,12,2097
9906,Teclado Mecánico,1,2025-12-30 15:11:00,Bilbao,120,12,120
9907,MacBook Pro,3,2025-01-16 01:40:00,Bilbao,1499,1,4497
9908,Monitor 4K,1,2025-08-10 16:10:00,Bilbao,399,8,399
9909,Monitor 4K,3,2025-06-26 19:39:00,Madrid,399,6,1197
9910,iPhone 15,2,2025-03-19 02:40:00,Bilbao,999,3,1998
9911,Google Pixel 8,4,2025-10-21 00:27:00,Bilbao,699,10,2796
9912,MacBook Pro,4,2025-02-02 04:27:00,Bilbao,1499,2,5996
9914,AirPods Pro,2,2025-11-18 22:00:00,Sevilla,249,11,498
9915,Teclado Mecánico,1,2025-01-16 07:48:00,Bilbao,120,1,120
9916,Google Pixel 8,1,2025-04-09 17:58:00,Madrid,699,4,699
9917,Cargador USB-C,1,2025-07-17 06:42:00,Sevilla,25,7,25
9918,Teclado Mecánico,3,2025-05-14 19:02:00,Barcelona,120,5,360
9919,Cargador USB-C,3,2025-05-21 21:50:00,Valencia,25,5,75
9920,iPhone 15,2,2025-03-21 15:16:00,Madrid,999,3,1998
9921,MacBook Pro,3,2025-05-27 06:00:00,Sevilla,1499,5,4497
9922,AirPods Pro,1,2025-11-26 22:51:00,Sevilla,249,11,249
9923,Monitor 4K,4,2025-10-11 22:18:00,Madrid,399,10,1596
9925,AirPods Pro,3,2025-10-28 14:38:00,Barcelona,249,10,747
9926,Google Pixel 8,3,2025-11-04 21:42:00,Valencia,699,11,2097
9927,Monitor 4K,4,2025-06-28 04:08:00,Barcelona,399,6,1596
9928,iPhone 15,3,2025-05-11 21:01:00,Barcelona,999,5,2997
9929,iPhone 15,4,2025-02-23 09:29:00,Madrid,999,2,3996
9930,iPhone 15,3,2025-03-03 16:42:00,Bilbao,999,3,2997
9931,Monitor 4K,4,2025-05-21 02:30:00,Barcelona,399,5,1596
9932,Monitor 4K,2,2025-10-26 19:53:00,Bilbao,399,10,798
9933,Teclado Mecánico,3,2025-10-10 23:00:00,Madrid,120,10,360
9934,AirPods Pro,1,2025-02-05 08:37:00,Bilbao,249,2,249
9935,Teclado Mecánico,4,2025-12-11 16:04:00,Madrid,120,12,480
9936,Google Pixel 8,4,2025-11-30 04:02:00,Madrid,699,11,2796
9937,Cargador USB-C,3,2025-08-12 07:46:00,Barcelona,25,8,75
9938,Monitor 4K,3,2025-04-02 07:51:00,Barcelona,399,4,1197
9940,iPhone 15,4,2025-08-15 15:01:00,Sevilla,999,8,3996
9941,iPhone 15,3,2025-03-06 05:40:00,Valencia,999,3,2997
9942,Cargador USB-C,2,2025-06-08 14:43:00,Bilbao,25,6,50
9943,MacBook Pro,4,2025-01-26 21:26:00,Bilbao,1499,1,5996
9944,MacBook Pro,3,2025-03-22 09:08:00,Valencia,1499,3,4497
9945,AirPods Pro,4,2025-12-08 00:24:00,Bilbao,249,12,996
9946,Google Pixel 8,3,2025-08-03 06:22:00,Valencia,699,8,2097
9947,MacBook Pro,2,2025-04-02 06:41:00,Bilbao,1499,4,2998
9948,Cargador USB-C,4,2025-12-06 17:10:00,Sevilla,25,12,100
9949,Teclado Mecánico,1,2025-09-06 23:02:00,Bilbao,120,9,120
9950,Cargador USB-C,3,2025-03-11 19:57:00,Barcelona,25,3,75
9951,AirPods Pro,1,2025-10-26 15:46:00,Madrid,249,10,249
9952,Monitor 4K,2,2025-08-23 22:33:00,Madrid,399,8,798
9953,Google Pixel 8,1,2025-09-02 13:43:00,Barcelona,699,9,699
9954,iPhone 15,1,2025-08-14 22:38:00,Barcelona,999,8,999
9955,Monitor 4K,3,2025-01-05 14:14:00,Madrid,399,1,1197
9956,Monitor 4K,1,2025-06-02 15:41:00,Valencia,399,6,399
9957,MacBook Pro,3,2025-09-20 09:25:00,Bilbao,1499,9,4497
9958,Google Pixel 8,2,2025-11-05 11:59:00,Barcelona,699,11,1398
9959,AirPods Pro,4,2025-12-17 17:29:00,Madrid,249,12,996
9960,Teclado Mecánico,2,2025-10-23 16:27:00,Sevilla,120,10,240
9961,iPhone 15,2,2025-06-15 08:02:00,Barcelona,999,6,1998
9962,Teclado Mecánico,4,2025-10-06 13:31:00,Barcelona,120,10,480
9963,AirPods Pro,4,2025-02-15 07:53:00,Barcelona,249,2,996
9964,Teclado Mecánico,2,2025-04-06 11:03:00,Bilbao,120,4,240
9965,Monitor 4K,2,2025-07-01 23:28:00,Sevilla,399,7,798
9966,Google Pixel 8,4,2025-02-09 04:26:00,Sevilla,699,2,2796
9967,MacBook Pro,4,2025-03-05 02:23:00,Barcelona,1499,3,5996
9968,Teclado Mecánico,3,2025-03-31 04:27:00,Madrid,120,3,360
9969,AirPods Pro,4,2025-11-18 23:58:00,Valencia,249,11,996
9970,Cargador USB-C,2,2025-09-07 14:14:00,Madrid,25,9,50
9971,iPhone 15,2,2025-02-08 18:24:00,Madrid,999,2,1998
9972,AirPods Pro,1,2025-07-11 05:42:00,Barcelona,249,7,249
9973,Cargador USB-C,1,2025-02-07 03:53:00,Sevilla,25,2,25
9974,Monitor 4K,3,2025-07-21 08:28:00,Barcelona,399,7,1197
9975,iPhone 15,4,2025-12-10 18:00:00,Bilbao,999,12,3996
9976,iPhone 15,3,2025-07-30 20:10:00,Madrid,999,7,2997
9977,Monitor 4K,4,2025-03-23 06:04:00,Madrid,399,3,1596
9978,MacBook Pro,4,2025-10-09 00:47:00,Madrid,1499,10,5996
9979,Google Pixel 8,1,2025-12-25 08:32:00,Bilbao,699,12,699
9980,Google Pixel 8,3,2025-08-04 14:15:00,Barcelona,699,8,2097
9981,Monitor 4K,4,2025-05-17 05:40:00,Sevilla,399,5,1596
9982,Teclado Mecánico,4,2025-12-23 09:02:00,Madrid,120,12,480
9984,Cargador USB-C,3,2025-09-30 11:06:00,Madrid,25,9,75
9985,Google Pixel 8,3,2025-10-25 21:24:00,Barcelona,699,10,2097
9986,AirPods Pro,1,2025-03-29 00:53:00,Madrid,249,3,249
9987,Teclado Mecánico,1,2025-04-19 22:33:00,Valencia,120,4,120
9988,MacBook Pro,2,2025-06-09 20:58:00,Barcelona,1499,6,2998
9989,Cargador USB-C,1,2025-05-10 07:43:00,Barcelona,25,5,25
9990,AirPods Pro,3,2025-04-21 16:24:00,Barcelona,249,4,747
9991,MacBook Pro,1,2025-02-02 21:31:00,Sevilla,1499,2,1499
9992,AirPods Pro,3,2025-10-12 10:28:00,Barcelona,249,10,747
9993,iPhone 15,2,2025-10-28 23:44:00,Valencia,999,10,1998
9994,Monitor 4K,1,2025-12-13 07:14:00,Valencia,399,12,399
9995,Monitor 4K,2,2025-10-30 03:54:00,Barcelona,399,10,798
9996,Cargador USB-C,1,2025-10-18 02:56:00,Barcelona,25,10,25
9997,iPhone 15,3,2025-01-13 21:10:00,Sevilla,999,1,2997
9998,AirPods Pro,2,2025-10-06 18:30:00,Barcelona,249,10,498
9999,AirPods Pro,1,2025-02-19 00:43:00,Madrid,249,2,249
10000,MacBook Pro,2,2025-04-27 17:34:00,Bilbao,1499,4,2998
10001,Google Pixel 8,3,2025-07-04 15:09:00,Bilbao,699,7,2097
10002,iPhone 15,2,2025-03-20 05:29:00,Bilbao,999,3,1998
10003,iPhone 15,2,2025-04-01 05:01:00,Sevilla,999,4,1998
10004,MacBook Pro,3,2025-03-19 19:27:00,Madrid,1499,3,4497
10005,Monitor 4K,2,2025-10-17 22:08:00,Bilbao,399,10,798
10006,Monitor 4K,3,2025-03-14 07:16:00,Bilbao,399,3,1197
10007,Cargador USB-C,2,2025-12-28 16:59:00,Madrid,25,12,50
10008,Google Pixel 8,2,2025-04-22 04:33:00,Valencia,699,4,1398
10009,Teclado Mecánico,2,2025-05-11 22:36:00,Sevilla,120,5,240
10010,iPhone 15,2,2025-07-11 16:32:00,Valencia,999,7,1998
10011,Monitor 4K,2,2025-09-16 13:54:00,Valencia,399,9,798
10012,iPhone 15,1,2025-12-28 15:31:00,Bilbao,999,12,999
10013,Cargador USB-C,2,2025-10-01 12:19:00,Sevilla,25,10,50
10014,Monitor 4K,1,2025-12-22 01:31:00,Bilbao,399,12,399
10015,Cargador USB-C,3,2025-12-27 05:14:00,Barcelona,25,12,75
10016,MacBook Pro,4,2025-02-13 22:54:00,Bilbao,1499,2,5996
10017,Teclado Mecánico,2,2025-04-03 10:01:00,Valencia,120,4,240
10018,AirPods Pro,4,2025-07-09 10:12:00,Valencia,249,7,996
10020,MacBook Pro,1,2025-04-17 15:06:00,Barcelona,1499,4,1499
10021,Monitor 4K,3,2025-06-21 16:26:00,Valencia,399,6,1197
10022,MacBook Pro,2,2025-01-22 11:51:00,Madrid,1499,1,2998
10023,Monitor 4K,2,2025-06-25 19:22:00,Bilbao,399,6,798
10024,Cargador USB-C,2,2025-01-01 08:18:00,Valencia,25,1,50
10025,Cargador USB-C,1,2025-05-24 00:01:00,Sevilla,25,5,25
10026,Monitor 4K,3,2025-04-02 20:32:00,Bilbao,399,4,1197
10027,AirPods Pro,2,2025-01-31 04:53:00,Barcelona,249,1,498
10028,iPhone 15,3,2025-07-19 16:36:00,Madrid,999,7,2997
10029,iPhone 15,4,2025-09-23 09:56:00,Sevilla,999,9,3996
10030,Teclado Mecánico,4,2025-10-07 17:26:00,Bilbao,120,10,480
10031,Teclado Mecánico,3,2025-10-19 13:47:00,Sevilla,120,10,360
10032,Monitor 4K,3,2025-08-20 02:46:00,Sevilla,399,8,1197
10033,AirPods Pro,3,2025-04-18 16:31:00,Valencia,249,4,747
10035,iPhone 15,4,2025-05-19 07:06:00,Barcelona,999,5,3996
10036,iPhone 15,4,2025-10-14 10:36:00,Bilbao,999,10,3996
10037,iPhone 15,1,2025-09-19 19:31:00,Sevilla,999,9,999
10038,Monitor 4K,1,2025-11-28 10:14:00,Barcelona,399,11,399
10039,Monitor 4K,2,2025-08-14 07:19:00,Sevilla,399,8,798
10040,Cargador USB-C,3,2025-08-03 11:44:00,Valencia,25,8,75
10041,MacBook Pro,3,2025-02-05 17:01:00,Bilbao,1499,2,4497
10042,Google Pixel 8,2,2025-12-09 15:39:00,Madrid,699,12,1398
10043,Cargador USB-C,2,2025-05-02 04:47:00,Bilbao,25,5,50
10044,Google Pixel 8,1,2025-07-03 10:38:00,Valencia,699,7,699
10045,Cargador USB-C,2,2025-12-23 17:25:00,Madrid,25,12,50
10046,Monitor 4K,1,2025-12-06 07:01:00,Madrid,399,12,399
10047,MacBook Pro,1,2025-07-23 02:27:00,Valencia,1499,7,1499
10048,Monitor 4K,2,2025-06-14 09:19:00,Sevilla,399,6,798
10049,iPhone 15,3,2025-05-14 07:41:00,Sevilla,999,5,2997
10051,AirPods Pro,2,2025-03-16 00:02:00,Barcelona,249,3,498
10052,AirPods Pro,3,2025-01-04 18:57:00,Sevilla,249,1,747
10053,MacBook Pro,3,2025-11-20 07:50:00,Barcelona,1499,11,4497
10054,MacBook Pro,3,2025-10-19 21:23:00,Bilbao,1499,10,4497
10055,Google Pixel 8,3,2025-11-01 23:08:00,Madrid,699,11,2097
10056,iPhone 15,4,2025-05-01 16:47:00,Sevilla,999,5,3996
10057,Monitor 4K,4,2025-08-20 15:13:00,Madrid,399,8,1596
10058,Cargador USB-C,3,2025-02-27 02:06:00,Barcelona,25,2,75
10059,Cargador USB-C,2,2025-08-20 00:06:00,Madrid,25,8,50
10060,Teclado Mecánico,3,2025-11-18 01:57:00,Barcelona,120,11,360
10061,Google Pixel 8,2,2025-11-24 12:10:00,Madrid,699,11,1398
10062,MacBook Pro,4,2025-12-17 04:54:00,Barcelona,1499,12,5996
10063,Teclado Mecánico,3,2025-05-02 04:09:00,Madrid,120,5,360
10064,Teclado Mecánico,4,2025-12-19 17:54:00,Sevilla,120,12,480
10065,Cargador USB-C,2,2025-05-22 23:57:00,Madrid,25,5,50
10066,Monitor 4K,3,2025-09-23 06:07:00,Madrid,399,9,1197
10067,Cargador USB-C,3,2025-08-29 21:55:00,Bilbao,25,8,75
10068,Teclado Mecánico,4,2025-08-24 12:35:00,Valencia,120,8,480
10069,Google Pixel 8,1,2025-06-11 10:17:00,Sevilla,699,6,699
10070,Monitor 4K,2,2025-08-29 20:53:00,Sevilla,399,8,798
10071,Monitor 4K,4,2025-01-28 10:48:00,Valencia,399,1,1596
10072,iPhone 15,1,2025-04-30 16:05:00,Sevilla,999,4,999
10073,AirPods Pro,2,2025-07-24 18:06:00,Madrid,249,7,498
10074,Monitor 4K,4,2025-02-17 19:52:00,Valencia,399,2,1596
10075,iPhone 15,3,2025-02-27 12:38:00,Madrid,999,2,2997
10076,Google Pixel 8,2,2025-05-27 11:46:00,Barcelona,699,5,1398
10077,Teclado Mecánico,3,2025-10-11 04:25:00,Valencia,120,10,360
10078,iPhone 15,3,2025-10-15 18:46:00,Madrid,999,10,2997
10079,iPhone 15,3,2025-12-30 02:24:00,Sevilla,999,12,2997
10080,Cargador USB-C,2,2025-01-05 14:33:00,Sevilla,25,1,50
10081,Google Pixel 8,4,2025-12-02 14:44:00,Bilbao,699,12,2796
10082,Google Pixel 8,3,2025-09-20 02:06:00,Madrid,699,9,2097
10083,Cargador USB-C,2,2025-03-16 12:29:00,Sevilla,25,3,50
10084,Cargador USB-C,2,2025-08-20 23:36:00,Sevilla,25,8,50
10085,iPhone 15,2,2025-03-30 13:14:00,Valencia,999,3,1998
10086,Cargador USB-C,4,2025-01-16 17:49:00,Valencia,25,1,100
10087,Cargador USB-C,1,2025-07-03 05:41:00,Sevilla,25,7,25
10088,AirPods Pro,4,2025-12-31 15:51:00,Bilbao,249,12,996
10089,MacBook Pro,1,2025-01-11 02:29:00,Barcelona,1499,1,1499
10090,MacBook Pro,1,2025-10-03 07:45:00,Sevilla,1499,10,1499
10091,Teclado Mecánico,4,2025-11-05 22:37:00,Barcelona,120,11,480
10092,AirPods Pro,2,2025-12-30 18:10:00,Madrid,249,12,498
10093,iPhone 15,2,2025-10-01 14:29:00,Barcelona,999,10,1998
10094,AirPods Pro,1,2025-10-19 01:44:00,Sevilla,249,10,249
10095,Teclado Mecánico,2,2025-01-18 06:38:00,Valencia,120,1,240
10096,MacBook Pro,4,2025-07-09 12:15:00,Barcelona,1499,7,5996
10097,Monitor 4K,2,2025-12-22 07:49:00,Valencia,399,12,798
10098,Cargador USB-C,4,2025-02-10 16:22:00,Sevilla,25,2,100
10099,Google Pixel 8,3,2025-07-22 03:20:00,Madrid,699,7,2097
10100,Teclado Mecánico,2,2025-02-04 01:01:00,Madrid,120,2,240
10101,Google Pixel 8,1,2025-01-12 06:25:00,Madrid,699,1,699
10102,Teclado Mecánico,4,2025-01-01 21:29:00,Madrid,120,1,480
10103,MacBook Pro,1,2025-02-26 23:43:00,Valencia,1499,2,1499
10104,Teclado Mecánico,2,2025-02-16 11:46:00,Bilbao,120,2,240
10105,Teclado Mecánico,2,2025-12-10 02:25:00,Bilbao,120,12,240
10106,MacBook Pro,2,2025-05-22 15:13:00,Sevilla,1499,5,2998
10108,AirPods Pro,2,2025-11-02 01:02:00,Bilbao,249,11,498
10109,Google Pixel 8,3,2025-04-15 21:37:00,Barcelona,699,4,2097
10110,Teclado Mecánico,2,2025-12-17 18:22:00,Madrid,120,12,240
10111,Teclado Mecánico,1,2025-11-21 03:47:00,Valencia,120,11,120
10112,Google Pixel 8,4,2025-06-09 06:49:00,Barcelona,699,6,2796
10113,MacBook Pro,3,2025-09-12 05:18:00,Sevilla,1499,9,4497
10114,MacBook Pro,2,2025-07-07 11:39:00,Madrid,1499,7,2998
10115,Cargador USB-C,4,2025-10-13 10:07:00,Bilbao,25,10,100
10116,Teclado Mecánico,4,2025-01-08 02:07:00,Barcelona,120,1,480
10117,Cargador USB-C,2,2025-03-17 01:58:00,Madrid,25,3,50
10118,Monitor 4K,2,2025-12-31 11:58:00,Bilbao,399,12,798
10119,Google Pixel 8,4,2025-11-24 10:44:00,Barcelona,699,11,2796
10120,Teclado Mecánico,4,2025-06-01 11:17:00,Valencia,120,6,480
10121,AirPods Pro,3,2025-08-22 16:07:00,Sevilla,249,8,747
10122,Monitor 4K,4,2025-11-07 10:12:00,Bilbao,399,11,1596
10123,Teclado Mecánico,2,2025-01-05 23:05:00,Valencia,120,1,240
10124,Teclado Mecánico,2,2025-02-01 05:35:00,Sevilla,120,2,240
10125,MacBook Pro,4,2025-07-24 03:46:00,Barcelona,1499,7,5996
10126,AirPods Pro,3,2025-02-07 19:51:00,Madrid,249,2,747
10127,Google Pixel 8,2,2025-09-14 10:19:00,Sevilla,699,9,1398
10128,Monitor 4K,2,2025-04-25 05:24:00,Bilbao,399,4,798
10129,Google Pixel 8,1,2025-08-18 10:35:00,Valencia,699,8,699
10130,Google Pixel 8,3,2025-03-11 04:49:00,Barcelona,699,3,2097
10131,Google Pixel 8,4,2025-03-22 09:01:00,Sevilla,699,3,2796
10132,iPhone 15,2,2025-11-05 03:23:00,Valencia,999,11,1998
10133,AirPods Pro,3,2025-12-02 20:02:00,Madrid,249,12,747
10134,Monitor 4K,4,2025-03-24 22:22:00,Madrid,399,3,1596
10135,Cargador USB-C,2,2025-11-13 06:39:00,Madrid,25,11,50
10136,Teclado Mecánico,3,2025-03-15 09:57:00,Madrid,120,3,360
10137,AirPods Pro,4,2025-10-02 10:58:00,Barcelona,249,10,996
10138,Monitor 4K,3,2025-01-03 17:16:00,Barcelona,399,1,1197
10139,iPhone 15,2,2025-01-05 18:02:00,Valencia,999,1,1998
10140,iPhone 15,4,2025-01-23 17:49:00,Madrid,999,1,3996
10141,AirPods Pro,2,2025-04-03 07:25:00,Sevilla,249,4,498
10142,Monitor 4K,3,2025-03-09 05:20:00,Barcelona,399,3,1197
10144,Google Pixel 8,1,2025-05-25 22:00:00,Bilbao,699,5,699
10145,MacBook Pro,1,2025-03-10 22:32:00,Valencia,1499,3,1499
10146,AirPods Pro,4,2025-05-21 10:17:00,Bilbao,249,5,996
10147,Cargador USB-C,3,2025-04-27 11:53:00,Madrid,25,4,75
10148,Cargador USB-C,3,2025-02-17 01:25:00,Valencia,25,2,75
10149,iPhone 15,2,2025-02-26 15:07:00,Sevilla,999,2,1998
10150,MacBook Pro,1,2025-05-16 02:17:00,Bilbao,1499,5,1499
10151,MacBook Pro,2,2025-03-02 08:21:00,Barcelona,1499,3,2998
10152,MacBook Pro,2,2025-12-31 07:56:00,Bilbao,1499,12,2998
10153,iPhone 15,2,2025-10-30 09:09:00,Barcelona,999,10,1998
10154,Monitor 4K,1,2025-06-17 08:53:00,Sevilla,399,6,399
10155,Cargador USB-C,4,2025-02-19 09:39:00,Madrid,25,2,100
10156,iPhone 15,2,2025-01-23 04:06:00,Bilbao,999,1,1998
10157,MacBook Pro,3,2025-01-27 11:47:00,Madrid,1499,1,4497
10158,Teclado Mecánico,1,2025-04-02 15:23:00,Sevilla,120,4,120
10159,Teclado Mecánico,4,2025-11-09 13:05:00,Barcelona,120,11,480
10160,iPhone 15,4,2025-02-27 10:00:00,Valencia,999,2,3996
10161,Teclado Mecánico,2,2025-12-09 08:13:00,Sevilla,120,12,240
10162,AirPods Pro,2,2025-03-11 02:06:00,Barcelona,249,3,498
10163,Monitor 4K,2,2025-09-22 04:14:00,Valencia,399,9,798
10164,Teclado Mecánico,2,2025-09-09 18:16:00,Madrid,120,9,240
10165,Cargador USB-C,3,2025-06-11 03:09:00,Sevilla,25,6,75
10166,iPhone 15,1,2025-07-15 14:15:00,Valencia,999,7,999
10167,iPhone 15,3,2025-02-09 11:22:00,Valencia,999,2,2997
10168,MacBook Pro,4,2025-12-29 16:59:00,Sevilla,1499,12,5996
10169,iPhone 15,4,2025-01-29 15:12:00,Madrid,999,1,3996
10170,Teclado Mecánico,2,2025-04-06 01:44:00,Valencia,120,4,240
10171,Teclado Mecánico,3,2025-07-27 14:50:00,Bilbao,120,7,360
10172,MacBook Pro,2,2025-05-21 16:28:00,Valencia,1499,5,2998
10173,Cargador USB-C,1,2025-04-14 12:06:00,Valencia,25,4,25
10174,Monitor 4K,4,2025-02-05 12:49:00,Madrid,399,2,1596
10175,Monitor 4K,3,2025-09-17 07:08:00,Madrid,399,9,1197
10176,Teclado Mecánico,1,2025-07-16 05:44:00,Madrid,120,7,120
10177,Monitor 4K,2,2025-07-31 17:43:00,Barcelona,399,7,798
10178,Google Pixel 8,4,2025-03-18 02:25:00,Barcelona,699,3,2796
10179,Google Pixel 8,1,2025-06-24 23:39:00,Valencia,699,6,699
10180,AirPods Pro,3,2025-12-20 20:52:00,Bilbao,249,12,747
10181,Teclado Mecánico,2,2025-07-14 08:36:00,Barcelona,120,7,240
10182,iPhone 15,3,2025-03-06 20:00:00,Sevilla,999,3,2997
10183,Teclado Mecánico,4,2025-11-19 09:57:00,Barcelona,120,11,480
10184,iPhone 15,1,2025-04-27 20:40:00,Valencia,999,4,999
10185,Google Pixel 8,2,2025-10-13 09:34:00,Sevilla,699,10,1398
10186,Teclado Mecánico,2,2025-05-14 03:03:00,Sevilla,120,5,240
10187,AirPods Pro,2,2025-12-27 18:34:00,Sevilla,249,12,498
10188,MacBook Pro,2,2025-03-07 16:41:00,Madrid,1499,3,2998
10189,Monitor 4K,4,2025-06-14 13:41:00,Bilbao,399,6,1596
10190,Google Pixel 8,4,2025-11-21 13:19:00,Madrid,699,11,2796
10192,Teclado Mecánico,3,2025-12-18 05:24:00,Valencia,120,12,360
10193,AirPods Pro,4,2025-02-25 04:12:00,Madrid,249,2,996
10194,iPhone 15,1,2025-09-19 13:18:00,Madrid,999,9,999
10195,Monitor 4K,4,2025-05-21 20:34:00,Bilbao,399,5,1596
10196,Cargador USB-C,3,2025-01-27 21:59:00,Bilbao,25,1,75
10197,iPhone 15,3,2025-03-11 02:46:00,Sevilla,999,3,2997
10198,Google Pixel 8,3,2025-10-22 05:08:00,Madrid,699,10,2097
10199,Monitor 4K,3,2025-11-05 22:51:00,Madrid,399,11,1197
10200,Google Pixel 8,3,2025-11-08 11:11:00,Barcelona,699,11,2097
10201,iPhone 15,2,2025-05-24 05:05:00,Barcelona,999,5,1998
10202,Google Pixel 8,1,2025-02-24 12:15:00,Barcelona,699,2,699
10203,AirPods Pro,3,2025-04-14 17:22:00,Madrid,249,4,747
10204,MacBook Pro,2,2025-01-05 19:21:00,Valencia,1499,1,2998
10205,MacBook Pro,2,2025-06-06 18:33:00,Valencia,1499,6,2998
10206,iPhone 15,3,2025-07-27 08:58:00,Sevilla,999,7,2997
10207,Monitor 4K,4,2025-08-16 03:05:00,Bilbao,399,8,1596
10208,iPhone 15,1,2025-03-04 03:50:00,Barcelona,999,3,999
10209,Google Pixel 8,1,2025-05-04 06:15:00,Valencia,699,5,699
10210,Google Pixel 8,1,2025-05-02 16:40:00,Valencia,699,5,699
10211,Google Pixel 8,2,2025-10-05 09:13:00,Bilbao,699,10,1398
10212,MacBook Pro,1,2025-03-03 02:40:00,Madrid,1499,3,1499
10213,Monitor 4K,3,2025-06-28 11:30:00,Barcelona,399,6,1197
10214,Cargador USB-C,1,2025-03-31 16:27:00,Sevilla,25,3,25
10215,MacBook Pro,2,2025-04-08 06:14:00,Barcelona,1499,4,2998
10216,MacBook Pro,4,2025-11-18 01:52:00,Madrid,1499,11,5996
10217,Monitor 4K,2,2025-10-02 12:36:00,Barcelona,399,10,798
10218,Cargador USB-C,2,2025-08-24 19:23:00,Barcelona,25,8,50
10219,MacBook Pro,3,2025-01-31 22:26:00,Sevilla,1499,1,4497
10220,Monitor 4K,4,2025-02-15 05:18:00,Madrid,399,2,1596
10221,Google Pixel 8,4,2025-02-22 22:28:00,Sevilla,699,2,2796
10222,MacBook Pro,2,2025-07-02 19:37:00,Sevilla,1499,7,2998
10223,MacBook Pro,1,2025-03-11 03:03:00,Bilbao,1499,3,1499
10224,Teclado Mecánico,2,2025-05-28 06:53:00,Madrid,120,5,240
10225,Cargador USB-C,4,2025-07-06 07:04:00,Valencia,25,7,100
10226,AirPods Pro,1,2025-11-13 20:52:00,Valencia,249,11,249
10227,Monitor 4K,1,2025-08-10 12:20:00,Sevilla,399,8,399
10228,iPhone 15,2,2025-03-18 12:28:00,Sevilla,999,3,1998
10229,AirPods Pro,4,2025-10-13 03:14:00,Valencia,249,10,996
10230,iPhone 15,1,2025-04-25 18:15:00,Valencia,999,4,999
10231,Teclado Mecánico,2,2025-01-06 21:23:00,Bilbao,120,1,240
10232,iPhone 15,1,2025-01-31 19:27:00,Valencia,999,1,999
10233,Google Pixel 8,2,2025-10-16 04:19:00,Sevilla,699,10,1398
10234,MacBook Pro,4,2025-05-24 17:33:00,Madrid,1499,5,5996
10235,Cargador USB-C,3,2025-01-21 03:56:00,Valencia,25,1,75
10236,Monitor 4K,1,2025-09-02 12:02:00,Barcelona,399,9,399
10237,Teclado Mecánico,2,2025-05-29 23:09:00,Sevilla,120,5,240
10238,Cargador USB-C,3,2025-04-17 06:12:00,Bilbao,25,4,75
10239,Monitor 4K,4,2025-04-19 22:25:00,Bilbao,399,4,1596
10240,AirPods Pro,3,2025-01-12 10:44:00,Valencia,249,1,747
10241,iPhone 15,4,2025-06-03 01:34:00,Madrid,999,6,3996
10242,Cargador USB-C,4,2025-02-07 01:47:00,Sevilla,25,2,100
10243,Google Pixel 8,3,2025-06-23 15:38:00,Valencia,699,6,2097
10244,iPhone 15,1,2025-06-06 05:49:00,Bilbao,999,6,999
10245,Teclado Mecánico,3,2025-07-05 12:07:00,Sevilla,120,7,360
10246,Google Pixel 8,1,2025-10-29 00:08:00,Madrid,699,10,699
10247,AirPods Pro,2,2025-08-21 00:16:00,Bilbao,249,8,498
10248,Cargador USB-C,2,2025-08-17 07:34:00,Madrid,25,8,50
10249,Teclado Mecánico,3,2025-06-11 12:13:00,Bilbao,120,6,360
10250,Teclado Mecánico,4,2025-11-02 19:23:00,Sevilla,120,11,480
10251,Monitor 4K,4,2025-03-21 16:33:00,Madrid,399,3,1596
10252,iPhone 15,1,2025-07-27 18:59:00,Sevilla,999,7,999
10253,Cargador USB-C,1,2025-02-15 07:04:00,Valencia,25,2,25
10254,iPhone 15,2,2025-07-05 20:42:00,Sevilla,999,7,1998
10255,Monitor 4K,3,2025-12-20 09:00:00,Valencia,399,12,1197
10256,MacBook Pro,1,2025-03-31 20:43:00,Barcelona,1499,3,1499
10257,MacBook Pro,4,2025-11-15 08:36:00,Madrid,1499,11,5996
10258,Cargador USB-C,3,2025-02-25 16:23:00,Madrid,25,2,75
10259,Monitor 4K,1,2025-12-28 22:21:00,Bilbao,399,12,399
10260,Teclado Mecánico,4,2025-01-26 07:01:00,Bilbao,120,1,480
10261,MacBook Pro,1,2025-12-27 19:08:00,Sevilla,1499,12,1499
10262,Cargador USB-C,4,2025-06-03 18:12:00,Sevilla,25,6,100
10263,MacBook Pro,2,2025-09-13 10:13:00,Valencia,1499,9,2998
10264,MacBook Pro,4,2025-03-22 10:43:00,Madrid,1499,3,5996
10265,MacBook Pro,2,2025-11-10 20:16:00,Barcelona,1499,11,2998
10266,iPhone 15,4,2025-06-13 21:40:00,Sevilla,999,6,3996
10267,Teclado Mecánico,3,2025-10-07 17:38:00,Valencia,120,10,360
10268,MacBook Pro,3,2025-08-02 08:35:00,Sevilla,1499,8,4497
10271,MacBook Pro,3,2025-08-14 00:26:00,Barcelona,1499,8,4497
10272,AirPods Pro,4,2025-09-21 08:20:00,Madrid,249,9,996
10273,Cargador USB-C,3,2025-06-30 13:12:00,Bilbao,25,6,75
10274,AirPods Pro,2,2025-04-02 11:20:00,Sevilla,249,4,498
10275,AirPods Pro,4,2025-02-28 23:23:00,Bilbao,249,2,996
10276,Teclado Mecánico,2,2025-06-23 15:59:00,Sevilla,120,6,240
10277,MacBook Pro,1,2025-07-06 08:47:00,Barcelona,1499,7,1499
10278,MacBook Pro,2,2025-07-05 00:09:00,Barcelona,1499,7,2998
10279,AirPods Pro,4,2025-04-06 20:21:00,Bilbao,249,4,996
10280,Cargador USB-C,3,2025-11-21 19:15:00,Bilbao,25,11,75
10281,Teclado Mecánico,1,2025-10-05 16:33:00,Sevilla,120,10,120
10282,Google Pixel 8,4,2025-08-29 06:29:00,Valencia,699,8,2796
10283,AirPods Pro,3,2025-12-29 09:27:00,Valencia,249,12,747
10284,Teclado Mecánico,1,2025-07-24 20:10:00,Sevilla,120,7,120
10285,Monitor 4K,1,2025-11-22 01:14:00,Barcelona,399,11,399
10286,Teclado Mecánico,4,2025-07-25 19:44:00,Sevilla,120,7,480
10287,AirPods Pro,3,2025-09-04 12:20:00,Barcelona,249,9,747
10288,AirPods Pro,4,2025-08-11 00:24:00,Sevilla,249,8,996
10289,Monitor 4K,1,2025-01-17 23:17:00,Valencia,399,1,399
10290,Cargador USB-C,3,2025-06-01 18:01:00,Madrid,25,6,75
10291,MacBook Pro,1,2025-03-18 21:06:00,Madrid,1499,3,1499
10292,AirPods Pro,1,2025-09-02 20:49:00,Sevilla,249,9,249
10293,Cargador USB-C,1,2025-08-03 18:00:00,Sevilla,25,8,25
10294,Cargador USB-C,4,2025-06-29 21:58:00,Bilbao,25,6,100
10295,Cargador USB-C,4,2025-04-29 15:50:00,Valencia,25,4,100
10296,Google Pixel 8,2,2025-05-10 16:20:00,Bilbao,699,5,1398
10297,Google Pixel 8,4,2025-03-02 15:08:00,Bilbao,699,3,2796
10298,Cargador USB-C,1,2025-01-15 19:16:00,Bilbao,25,1,25
10299,Teclado Mecánico,1,2025-02-19 19:26:00,Valencia,120,2,120
10301,iPhone 15,4,2025-04-22 02:37:00,Valencia,999,4,3996
10302,Teclado Mecánico,3,2025-10-04 21:43:00,Sevilla,120,10,360
10303,Cargador USB-C,3,2025-11-25 05:38:00,Sevilla,25,11,75
10304,Cargador USB-C,1,2025-08-13 20:26:00,Sevilla,25,8,25
10305,Teclado Mecánico,2,2025-04-26 13:36:00,Sevilla,120,4,240
10306,iPhone 15,1,2025-04-08 08:01:00,Madrid,999,4,999
10307,Google Pixel 8,4,2025-10-29 03:37:00,Madrid,699,10,2796
10308,Teclado Mecánico,1,2025-06-07 20:50:00,Barcelona,120,6,120
10310,Cargador USB-C,4,2025-01-24 09:58:00,Madrid,25,1,100
10311,Monitor 4K,4,2025-09-03 07:56:00,Madrid,399,9,1596
10312,iPhone 15,1,2025-02-12 01:35:00,Sevilla,999,2,999
10313,MacBook Pro,4,2025-06-09 20:43:00,Sevilla,1499,6,5996
10314,Teclado Mecánico,2,2025-11-13 08:17:00,Madrid,120,11,240
10315,MacBook Pro,2,2025-07-24 14:48:00,Valencia,1499,7,2998
10316,iPhone 15,1,2025-05-06 02:27:00,Valencia,999,5,999
10317,AirPods Pro,1,2025-11-27 23:09:00,Madrid,249,11,249
10318,Cargador USB-C,2,2025-10-17 00:03:00,Madrid,25,10,50
10319,iPhone 15,3,2025-06-02 12:15:00,Barcelona,999,6,2997
10321,Cargador USB-C,1,2025-10-13 08:41:00,Valencia,25,10,25
10322,iPhone 15,1,2025-02-28 10:23:00,Valencia,999,2,999
10323,Teclado Mecánico,1,2025-05-03 16:02:00,Sevilla,120,5,120
10324,Cargador USB-C,1,2025-08-04 02:08:00,Bilbao,25,8,25
10325,Google Pixel 8,3,2025-09-12 10:44:00,Valencia,699,9,2097
10326,Google Pixel 8,2,2025-10-15 15:25:00,Valencia,699,10,1398
10327,iPhone 15,2,2025-07-12 01:46:00,Valencia,999,7,1998
10328,Cargador USB-C,1,2025-01-13 23:00:00,Bilbao,25,1,25
10329,Google Pixel 8,4,2025-12-24 13:06:00,Barcelona,699,12,2796
10330,Google Pixel 8,1,2025-12-30 19:50:00,Sevilla,699,12,699
10331,MacBook Pro,4,2025-03-03 18:36:00,Barcelona,1499,3,5996
10332,Cargador USB-C,2,2025-10-03 06:50:00,Sevilla,25,10,50
10333,Teclado Mecánico,4,2025-01-30 22:11:00,Bilbao,120,1,480
10334,MacBook Pro,2,2025-04-17 20:50:00,Bilbao,1499,4,2998
10335,Cargador USB-C,4,2025-01-06 01:38:00,Barcelona,25,1,100
10336,AirPods Pro,4,2025-08-02 19:31:00,Barcelona,249,8,996
10337,Teclado Mecánico,3,2025-02-16 01:30:00,Bilbao,120,2,360
10339,Monitor 4K,4,2025-07-28 04:59:00,Barcelona,399,7,1596
10340,Cargador USB-C,2,2025-06-04 04:18:00,Barcelona,25,6,50
10341,AirPods Pro,4,2025-10-12 22:42:00,Valencia,249,10,996
10342,AirPods Pro,1,2025-09-21 12:42:00,Valencia,249,9,249
10343,iPhone 15,4,2025-08-20 13:05:00,Madrid,999,8,3996
10344,Teclado Mecánico,2,2025-04-23 14:14:00,Sevilla,120,4,240
10345,AirPods Pro,1,2025-06-27 08:21:00,Madrid,249,6,249
10346,Monitor 4K,1,2025-04-22 20:11:00,Barcelona,399,4,399
10347,Google Pixel 8,4,2025-03-27 11:47:00,Sevilla,699,3,2796
10348,AirPods Pro,2,2025-12-07 13:41:00,Valencia,249,12,498
10349,iPhone 15,4,2025-05-07 04:32:00,Madrid,999,5,3996
10350,Google Pixel 8,3,2025-05-10 00:49:00,Madrid,699,5,2097
10351,Google Pixel 8,3,2025-05-07 05:54:00,Bilbao,699,5,2097
10352,Google Pixel 8,3,2025-11-02 04:31:00,Valencia,699,11,2097
10353,Monitor 4K,3,2025-03-09 12:02:00,Sevilla,399,3,1197
10354,Cargador USB-C,1,2025-09-06 21:51:00,Sevilla,25,9,25
10355,AirPods Pro,4,2025-08-28 04:30:00,Bilbao,249,8,996
10356,Monitor 4K,4,2025-05-07 19:21:00,Sevilla,399,5,1596
10357,Monitor 4K,1,2025-11-02 11:10:00,Sevilla,399,11,399
10358,AirPods Pro,3,2025-11-13 08:01:00,Sevilla,249,11,747
10359,Monitor 4K,1,2025-01-18 09:58:00,Barcelona,399,1,399
10360,AirPods Pro,3,2025-06-30 17:53:00,Valencia,249,6,747
10361,AirPods Pro,4,2025-09-20 00:09:00,Barcelona,249,9,996
10362,Google Pixel 8,1,2025-08-24 02:57:00,Bilbao,699,8,699
10363,Monitor 4K,1,2025-02-15 05:29:00,Bilbao,399,2,399
10364,Cargador USB-C,2,2025-04-06 01:02:00,Bilbao,25,4,50
10365,AirPods Pro,3,2025-01-03 09:26:00,Bilbao,249,1,747
10366,AirPods Pro,4,2025-02-23 19:30:00,Madrid,249,2,996
10367,iPhone 15,4,2025-09-23 06:42:00,Barcelona,999,9,3996
10368,Google Pixel 8,4,2025-04-29 19:41:00,Sevilla,699,4,2796
10369,iPhone 15,3,2025-08-27 06:58:00,Barcelona,999,8,2997
10370,Cargador USB-C,2,2025-05-01 15:52:00,Bilbao,25,5,50
10371,Cargador USB-C,1,2025-02-11 03:54:00,Madrid,25,2,25
10372,Google Pixel 8,3,2025-07-06 01:25:00,Madrid,699,7,2097
10373,Google Pixel 8,3,2025-12-20 05:43:00,Bilbao,699,12,2097
10374,AirPods Pro,4,2025-08-02 13:22:00,Madrid,249,8,996
10375,MacBook Pro,3,2025-10-25 20:07:00,Bilbao,1499,10,4497
10376,Cargador USB-C,2,2025-03-01 21:54:00,Madrid,25,3,50
10377,iPhone 15,4,2025-07-04 07:37:00,Madrid,999,7,3996
10378,Cargador USB-C,4,2025-06-11 11:54:00,Barcelona,25,6,100
10379,Teclado Mecánico,1,2025-11-30 17:10:00,Bilbao,120,11,120
10380,Google Pixel 8,2,2025-01-19 22:45:00,Barcelona,699,1,1398
10381,Teclado Mecánico,1,2025-02-10 12:35:00,Bilbao,120,2,120
10382,Monitor 4K,1,2025-09-15 16:04:00,Bilbao,399,9,399
10383,iPhone 15,4,2025-08-09 22:35:00,Valencia,999,8,3996
10384,MacBook Pro,3,2025-07-26 09:11:00,Sevilla,1499,7,4497
10385,Teclado Mecánico,4,2025-03-05 09:31:00,Bilbao,120,3,480
10386,AirPods Pro,2,2025-03-20 22:23:00,Valencia,249,3,498
10387,Teclado Mecánico,2,2025-06-08 11:07:00,Sevilla,120,6,240
10388,MacBook Pro,3,2025-03-06 12:56:00,Sevilla,1499,3,4497
10389,AirPods Pro,4,2025-03-05 13:14:00,Sevilla,249,3,996
10390,Teclado Mecánico,1,2025-02-01 23:48:00,Bilbao,120,2,120
10391,MacBook Pro,3,2025-04-04 22:53:00,Sevilla,1499,4,4497
10392,Google Pixel 8,3,2025-10-06 21:21:00,Valencia,699,10,2097
10393,Google Pixel 8,3,2025-06-28 03:21:00,Madrid,699,6,2097
10394,Monitor 4K,3,2025-10-11 23:26:00,Barcelona,399,10,1197
10395,Cargador USB-C,1,2025-08-17 03:57:00,Sevilla,25,8,25
10396,iPhone 15,4,2025-10-02 05:36:00,Valencia,999,10,3996
10397,AirPods Pro,4,2025-01-07 14:09:00,Barcelona,249,1,996
10398,Cargador USB-C,2,2025-10-29 21:53:00,Madrid,25,10,50
10399,AirPods Pro,2,2025-04-13 12:44:00,Barcelona,249,4,498
10400,AirPods Pro,3,2025-12-24 19:39:00,Valencia,249,12,747
10401,iPhone 15,1,2025-08-06 14:58:00,Bilbao,999,8,999
10402,Monitor 4K,1,2025-05-28 13:00:00,Valencia,399,5,399
10403,Teclado Mecánico,2,2025-05-31 16:25:00,Madrid,120,5,240
10404,Monitor 4K,2,2025-10-24 10:32:00,Valencia,399,10,798
10405,AirPods Pro,2,2025-02-26 12:18:00,Bilbao,249,2,498
10406,Monitor 4K,2,2025-01-17 08:02:00,Bilbao,399,1,798
10407,Cargador USB-C,4,2025-08-07 01:06:00,Madrid,25,8,100
10408,AirPods Pro,1,2025-06-19 20:39:00,Barcelona,249,6,249
10409,Google Pixel 8,3,2025-01-17 05:03:00,Bilbao,699,1,2097
10410,Monitor 4K,3,2025-05-03 05:36:00,Bilbao,399,5,1197
10411,Teclado Mecánico,3,2025-05-16 07:12:00,Madrid,120,5,360
10412,iPhone 15,3,2025-09-26 04:26:00,Valencia,999,9,2997
10413,Monitor 4K,1,2025-06-11 03:34:00,Valencia,399,6,399
10414,MacBook Pro,3,2025-03-14 20:23:00,Madrid,1499,3,4497
10415,MacBook Pro,2,2025-09-18 11:46:00,Barcelona,1499,9,2998
10416,Teclado Mecánico,4,2025-04-11 18:38:00,Madrid,120,4,480
10417,MacBook Pro,2,2025-04-03 22:24:00,Madrid,1499,4,2998
10418,MacBook Pro,4,2025-07-01 02:19:00,Valencia,1499,7,5996
10419,AirPods Pro,2,2025-10-02 15:37:00,Bilbao,249,10,498
10420,Monitor 4K,4,2025-01-27 11:17:00,Bilbao,399,1,1596
10421,Cargador USB-C,1,2025-01-12 06:45:00,Sevilla,25,1,25
10422,Cargador USB-C,2,2025-07-19 22:51:00,Madrid,25,7,50
10423,Monitor 4K,3,2025-10-22 16:51:00,Barcelona,399,10,1197
10424,Cargador USB-C,3,2025-10-24 16:57:00,Barcelona,25,10,75
10425,Cargador USB-C,1,2025-04-04 22:15:00,Madrid,25,4,25
10426,iPhone 15,3,2025-08-23 06:50:00,Barcelona,999,8,2997
10427,Google Pixel 8,1,2025-05-02 22:24:00,Valencia,699,5,699
10428,Monitor 4K,4,2025-03-14 07:41:00,Valencia,399,3,1596
10429,Cargador USB-C,3,2025-05-27 20:37:00,Madrid,25,5,75
10430,Teclado Mecánico,2,2025-08-01 17:43:00,Bilbao,120,8,240
10431,Google Pixel 8,1,2025-05-15 12:15:00,Bilbao,699,5,699
10432,iPhone 15,3,2025-01-08 11:23:00,Valencia,999,1,2997
10433,Teclado Mecánico,2,2025-12-16 17:19:00,Madrid,120,12,240
10434,MacBook Pro,3,2025-03-12 14:05:00,Barcelona,1499,3,4497
10435,Monitor 4K,2,2025-04-07 22:04:00,Madrid,399,4,798
10436,Google Pixel 8,3,2025-01-25 05:46:00,Barcelona,699,1,2097
10437,Monitor 4K,3,2025-08-16 07:01:00,Barcelona,399,8,1197
10438,iPhone 15,2,2025-12-15 10:06:00,Madrid,999,12,1998
10439,Cargador USB-C,3,2025-08-19 15:17:00,Bilbao,25,8,75
10440,Google Pixel 8,2,2025-08-06 11:04:00,Madrid,699,8,1398
10441,Teclado Mecánico,3,2025-03-28 10:08:00,Valencia,120,3,360
10442,MacBook Pro,2,2025-09-16 12:47:00,Madrid,1499,9,2998
10443,iPhone 15,1,2025-06-29 16:43:00,Valencia,999,6,999
10444,AirPods Pro,2,2025-04-07 15:43:00,Madrid,249,4,498
10445,Cargador USB-C,1,2025-01-01 00:26:00,Valencia,25,1,25
10447,Teclado Mecánico,2,2025-07-19 01:25:00,Madrid,120,7,240
10448,Cargador USB-C,3,2025-09-21 11:48:00,Barcelona,25,9,75
10450,iPhone 15,2,2025-11-08 02:22:00,Valencia,999,11,1998
10451,Monitor 4K,4,2025-04-27 08:35:00,Valencia,399,4,1596
10452,Monitor 4K,1,2025-07-17 19:19:00,Barcelona,399,7,399
10453,Monitor 4K,1,2025-01-01 16:49:00,Madrid,399,1,399
10454,Monitor 4K,4,2025-07-31 18:32:00,Sevilla,399,7,1596
10455,MacBook Pro,1,2025-04-16 02:49:00,Valencia,1499,4,1499
10456,AirPods Pro,2,2025-10-18 06:04:00,Sevilla,249,10,498
10457,Google Pixel 8,3,2025-08-18 03:16:00,Sevilla,699,8,2097
10458,Google Pixel 8,2,2025-12-29 23:39:00,Sevilla,699,12,1398
10459,Monitor 4K,3,2025-02-12 19:44:00,Bilbao,399,2,1197
10460,Teclado Mecánico,4,2025-04-28 17:01:00,Bilbao,120,4,480
10461,MacBook Pro,2,2025-02-12 16:18:00,Valencia,1499,2,2998
10463,iPhone 15,4,2025-08-01 08:09:00,Bilbao,999,8,3996
10465,Google Pixel 8,2,2025-06-25 16:26:00,Sevilla,699,6,1398
10466,MacBook Pro,3,2025-01-27 18:01:00,Barcelona,1499,1,4497
10467,iPhone 15,4,2025-10-05 08:54:00,Barcelona,999,10,3996
10468,iPhone 15,1,2025-06-15 23:12:00,Sevilla,999,6,999
10469,Monitor 4K,2,2025-03-05 20:20:00,Madrid,399,3,798
10470,Monitor 4K,4,2025-03-18 01:12:00,Barcelona,399,3,1596
10471,Google Pixel 8,4,2025-06-24 01:48:00,Madrid,699,6,2796
10472,Cargador USB-C,4,2025-09-05 20:15:00,Madrid,25,9,100
10473,Cargador USB-C,4,2025-03-08 21:08:00,Barcelona,25,3,100
10475,Google Pixel 8,1,2025-04-09 21:55:00,Sevilla,699,4,699
10477,Teclado Mecánico,2,2025-04-15 13:47:00,Valencia,120,4,240
10478,Google Pixel 8,3,2025-03-25 05:14:00,Valencia,699,3,2097
10479,Google Pixel 8,1,2025-09-08 14:02:00,Bilbao,699,9,699
10480,iPhone 15,3,2025-01-26 12:18:00,Barcelona,999,1,2997
10481,AirPods Pro,4,2025-04-28 22:45:00,Madrid,249,4,996
10482,Google Pixel 8,4,2025-06-22 19:31:00,Valencia,699,6,2796
10483,iPhone 15,4,2025-09-27 13:23:00,Sevilla,999,9,3996
10484,MacBook Pro,4,2025-11-08 18:06:00,Bilbao,1499,11,5996
10485,Google Pixel 8,2,2025-05-21 12:59:00,Bilbao,699,5,1398
10486,iPhone 15,3,2025-07-27 21:24:00,Bilbao,999,7,2997
10487,MacBook Pro,1,2025-11-14 03:17:00,Sevilla,1499,11,1499
10488,Cargador USB-C,2,2025-03-10 04:17:00,Valencia,25,3,50
10489,Cargador USB-C,2,2025-02-09 21:44:00,Sevilla,25,2,50
10490,MacBook Pro,3,2025-05-10 18:13:00,Valencia,1499,5,4497
10491,Monitor 4K,3,2025-04-05 00:45:00,Valencia,399,4,1197
10492,iPhone 15,1,2025-09-06 01:38:00,Valencia,999,9,999
10493,Cargador USB-C,4,2025-04-05 11:58:00,Bilbao,25,4,100
10494,Google Pixel 8,1,2025-10-27 07:11:00,Valencia,699,10,699
10495,MacBook Pro,2,2025-08-06 07:54:00,Barcelona,1499,8,2998
10496,AirPods Pro,3,2025-01-01 17:16:00,Sevilla,249,1,747
10497,AirPods Pro,2,2025-09-09 22:58:00,Valencia,249,9,498
10498,iPhone 15,3,2025-09-28 15:15:00,Madrid,999,9,2997
10499,Monitor 4K,1,2025-08-31 22:42:00,Madrid,399,8,399
10500,iPhone 15,3,2025-08-21 21:54:00,Valencia,999,8,2997
10501,iPhone 15,1,2025-11-08 23:54:00,Madrid,999,11,999
10502,Google Pixel 8,2,2025-08-30 00:28:00,Madrid,699,8,1398
10503,Google Pixel 8,1,2025-03-27 12:18:00,Madrid,699,3,699
10504,MacBook Pro,3,2025-04-19 05:35:00,Sevilla,1499,4,4497
10505,AirPods Pro,3,2025-09-06 20:47:00,Madrid,249,9,747
10506,Teclado Mecánico,1,2025-02-09 09:21:00,Valencia,120,2,120
10507,iPhone 15,4,2025-03-13 22:14:00,Bilbao,999,3,3996
10508,Google Pixel 8,3,2025-08-22 04:27:00,Bilbao,699,8,2097
10509,Monitor 4K,1,2025-12-09 17:48:00,Bilbao,399,12,399
10510,Teclado Mecánico,2,2025-03-15 17:19:00,Valencia,120,3,240
10511,iPhone 15,2,2025-01-16 04:01:00,Bilbao,999,1,1998
10512,Cargador USB-C,1,2025-05-20 08:28:00,Sevilla,25,5,25
10513,Teclado Mecánico,2,2025-05-24 23:33:00,Valencia,120,5,240
10514,iPhone 15,1,2025-03-26 22:29:00,Barcelona,999,3,999
10515,Google Pixel 8,4,2025-06-01 07:15:00,Bilbao,699,6,2796
10516,Monitor 4K,3,2025-08-16 18:14:00,Valencia,399,8,1197
10517,Teclado Mecánico,4,2025-01-29 02:57:00,Barcelona,120,1,480
10518,Teclado Mecánico,4,2025-12-01 12:30:00,Barcelona,120,12,480
10519,Google Pixel 8,3,2025-02-08 04:32:00,Madrid,699,2,2097
10520,AirPods Pro,3,2025-01-03 09:40:00,Barcelona,249,1,747
10522,AirPods Pro,2,2025-01-31 09:48:00,Madrid,249,1,498
10523,AirPods Pro,4,2025-09-14 14:36:00,Valencia,249,9,996
10524,AirPods Pro,1,2025-11-19 01:39:00,Valencia,249,11,249
10525,Google Pixel 8,1,2025-08-22 06:55:00,Barcelona,699,8,699
10526,Google Pixel 8,4,2025-11-29 21:40:00,Bilbao,699,11,2796
10527,Monitor 4K,3,2025-12-10 07:28:00,Madrid,399,12,1197
10528,Cargador USB-C,2,2025-06-30 22:04:00,Sevilla,25,6,50
10529,iPhone 15,1,2025-02-10 01:03:00,Sevilla,999,2,999
10530,Cargador USB-C,3,2025-03-29 04:26:00,Valencia,25,3,75
10532,iPhone 15,3,2025-11-19 08:18:00,Bilbao,999,11,2997
10533,iPhone 15,1,2025-01-08 07:36:00,Barcelona,999,1,999
10534,iPhone 15,4,2025-12-06 09:33:00,Valencia,999,12,3996
10535,MacBook Pro,2,2025-10-16 04:21:00,Barcelona,1499,10,2998
10536,AirPods Pro,1,2025-03-01 00:33:00,Valencia,249,3,249
10537,Teclado Mecánico,1,2025-11-14 21:01:00,Bilbao,120,11,120
10538,Google Pixel 8,3,2025-05-10 03:12:00,Barcelona,699,5,2097
10539,iPhone 15,2,2025-10-01 12:09:00,Barcelona,999,10,1998
10540,MacBook Pro,1,2025-09-12 10:41:00,Sevilla,1499,9,1499
10541,Monitor 4K,2,2025-09-17 04:32:00,Madrid,399,9,798
10542,AirPods Pro,3,2025-08-17 05:52:00,Bilbao,249,8,747
10543,Cargador USB-C,2,2025-06-15 19:07:00,Valencia,25,6,50
10545,MacBook Pro,1,2025-03-22 21:07:00,Madrid,1499,3,1499
10546,Monitor 4K,4,2025-01-03 18:19:00,Bilbao,399,1,1596
10547,MacBook Pro,3,2025-11-01 18:49:00,Barcelona,1499,11,4497
10548,Monitor 4K,3,2025-05-11 03:29:00,Madrid,399,5,1197
10549,Cargador USB-C,2,2025-07-27 13:22:00,Valencia,25,7,50
10550,MacBook Pro,3,2025-06-16 00:57:00,Valencia,1499,6,4497
10551,iPhone 15,3,2025-07-28 13:08:00,Valencia,999,7,2997
10552,Monitor 4K,3,2025-12-15 22:38:00,Valencia,399,12,1197
10553,iPhone 15,3,2025-02-18 12:20:00,Valencia,999,2,2997
10554,Google Pixel 8,3,2025-11-03 18:12:00,Barcelona,699,11,2097
10555,Cargador USB-C,1,2025-03-23 12:45:00,Valencia,25,3,25
10556,Google Pixel 8,3,2025-01-08 01:04:00,Barcelona,699,1,2097
10557,Google Pixel 8,2,2025-06-17 05:10:00,Madrid,699,6,1398
10558,Google Pixel 8,4,2025-02-22 14:22:00,Valencia,699,2,2796
10559,Monitor 4K,4,2025-08-08 12:56:00,Barcelona,399,8,1596
10560,AirPods Pro,2,2025-07-16 10:09:00,Valencia,249,7,498
10561,Cargador USB-C,1,2025-11-06 10:18:00,Bilbao,25,11,25
10562,AirPods Pro,2,2025-07-23 23:25:00,Bilbao,249,7,498
10563,Cargador USB-C,3,2025-08-31 23:00:00,Valencia,25,8,75
10564,iPhone 15,2,2025-06-13 18:37:00,Madrid,999,6,1998
10567,Cargador USB-C,1,2025-04-16 12:54:00,Valencia,25,4,25
10569,Monitor 4K,3,2025-04-27 23:24:00,Valencia,399,4,1197
10571,MacBook Pro,4,2025-07-15 06:59:00,Sevilla,1499,7,5996
10572,MacBook Pro,3,2025-04-21 06:11:00,Sevilla,1499,4,4497
10573,Monitor 4K,2,2025-06-12 15:43:00,Valencia,399,6,798
10574,Teclado Mecánico,3,2025-03-09 08:35:00,Madrid,120,3,360
10575,Cargador USB-C,4,2025-08-27 21:54:00,Sevilla,25,8,100
10576,MacBook Pro,4,2025-07-28 14:46:00,Madrid,1499,7,5996
10577,Google Pixel 8,2,2025-06-08 03:40:00,Valencia,699,6,1398
10578,Cargador USB-C,3,2025-11-08 16:34:00,Barcelona,25,11,75
10579,Cargador USB-C,2,2025-08-30 10:14:00,Madrid,25,8,50
10580,iPhone 15,2,2025-05-12 17:56:00,Sevilla,999,5,1998
10581,Cargador USB-C,4,2025-12-09 14:40:00,Sevilla,25,12,100
10582,iPhone 15,1,2025-03-08 09:55:00,Valencia,999,3,999
10583,AirPods Pro,1,2025-05-21 02:31:00,Valencia,249,5,249
10584,iPhone 15,2,2025-07-22 12:02:00,Valencia,999,7,1998
10585,Google Pixel 8,2,2025-07-12 22:33:00,Barcelona,699,7,1398
10586,Cargador USB-C,1,2025-10-01 10:09:00,Valencia,25,10,25
10587,Cargador USB-C,4,2025-08-13 00:10:00,Valencia,25,8,100
10588,iPhone 15,2,2025-04-08 20:28:00,Valencia,999,4,1998
10589,Google Pixel 8,2,2025-06-09 14:16:00,Barcelona,699,6,1398
10590,Cargador USB-C,4,2025-04-18 20:28:00,Valencia,25,4,100
10592,iPhone 15,3,2025-11-24 14:27:00,Bilbao,999,11,2997
10593,MacBook Pro,2,2025-11-25 02:05:00,Madrid,1499,11,2998
10594,MacBook Pro,2,2025-06-08 21:32:00,Bilbao,1499,6,2998
10595,Teclado Mecánico,1,2025-03-14 08:14:00,Sevilla,120,3,120
10596,Google Pixel 8,2,2025-04-02 11:16:00,Bilbao,699,4,1398
10597,Google Pixel 8,2,2025-12-13 18:01:00,Bilbao,699,12,1398
10598,AirPods Pro,2,2025-10-03 10:16:00,Madrid,249,10,498
10599,Google Pixel 8,4,2025-03-09 12:55:00,Sevilla,699,3,2796
10600,Monitor 4K,3,2025-09-22 00:48:00,Madrid,399,9,1197
10601,MacBook Pro,2,2025-08-05 06:58:00,Bilbao,1499,8,2998
10602,Google Pixel 8,4,2025-05-10 17:06:00,Barcelona,699,5,2796
10603,Google Pixel 8,2,2025-09-26 09:35:00,Bilbao,699,9,1398
10604,Teclado Mecánico,3,2025-04-11 14:54:00,Sevilla,120,4,360
10605,iPhone 15,2,2025-10-12 17:27:00,Sevilla,999,10,1998
10606,MacBook Pro,1,2025-02-18 21:50:00,Valencia,1499,2,1499
10607,AirPods Pro,3,2025-02-23 16:19:00,Barcelona,249,2,747
10608,Cargador USB-C,1,2025-05-13 18:01:00,Sevilla,25,5,25
10609,AirPods Pro,3,2025-08-10 13:42:00,Valencia,249,8,747
10611,Monitor 4K,4,2025-07-17 14:14:00,Barcelona,399,7,1596
10612,MacBook Pro,1,2025-03-14 17:57:00,Barcelona,1499,3,1499
10613,Teclado Mecánico,3,2025-09-15 22:21:00,Bilbao,120,9,360
10614,iPhone 15,4,2025-11-10 21:59:00,Barcelona,999,11,3996
10615,MacBook Pro,1,2025-05-21 21:53:00,Sevilla,1499,5,1499
10616,AirPods Pro,3,2025-06-10 03:09:00,Barcelona,249,6,747
10617,AirPods Pro,2,2025-05-12 03:37:00,Madrid,249,5,498
10618,AirPods Pro,1,2025-05-18 18:39:00,Sevilla,249,5,249
10619,iPhone 15,3,2025-07-06 19:07:00,Sevilla,999,7,2997
10620,MacBook Pro,1,2025-09-06 19:01:00,Valencia,1499,9,1499
10621,Teclado Mecánico,3,2025-04-09 23:39:00,Barcelona,120,4,360
10622,AirPods Pro,2,2025-04-10 05:54:00,Madrid,249,4,498
10623,Monitor 4K,1,2025-12-05 08:42:00,Barcelona,399,12,399
10624,MacBook Pro,3,2025-02-23 04:40:00,Sevilla,1499,2,4497
10625,Monitor 4K,4,2025-01-10 16:11:00,Barcelona,399,1,1596
10626,AirPods Pro,3,2025-08-11 19:58:00,Bilbao,249,8,747
10627,Monitor 4K,4,2025-06-29 14:52:00,Bilbao,399,6,1596
10629,AirPods Pro,4,2025-01-20 17:21:00,Barcelona,249,1,996
10630,Monitor 4K,4,2025-05-28 05:16:00,Madrid,399,5,1596
10631,Teclado Mecánico,3,2025-06-17 01:36:00,Madrid,120,6,360
10632,Monitor 4K,2,2025-12-18 23:28:00,Barcelona,399,12,798
10633,Google Pixel 8,4,2025-10-07 23:17:00,Barcelona,699,10,2796
10634,Cargador USB-C,3,2025-09-23 20:14:00,Valencia,25,9,75
10636,MacBook Pro,1,2025-12-09 13:21:00,Valencia,1499,12,1499
10637,Cargador USB-C,2,2025-08-22 23:17:00,Bilbao,25,8,50
10638,AirPods Pro,1,2025-10-05 15:13:00,Bilbao,249,10,249
10639,Cargador USB-C,1,2025-12-12 16:09:00,Barcelona,25,12,25
10640,Cargador USB-C,2,2025-01-31 09:31:00,Valencia,25,1,50
10641,Cargador USB-C,1,2025-07-22 00:43:00,Valencia,25,7,25
10642,Cargador USB-C,4,2025-05-19 08:54:00,Sevilla,25,5,100
10643,Teclado Mecánico,3,2025-01-23 07:04:00,Valencia,120,1,360
10644,Cargador USB-C,1,2025-12-12 14:50:00,Bilbao,25,12,25
10645,Teclado Mecánico,3,2025-11-06 05:01:00,Valencia,120,11,360
10646,iPhone 15,4,2025-08-09 08:38:00,Valencia,999,8,3996
10647,AirPods Pro,2,2025-05-27 04:50:00,Valencia,249,5,498
10648,Teclado Mecánico,4,2025-05-18 12:15:00,Valencia,120,5,480
10649,Google Pixel 8,3,2025-07-25 13:47:00,Bilbao,699,7,2097
10650,Cargador USB-C,2,2025-01-09 03:25:00,Barcelona,25,1,50
10651,Teclado Mecánico,1,2025-03-14 09:29:00,Bilbao,120,3,120
10652,AirPods Pro,4,2025-12-26 14:36:00,Sevilla,249,12,996
10653,MacBook Pro,2,2025-04-23 00:41:00,Madrid,1499,4,2998
10654,AirPods Pro,4,2025-11-17 07:07:00,Bilbao,249,11,996
10655,Teclado Mecánico,1,2025-03-18 03:34:00,Bilbao,120,3,120
10656,Google Pixel 8,4,2025-05-10 21:33:00,Valencia,699,5,2796
10657,Teclado Mecánico,3,2025-11-28 21:40:00,Madrid,120,11,360
10658,AirPods Pro,3,2025-09-18 16:54:00,Sevilla,249,9,747
10659,Google Pixel 8,4,2025-08-03 01:39:00,Sevilla,699,8,2796
10660,iPhone 15,3,2025-04-02 15:58:00,Sevilla,999,4,2997
10661,MacBook Pro,4,2025-03-16 23:26:00,Sevilla,1499,3,5996
10662,iPhone 15,4,2025-08-23 00:57:00,Barcelona,999,8,3996
10663,Cargador USB-C,4,2025-10-18 05:12:00,Bilbao,25,10,100
10664,AirPods Pro,1,2025-02-01 12:55:00,Madrid,249,2,249
10665,Monitor 4K,1,2025-10-17 17:40:00,Madrid,399,10,399
10666,Cargador USB-C,1,2025-12-28 21:57:00,Madrid,25,12,25
10667,Monitor 4K,1,2025-08-01 21:23:00,Madrid,399,8,399
10668,iPhone 15,3,2025-06-22 08:22:00,Barcelona,999,6,2997
10669,AirPods Pro,4,2025-05-20 02:04:00,Barcelona,249,5,996
10670,AirPods Pro,4,2025-11-29 11:41:00,Valencia,249,11,996
10671,Monitor 4K,2,2025-10-20 12:26:00,Madrid,399,10,798
10672,MacBook Pro,4,2025-05-26 13:39:00,Bilbao,1499,5,5996
10673,AirPods Pro,1,2025-05-27 04:12:00,Barcelona,249,5,249
10674,MacBook Pro,1,2025-12-03 23:30:00,Valencia,1499,12,1499
10675,Google Pixel 8,1,2025-06-10 22:24:00,Sevilla,699,6,699
10676,iPhone 15,1,2025-07-12 16:09:00,Barcelona,999,7,999
10677,MacBook Pro,1,2025-01-19 08:42:00,Bilbao,1499,1,1499
10678,Teclado Mecánico,1,2025-01-12 12:11:00,Barcelona,120,1,120
10679,iPhone 15,4,2025-02-18 05:21:00,Barcelona,999,2,3996
10680,Monitor 4K,3,2025-03-08 13:39:00,Sevilla,399,3,1197
10681,MacBook Pro,3,2025-10-05 16:35:00,Sevilla,1499,10,4497
10682,AirPods Pro,3,2025-09-03 00:33:00,Valencia,249,9,747
10683,iPhone 15,2,2025-05-10 16:17:00,Madrid,999,5,1998
10684,Google Pixel 8,4,2025-05-23 01:52:00,Barcelona,699,5,2796
10685,iPhone 15,4,2025-10-05 14:42:00,Bilbao,999,10,3996
10686,Monitor 4K,4,2025-10-10 02:00:00,Sevilla,399,10,1596
10687,AirPods Pro,3,2025-02-05 15:50:00,Madrid,249,2,747
10688,MacBook Pro,2,2025-02-02 20:05:00,Valencia,1499,2,2998
10689,iPhone 15,3,2025-12-29 23:10:00,Madrid,999,12,2997
10690,Monitor 4K,1,2025-04-06 16:12:00,Bilbao,399,4,399
10691,Cargador USB-C,4,2025-08-26 09:04:00,Valencia,25,8,100
10692,AirPods Pro,3,2025-03-13 13:13:00,Valencia,249,3,747
10693,MacBook Pro,2,2025-04-05 22:49:00,Barcelona,1499,4,2998
10694,MacBook Pro,1,2025-12-16 11:22:00,Bilbao,1499,12,1499
10695,MacBook Pro,2,2025-04-19 02:10:00,Valencia,1499,4,2998
10696,iPhone 15,3,2025-09-02 22:30:00,Valencia,999,9,2997
10697,Monitor 4K,2,2025-05-21 23:30:00,Bilbao,399,5,798
10698,Google Pixel 8,4,2025-02-28 05:02:00,Valencia,699,2,2796
10699,Monitor 4K,1,2025-04-11 03:30:00,Bilbao,399,4,399
10700,iPhone 15,4,2025-03-20 11:23:00,Sevilla,999,3,3996
10701,AirPods Pro,4,2025-12-28 16:59:00,Valencia,249,12,996
10702,Google Pixel 8,3,2025-12-16 22:56:00,Barcelona,699,12,2097
10704,MacBook Pro,2,2025-05-19 08:29:00,Sevilla,1499,5,2998
10705,AirPods Pro,4,2025-10-12 18:47:00,Sevilla,249,10,996
10706,Google Pixel 8,2,2025-05-22 17:18:00,Madrid,699,5,1398
10707,AirPods Pro,1,2025-10-03 11:21:00,Sevilla,249,10,249
10708,Google Pixel 8,2,2025-05-09 09:30:00,Sevilla,699,5,1398
10709,AirPods Pro,3,2025-10-28 00:22:00,Valencia,249,10,747
10710,Google Pixel 8,3,2025-06-08 05:48:00,Bilbao,699,6,2097
10711,Monitor 4K,4,2025-07-30 23:50:00,Madrid,399,7,1596
10712,AirPods Pro,3,2025-09-30 01:50:00,Valencia,249,9,747
10713,iPhone 15,3,2025-03-09 14:10:00,Barcelona,999,3,2997
10714,iPhone 15,1,2025-12-13 16:38:00,Bilbao,999,12,999
10715,iPhone 15,2,2025-12-21 00:10:00,Valencia,999,12,1998
10716,Cargador USB-C,1,2025-10-09 11:48:00,Valencia,25,10,25
10717,Google Pixel 8,4,2025-01-17 20:14:00,Sevilla,699,1,2796
10718,Monitor 4K,2,2025-11-24 15:01:00,Sevilla,399,11,798
10719,Google Pixel 8,3,2025-03-06 01:34:00,Madrid,699,3,2097
10720,iPhone 15,3,2025-07-16 14:40:00,Sevilla,999,7,2997
10721,AirPods Pro,3,2025-08-12 19:46:00,Sevilla,249,8,747
10722,AirPods Pro,1,2025-01-24 15:08:00,Bilbao,249,1,249
10723,iPhone 15,4,2025-11-05 09:08:00,Bilbao,999,11,3996
10724,Google Pixel 8,4,2025-08-05 16:26:00,Madrid,699,8,2796
10725,iPhone 15,3,2025-02-22 22:20:00,Madrid,999,2,2997
10726,Google Pixel 8,1,2025-08-21 16:27:00,Madrid,699,8,699
10727,Google Pixel 8,4,2025-01-07 19:26:00,Sevilla,699,1,2796
10728,Monitor 4K,1,2025-03-09 12:23:00,Bilbao,399,3,399
10729,MacBook Pro,2,2025-04-24 02:43:00,Valencia,1499,4,2998
10730,AirPods Pro,4,2025-07-23 10:13:00,Madrid,249,7,996
10731,Cargador USB-C,3,2025-11-20 11:32:00,Bilbao,25,11,75
10732,Monitor 4K,3,2025-07-23 10:08:00,Bilbao,399,7,1197
10733,AirPods Pro,3,2025-04-12 16:15:00,Bilbao,249,4,747
10734,Cargador USB-C,4,2025-09-08 14:12:00,Madrid,25,9,100
10735,Teclado Mecánico,1,2025-01-14 16:17:00,Sevilla,120,1,120
10736,iPhone 15,4,2025-05-03 18:09:00,Valencia,999,5,3996
10737,Google Pixel 8,1,2025-07-16 07:24:00,Valencia,699,7,699
10738,AirPods Pro,3,2025-05-04 03:13:00,Sevilla,249,5,747
10739,Teclado Mecánico,3,2025-02-13 07:28:00,Valencia,120,2,360
10740,Monitor 4K,4,2025-06-30 22:54:00,Sevilla,399,6,1596
10741,iPhone 15,2,2025-02-15 23:02:00,Valencia,999,2,1998
10742,Monitor 4K,1,2025-07-05 20:21:00,Barcelona,399,7,399
10743,iPhone 15,2,2025-02-13 22:03:00,Bilbao,999,2,1998
10744,MacBook Pro,2,2025-06-10 08:29:00,Sevilla,1499,6,2998
10745,Teclado Mecánico,3,2025-07-28 19:27:00,Madrid,120,7,360
10746,MacBook Pro,4,2025-06-15 14:54:00,Bilbao,1499,6,5996
10747,AirPods Pro,4,2025-11-08 21:57:00,Barcelona,249,11,996
10748,Cargador USB-C,1,2025-05-08 14:24:00,Valencia,25,5,25
10749,MacBook Pro,1,2025-02-19 18:11:00,Bilbao,1499,2,1499
10750,AirPods Pro,4,2025-01-29 22:40:00,Valencia,249,1,996
10752,Cargador USB-C,2,2025-02-02 06:38:00,Sevilla,25,2,50
10753,Cargador USB-C,1,2025-04-01 16:49:00,Bilbao,25,4,25
10754,Teclado Mecánico,1,2025-03-22 23:35:00,Barcelona,120,3,120
10755,AirPods Pro,1,2025-04-24 03:54:00,Madrid,249,4,249
10756,Monitor 4K,3,2025-03-14 04:32:00,Madrid,399,3,1197
10757,Google Pixel 8,2,2025-01-26 18:05:00,Valencia,699,1,1398
10758,Cargador USB-C,2,2025-10-13 02:10:00,Valencia,25,10,50
10759,AirPods Pro,3,2025-01-14 05:36:00,Sevilla,249,1,747
10760,Teclado Mecánico,1,2025-04-06 07:32:00,Sevilla,120,4,120
10761,iPhone 15,2,2025-11-20 15:04:00,Bilbao,999,11,1998
10762,Cargador USB-C,3,2025-09-12 10:24:00,Sevilla,25,9,75
10763,Teclado Mecánico,3,2025-06-15 10:36:00,Valencia,120,6,360
10764,AirPods Pro,4,2025-09-22 13:49:00,Madrid,249,9,996
10766,AirPods Pro,2,2025-10-12 21:47:00,Sevilla,249,10,498
10767,Cargador USB-C,2,2025-11-10 07:43:00,Madrid,25,11,50
10768,iPhone 15,2,2025-12-18 18:47:00,Sevilla,999,12,1998
10769,iPhone 15,4,2025-01-13 21:29:00,Barcelona,999,1,3996
10770,Google Pixel 8,4,2025-03-06 11:52:00,Barcelona,699,3,2796
10771,Teclado Mecánico,4,2025-09-05 06:02:00,Bilbao,120,9,480
10773,MacBook Pro,4,2025-07-23 02:16:00,Valencia,1499,7,5996
10774,Cargador USB-C,4,2025-05-15 10:29:00,Bilbao,25,5,100
10775,iPhone 15,3,2025-02-10 14:10:00,Bilbao,999,2,2997
10776,AirPods Pro,4,2025-07-20 10:15:00,Sevilla,249,7,996
10777,Google Pixel 8,4,2025-07-28 13:37:00,Madrid,699,7,2796
10778,MacBook Pro,1,2025-06-09 18:02:00,Valencia,1499,6,1499
10779,MacBook Pro,4,2025-02-08 05:06:00,Sevilla,1499,2,5996
10780,Teclado Mecánico,2,2025-05-24 01:30:00,Madrid,120,5,240
10781,iPhone 15,1,2025-02-23 18:46:00,Madrid,999,2,999
10782,MacBook Pro,2,2025-10-18 17:31:00,Sevilla,1499,10,2998
10783,iPhone 15,1,2025-11-08 17:09:00,Bilbao,999,11,999
10784,Google Pixel 8,1,2025-08-05 07:31:00,Barcelona,699,8,699
10785,Cargador USB-C,1,2025-01-17 16:49:00,Barcelona,25,1,25
10786,Cargador USB-C,2,2025-02-05 01:27:00,Valencia,25,2,50
10787,Cargador USB-C,2,2025-12-25 20:20:00,Barcelona,25,12,50
10788,Cargador USB-C,1,2025-11-27 14:23:00,Barcelona,25,11,25
10789,Monitor 4K,3,2025-08-31 09:00:00,Valencia,399,8,1197
10790,AirPods Pro,1,2025-01-03 18:32:00,Bilbao,249,1,249
10791,MacBook Pro,2,2025-05-15 16:43:00,Bilbao,1499,5,2998
10792,Teclado Mecánico,4,2025-04-04 20:22:00,Madrid,120,4,480
10793,Teclado Mecánico,3,2025-11-02 20:44:00,Madrid,120,11,360
10794,MacBook Pro,1,2025-12-17 11:20:00,Valencia,1499,12,1499
10795,AirPods Pro,3,2025-12-05 07:15:00,Bilbao,249,12,747
10796,AirPods Pro,3,2025-02-08 06:42:00,Barcelona,249,2,747
10797,AirPods Pro,1,2025-01-16 09:42:00,Barcelona,249,1,249
10798,Teclado Mecánico,2,2025-04-23 02:19:00,Barcelona,120,4,240
10799,Cargador USB-C,4,2025-10-02 17:34:00,Valencia,25,10,100
10800,Teclado Mecánico,2,2025-11-07 11:10:00,Sevilla,120,11,240
10801,iPhone 15,2,2025-12-28 07:29:00,Sevilla,999,12,1998
10802,Monitor 4K,2,2025-06-12 12:53:00,Barcelona,399,6,798
10803,Cargador USB-C,1,2025-04-04 04:49:00,Barcelona,25,4,25
10804,MacBook Pro,1,2025-01-27 08:55:00,Barcelona,1499,1,1499
10805,iPhone 15,1,2025-08-17 12:07:00,Madrid,999,8,999
10806,MacBook Pro,4,2025-07-29 08:42:00,Sevilla,1499,7,5996
10807,Google Pixel 8,2,2025-12-07 12:45:00,Madrid,699,12,1398
10808,MacBook Pro,3,2025-07-07 04:50:00,Madrid,1499,7,4497
10809,iPhone 15,2,2025-01-23 20:26:00,Bilbao,999,1,1998
10810,Teclado Mecánico,1,2025-01-09 05:24:00,Barcelona,120,1,120
10811,Google Pixel 8,1,2025-04-02 11:22:00,Valencia,699,4,699
10812,Cargador USB-C,4,2025-08-01 11:45:00,Bilbao,25,8,100
10813,Google Pixel 8,1,2025-01-04 07:05:00,Sevilla,699,1,699
10814,AirPods Pro,2,2025-02-11 13:42:00,Madrid,249,2,498
10815,MacBook Pro,3,2025-02-15 15:10:00,Bilbao,1499,2,4497
10816,iPhone 15,2,2025-07-23 23:29:00,Barcelona,999,7,1998
10817,Teclado Mecánico,3,2025-06-03 18:31:00,Bilbao,120,6,360
10818,iPhone 15,1,2025-06-16 11:20:00,Valencia,999,6,999
10819,Cargador USB-C,4,2025-07-22 11:25:00,Madrid,25,7,100
10820,Teclado Mecánico,3,2025-01-25 20:03:00,Barcelona,120,1,360
10821,AirPods Pro,1,2025-12-14 21:43:00,Sevilla,249,12,249
10822,iPhone 15,3,2025-03-26 15:58:00,Sevilla,999,3,2997
10823,MacBook Pro,1,2025-12-09 13:43:00,Valencia,1499,12,1499
10824,Teclado Mecánico,3,2025-10-08 11:48:00,Barcelona,120,10,360
10825,Google Pixel 8,1,2025-11-10 07:13:00,Barcelona,699,11,699
10826,iPhone 15,1,2025-11-16 07:36:00,Valencia,999,11,999
10827,iPhone 15,3,2025-04-07 23:26:00,Valencia,999,4,2997
10829,AirPods Pro,1,2025-07-11 09:19:00,Sevilla,249,7,249
10830,AirPods Pro,1,2025-02-26 03:21:00,Sevilla,249,2,249
10831,MacBook Pro,2,2025-09-21 03:15:00,Bilbao,1499,9,2998
10832,Google Pixel 8,4,2025-10-09 01:07:00,Madrid,699,10,2796
10833,AirPods Pro,2,2025-10-23 16:55:00,Bilbao,249,10,498
10834,iPhone 15,3,2025-11-18 08:43:00,Valencia,999,11,2997
10835,MacBook Pro,1,2025-05-06 07:26:00,Barcelona,1499,5,1499
10836,Teclado Mecánico,4,2025-06-17 13:45:00,Valencia,120,6,480
10837,Teclado Mecánico,3,2025-12-20 08:28:00,Sevilla,120,12,360
10838,Google Pixel 8,1,2025-08-14 11:09:00,Valencia,699,8,699
10839,AirPods Pro,3,2025-08-15 23:25:00,Madrid,249,8,747
10840,iPhone 15,3,2025-12-26 23:31:00,Barcelona,999,12,2997
10841,AirPods Pro,3,2025-12-07 10:56:00,Barcelona,249,12,747
10842,Cargador USB-C,3,2025-12-11 16:58:00,Valencia,25,12,75
10843,Monitor 4K,4,2025-01-20 12:50:00,Barcelona,399,1,1596
10844,AirPods Pro,3,2025-04-15 13:55:00,Bilbao,249,4,747
10845,Teclado Mecánico,1,2025-10-18 04:11:00,Valencia,120,10,120
10847,Teclado Mecánico,4,2025-06-01 16:31:00,Valencia,120,6,480
10848,Monitor 4K,1,2025-04-09 06:46:00,Barcelona,399,4,399
10849,Cargador USB-C,2,2025-07-14 03:50:00,Bilbao,25,7,50
10850,Cargador USB-C,2,2025-11-07 17:45:00,Sevilla,25,11,50
10852,Monitor 4K,3,2025-08-04 22:30:00,Valencia,399,8,1197
10853,Teclado Mecánico,1,2025-01-04 03:22:00,Sevilla,120,1,120
10854,Monitor 4K,3,2025-05-17 08:39:00,Bilbao,399,5,1197
10855,iPhone 15,4,2025-06-20 00:16:00,Sevilla,999,6,3996
10856,iPhone 15,1,2025-03-20 08:21:00,Madrid,999,3,999
10857,Google Pixel 8,2,2025-09-06 20:04:00,Sevilla,699,9,1398
10858,AirPods Pro,1,2025-06-13 11:38:00,Madrid,249,6,249
10859,Teclado Mecánico,3,2025-11-15 23:24:00,Barcelona,120,11,360
10860,MacBook Pro,3,2025-05-07 03:14:00,Sevilla,1499,5,4497
10861,MacBook Pro,3,2025-08-05 01:51:00,Madrid,1499,8,4497
10862,Teclado Mecánico,1,2025-01-14 16:41:00,Valencia,120,1,120
10863,Cargador USB-C,2,2025-09-07 17:56:00,Sevilla,25,9,50
10864,Monitor 4K,3,2025-04-13 22:49:00,Bilbao,399,4,1197
10865,AirPods Pro,4,2025-08-23 02:05:00,Barcelona,249,8,996
10866,iPhone 15,4,2025-08-03 17:27:00,Barcelona,999,8,3996
10868,MacBook Pro,1,2025-10-19 11:45:00,Sevilla,1499,10,1499
10869,Google Pixel 8,3,2025-02-12 03:10:00,Barcelona,699,2,2097
10870,MacBook Pro,2,2025-04-29 07:49:00,Sevilla,1499,4,2998
10871,Cargador USB-C,1,2025-12-12 13:01:00,Barcelona,25,12,25
10872,iPhone 15,1,2025-07-26 09:37:00,Sevilla,999,7,999
10873,Monitor 4K,2,2025-05-07 08:40:00,Barcelona,399,5,798
10874,Teclado Mecánico,2,2025-07-07 17:27:00,Madrid,120,7,240
10875,Google Pixel 8,4,2025-10-21 10:13:00,Bilbao,699,10,2796
10876,Teclado Mecánico,1,2025-04-26 15:24:00,Bilbao,120,4,120
10877,AirPods Pro,3,2025-10-17 00:21:00,Bilbao,249,10,747
10878,MacBook Pro,3,2025-05-09 02:22:00,Madrid,1499,5,4497
10879,Cargador USB-C,1,2025-07-05 23:07:00,Barcelona,25,7,25
10880,Teclado Mecánico,1,2025-07-10 04:30:00,Bilbao,120,7,120
10881,Google Pixel 8,2,2025-10-10 09:12:00,Sevilla,699,10,1398
10882,iPhone 15,4,2025-12-19 18:15:00,Bilbao,999,12,3996
10883,iPhone 15,3,2025-03-26 15:19:00,Bilbao,999,3,2997
10884,Google Pixel 8,1,2025-02-08 12:47:00,Valencia,699,2,699
10885,Cargador USB-C,3,2025-04-05 10:33:00,Barcelona,25,4,75
10886,Cargador USB-C,1,2025-03-08 18:49:00,Sevilla,25,3,25
10887,MacBook Pro,4,2025-12-15 01:14:00,Sevilla,1499,12,5996
10888,Teclado Mecánico,2,2025-10-01 01:55:00,Barcelona,120,10,240
10889,Teclado Mecánico,1,2025-05-29 13:32:00,Valencia,120,5,120
10890,Google Pixel 8,3,2025-01-19 13:42:00,Madrid,699,1,2097
10891,Cargador USB-C,3,2025-09-03 05:36:00,Valencia,25,9,75
10892,AirPods Pro,2,2025-11-10 09:12:00,Madrid,249,11,498
10893,Cargador USB-C,2,2025-05-09 21:27:00,Sevilla,25,5,50
10895,Monitor 4K,3,2025-02-27 06:15:00,Bilbao,399,2,1197
10896,AirPods Pro,2,2025-09-12 04:35:00,Valencia,249,9,498
10897,Monitor 4K,4,2025-08-04 14:32:00,Bilbao,399,8,1596
10898,Teclado Mecánico,4,2025-09-09 06:51:00,Valencia,120,9,480
10899,Monitor 4K,1,2025-09-04 13:21:00,Barcelona,399,9,399
10900,Monitor 4K,2,2025-03-01 03:21:00,Bilbao,399,3,798
10901,MacBook Pro,4,2025-07-01 23:34:00,Barcelona,1499,7,5996
10902,MacBook Pro,1,2025-04-14 13:06:00,Madrid,1499,4,1499
10903,Teclado Mecánico,3,2025-05-21 01:58:00,Barcelona,120,5,360
10904,Monitor 4K,3,2025-09-22 20:37:00,Madrid,399,9,1197
10905,Teclado Mecánico,1,2025-04-14 21:38:00,Bilbao,120,4,120
10906,AirPods Pro,4,2025-05-04 17:02:00,Valencia,249,5,996
10907,Google Pixel 8,2,2025-10-25 12:24:00,Madrid,699,10,1398
10908,AirPods Pro,3,2025-01-14 07:26:00,Barcelona,249,1,747
10909,AirPods Pro,2,2025-11-11 15:32:00,Barcelona,249,11,498
10910,Teclado Mecánico,3,2025-01-20 12:25:00,Madrid,120,1,360
10911,Google Pixel 8,4,2025-12-29 13:28:00,Bilbao,699,12,2796
10912,Google Pixel 8,2,2025-01-30 17:03:00,Sevilla,699,1,1398
10913,iPhone 15,4,2025-10-31 16:06:00,Valencia,999,10,3996
10914,MacBook Pro,2,2025-06-22 13:25:00,Sevilla,1499,6,2998
10915,Google Pixel 8,2,2025-06-01 18:18:00,Bilbao,699,6,1398
10916,Cargador USB-C,2,2025-05-11 04:46:00,Bilbao,25,5,50
10917,Google Pixel 8,1,2025-02-10 11:35:00,Barcelona,699,2,699
10919,iPhone 15,4,2025-06-03 01:16:00,Bilbao,999,6,3996
10920,Google Pixel 8,2,2025-11-03 10:32:00,Valencia,699,11,1398
10921,Google Pixel 8,4,2025-11-11 14:27:00,Barcelona,699,11,2796
10922,Google Pixel 8,4,2025-11-09 06:32:00,Bilbao,699,11,2796
10923,Teclado Mecánico,2,2025-06-28 17:58:00,Valencia,120,6,240
10924,MacBook Pro,3,2025-03-04 18:03:00,Sevilla,1499,3,4497
10925,Teclado Mecánico,3,2025-07-18 13:23:00,Bilbao,120,7,360
10926,Monitor 4K,2,2025-02-21 08:21:00,Valencia,399,2,798
10927,iPhone 15,2,2025-05-18 00:49:00,Bilbao,999,5,1998
10928,iPhone 15,1,2025-01-23 23:26:00,Valencia,999,1,999
10930,iPhone 15,2,2025-05-09 04:52:00,Barcelona,999,5,1998
10931,MacBook Pro,4,2025-08-26 01:16:00,Sevilla,1499,8,5996
10932,Monitor 4K,2,2025-03-26 14:51:00,Madrid,399,3,798
10933,Google Pixel 8,2,2025-09-08 15:49:00,Sevilla,699,9,1398
10934,Monitor 4K,2,2025-07-14 19:49:00,Madrid,399,7,798
10935,MacBook Pro,3,2025-02-02 09:36:00,Sevilla,1499,2,4497
10936,Teclado Mecánico,4,2025-08-22 14:38:00,Sevilla,120,8,480
10937,Teclado Mecánico,4,2025-06-14 03:06:00,Sevilla,120,6,480
10938,AirPods Pro,2,2025-10-13 15:33:00,Valencia,249,10,498
10939,Teclado Mecánico,3,2025-05-28 01:37:00,Bilbao,120,5,360
10940,Teclado Mecánico,3,2025-01-06 14:24:00,Valencia,120,1,360
10941,Monitor 4K,3,2025-03-08 06:22:00,Bilbao,399,3,1197
10942,Teclado Mecánico,4,2025-02-01 23:39:00,Madrid,120,2,480
10943,Monitor 4K,3,2025-11-03 04:31:00,Barcelona,399,11,1197
10944,Google Pixel 8,4,2025-09-13 15:30:00,Valencia,699,9,2796
10945,Monitor 4K,1,2025-01-23 10:47:00,Bilbao,399,1,399
10946,Teclado Mecánico,1,2025-04-08 11:07:00,Madrid,120,4,120
10947,Cargador USB-C,4,2025-04-02 09:04:00,Madrid,25,4,100
10948,Monitor 4K,4,2025-06-08 23:42:00,Valencia,399,6,1596
10949,Google Pixel 8,1,2025-11-10 17:31:00,Barcelona,699,11,699
10950,iPhone 15,1,2025-04-24 12:38:00,Bilbao,999,4,999
10951,Google Pixel 8,2,2025-03-26 23:51:00,Bilbao,699,3,1398
10952,MacBook Pro,3,2025-09-23 02:03:00,Barcelona,1499,9,4497
10953,Google Pixel 8,2,2025-12-01 05:32:00,Barcelona,699,12,1398
10954,iPhone 15,2,2025-04-12 19:25:00,Bilbao,999,4,1998
10955,MacBook Pro,4,2025-05-22 00:50:00,Barcelona,1499,5,5996
10956,MacBook Pro,2,2025-10-10 05:14:00,Valencia,1499,10,2998
10957,MacBook Pro,1,2025-01-03 09:41:00,Valencia,1499,1,1499
10958,iPhone 15,2,2025-07-14 06:05:00,Madrid,999,7,1998
10959,Google Pixel 8,4,2025-08-12 01:07:00,Madrid,699,8,2796
10960,AirPods Pro,4,2025-02-21 04:54:00,Barcelona,249,2,996
10961,Monitor 4K,1,2025-05-05 15:11:00,Madrid,399,5,399
10962,Cargador USB-C,1,2025-10-24 05:28:00,Valencia,25,10,25
10963,Teclado Mecánico,4,2025-03-23 19:14:00,Barcelona,120,3,480
10964,Cargador USB-C,2,2025-07-16 05:19:00,Madrid,25,7,50
10965,AirPods Pro,1,2025-02-25 19:28:00,Barcelona,249,2,249
10966,MacBook Pro,2,2025-03-19 18:56:00,Sevilla,1499,3,2998
10967,Cargador USB-C,4,2025-09-08 04:15:00,Bilbao,25,9,100
10969,Cargador USB-C,4,2025-11-16 16:56:00,Barcelona,25,11,100
10970,MacBook Pro,1,2025-03-22 03:56:00,Sevilla,1499,3,1499
10971,Google Pixel 8,4,2025-07-23 22:23:00,Madrid,699,7,2796
10972,Google Pixel 8,3,2025-05-03 07:50:00,Barcelona,699,5,2097
10973,Google Pixel 8,1,2025-05-17 14:59:00,Bilbao,699,5,699
10974,MacBook Pro,1,2025-07-22 08:06:00,Bilbao,1499,7,1499
10975,AirPods Pro,2,2025-01-02 13:00:00,Valencia,249,1,498
10976,Google Pixel 8,2,2025-06-01 04:39:00,Valencia,699,6,1398
10977,Monitor 4K,2,2025-08-15 07:18:00,Bilbao,399,8,798
10978,AirPods Pro,2,2025-01-02 23:02:00,Sevilla,249,1,498
10979,Teclado Mecánico,4,2025-06-22 04:21:00,Bilbao,120,6,480
10980,Teclado Mecánico,2,2025-03-22 02:47:00,Sevilla,120,3,240
10981,Monitor 4K,1,2025-11-13 20:13:00,Barcelona,399,11,399
10982,Google Pixel 8,3,2025-01-30 20:31:00,Madrid,699,1,2097
10983,Teclado Mecánico,1,2025-11-29 17:45:00,Sevilla,120,11,120
10984,iPhone 15,1,2025-03-19 03:29:00,Bilbao,999,3,999
10985,iPhone 15,2,2025-03-08 10:59:00,Valencia,999,3,1998
10986,Cargador USB-C,3,2025-09-25 05:52:00,Sevilla,25,9,75
10988,Google Pixel 8,3,2025-07-11 22:24:00,Bilbao,699,7,2097
10989,iPhone 15,1,2025-02-01 05:25:00,Madrid,999,2,999
10990,Monitor 4K,2,2025-12-04 21:35:00,Bilbao,399,12,798
10991,Cargador USB-C,2,2025-03-02 12:20:00,Bilbao,25,3,50
10992,AirPods Pro,4,2025-12-24 19:04:00,Sevilla,249,12,996
10993,Teclado Mecánico,2,2025-09-02 04:54:00,Valencia,120,9,240
10994,iPhone 15,3,2025-11-08 14:30:00,Valencia,999,11,2997
10995,iPhone 15,4,2025-08-28 03:59:00,Sevilla,999,8,3996
10996,Teclado Mecánico,4,2025-05-24 06:07:00,Valencia,120,5,480
10997,iPhone 15,3,2025-06-01 21:04:00,Sevilla,999,6,2997
10998,Teclado Mecánico,1,2025-05-24 19:51:00,Madrid,120,5,120
10999,AirPods Pro,3,2025-07-05 06:41:00,Valencia,249,7,747
